Activiteittype,Datum,Favoriet,Titel,Afstand,Calorieën,Tijd,Gem. HS,Max. HS,Gem. loopcadans,Max. loopcadans,Gemiddeld tempo,Beste tempo,Totale stijging,Totale daling,Gem. staplengte,Gemiddelde verticale ratio,Gem. verticale oscillatie,Gem. grondcontacttijd,Training Stress Score®,Gem. vermogen,Max. vermogen,Grit,Flow,Gemiddelde Swolf,Gem. slagsnelheid,Totaal herhalingen,Duiktijd,Min. temp.,Oppervlakte-interval,Decompressie,Beste rondetijd,Aantal ronden,Max. temp.,Tijd bewogen,Verstreken tijd,Minimum hoogte,Maximum hoogte
Hardlopen,2024-06-28 18:19:15,false,"Stadskanaal Hardlopen","1.00","56","00:05:29.3","149","160","182","184","5:28","4:50","2","--","1.01","NaN","NaN","NaN","0.0","NaN","NaN","NaN","NaN","NaN","NaN","NaN","NaN:NaN","NaN","NaN:NaN","Nee","00:00:01.6","2","NaN","00:05:29.3","00:05:29.3","9","12"
Hardlopen,2024-06-28 17:50:09,false,"Stadskanaal Hardlopen","5.02","253","00:25:47","147","174","178","186","5:08","4:18","1","3","1.09","NaN","NaN","NaN","0.0","NaN","NaN","NaN","NaN","NaN","NaN","NaN","NaN:NaN","NaN","NaN:NaN","Nee","00:00:06.6","6","NaN","00:25:43","00:25:47","7","11"
Hardlopen,2024-06-25 17:32:08,false,"Stadskanaal Hardlopen","5.00","108","00:27:34","96","130","178","182","5:31","4:47","2","2","1.02","NaN","NaN","NaN","0.0","NaN","NaN","NaN","NaN","NaN","NaN","NaN","NaN:NaN","NaN","NaN:NaN","Nee","00:00:01.3","6","NaN","00:27:33","00:27:34","7","13"
Hardlopen,2024-06-22 17:07:43,false,"Stadskanaal Hardlopen","6.00","286","00:30:39","143","154","180","184","5:07","2:48","1","1","1.09","NaN","NaN","NaN","0.0","NaN","NaN","NaN","NaN","NaN","NaN","NaN","NaN:NaN","NaN","NaN:NaN","Nee","00:00:00.7","7","NaN","00:30:33","00:30:39","7","12"
Hardlopen,2024-06-20 17:35:22,false,"Stadskanaal Hardlopen","0.99","56","00:05:36.6","149","182","178","184","5:39","5:14","2","--","0.99","NaN","NaN","NaN","0.0","NaN","NaN","NaN","NaN","NaN","NaN","NaN","NaN:NaN","NaN","NaN:NaN","Nee","00:05:36.6","1","NaN","00:05:33","00:05:36.6","9","11"
Hardlopen,2024-06-20 16:54:48,false,"Stadskanaal Hardlopen","6.41","338","00:33:52","151","181","178","184","5:17","4:38","5","5","1.06","NaN","NaN","NaN","0.0","NaN","NaN","NaN","NaN","NaN","NaN","NaN","NaN:NaN","NaN","NaN:NaN","Nee","00:02:14.5","7","NaN","00:33:43","00:33:52","5","12"
Hardlopen,2024-06-18 13:40:54,false,"Stadskanaal Hardlopen","5.00","269","00:25:59","155","182","180","186","5:12","4:19","3","2","1.07","NaN","NaN","NaN","0.0","NaN","NaN","NaN","NaN","NaN","NaN","NaN","NaN:NaN","NaN","NaN:NaN","Nee","00:00:01.3","6","NaN","00:25:55","00:25:59","7","13"
Hardlopen,2024-06-16 14:05:42,false,"Stadskanaal Hardlopen","4.00","164","00:20:14","134","147","182","190","5:03","4:32","--","1","1.09","NaN","NaN","NaN","0.0","NaN","NaN","NaN","NaN","NaN","NaN","NaN","NaN:NaN","NaN","NaN:NaN","Nee","00:00:01.5","5","NaN","00:20:11","00:20:14","7","11"
Hardlopen,2024-06-13 17:41:48,false,"Stadskanaal Hardlopen","5.00","264","00:26:15","153","164","178","184","5:15","4:27","6","6","1.06","NaN","NaN","NaN","0.0","NaN","NaN","NaN","NaN","NaN","NaN","NaN","NaN:NaN","NaN","NaN:NaN","Nee","00:00:00.9","6","NaN","00:26:12","00:26:15","6","12"
Hardlopen,2024-06-11 17:03:30,false,"Stadskanaal Hardlopen","5.00","264","00:26:17","151","167","180","186","5:15","4:33","2","1","1.06","NaN","NaN","NaN","0.0","NaN","NaN","NaN","NaN","NaN","NaN","NaN","NaN:NaN","NaN","NaN:NaN","Nee","00:00:00.7","6","NaN","00:26:16","00:26:17","7","12"
Hardlopen,2024-06-08 16:31:08,false,"Stadskanaal Hardlopen","5.00","248","00:24:43","153","171","182","188","4:56","3:52","2","2","1.12","NaN","NaN","NaN","0.0","NaN","NaN","NaN","NaN","NaN","NaN","NaN","NaN:NaN","NaN","NaN:NaN","Nee","00:00:01.2","6","NaN","00:24:36","00:25:25","8","13"
Hardlopen,2024-06-05 15:54:44,false,"Stadskanaal Hardlopen","5.01","243","00:25:37","148","169","180","190","5:07","4:13","2","1","1.08","NaN","NaN","NaN","0.0","NaN","NaN","NaN","NaN","NaN","NaN","NaN","NaN:NaN","NaN","NaN:NaN","Nee","00:00:01.3","6","NaN","00:25:34","00:25:37","7","12"
Hardlopen,2024-06-03 16:26:08,false,"Stadskanaal Hardlopen","10.00","516","00:53:01","153","165","182","192","5:18","4:35","4","3","1.03","NaN","NaN","NaN","0.0","NaN","NaN","NaN","NaN","NaN","NaN","NaN","NaN:NaN","NaN","NaN:NaN","Nee","00:05:03.9","10","NaN","00:52:53","00:53:01","5","12"
Hardlopen,2024-06-01 16:23:02,false,"Stadskanaal Hardlopen","5.00","252","00:25:55","154","171","180","188","5:11","3:58","4","3","1.07","NaN","NaN","NaN","0.0","NaN","NaN","NaN","NaN","NaN","NaN","NaN","NaN:NaN","NaN","NaN:NaN","Nee","00:00:01.0","6","NaN","00:25:46","00:25:55","7","12"
Hardlopen,2024-05-30 16:39:59,false,"Stadskanaal Hardlopen","5.00","83","00:27:52","87","87","180","186","5:34","1:11","2","3","1.00","NaN","NaN","NaN","0.0","NaN","NaN","NaN","NaN","NaN","NaN","NaN","NaN:NaN","NaN","NaN:NaN","Nee","00:00:01.0","6","NaN","00:27:52","00:27:52","6","13"
Hardlopen,2024-05-28 16:15:18,false,"Stadskanaal Hardlopen","8.00","420","00:44:24","150","170","180","188","5:33","4:34","6","3","1.00","NaN","NaN","NaN","0.0","NaN","NaN","NaN","NaN","NaN","NaN","NaN","NaN:NaN","NaN","NaN:NaN","Nee","00:00:00.6","9","NaN","00:44:16","00:44:24","5","13"
Hardlopen,2024-05-26 13:42:56,false,"Stadskanaal Hardlopen","5.00","253","00:26:26","152","163","180","184","5:17","4:23","2","3","1.06","NaN","NaN","NaN","0.0","NaN","NaN","NaN","NaN","NaN","NaN","NaN","NaN:NaN","NaN","NaN:NaN","Nee","00:00:01.3","6","NaN","00:26:21","00:26:26","7","13"
Hardlopen,2024-05-24 17:09:46,false,"Stadskanaal Hardlopen","5.00","252","00:27:19","149","163","180","186","5:28","4:35","6","4","1.02","NaN","NaN","NaN","0.0","NaN","NaN","NaN","NaN","NaN","NaN","NaN","NaN:NaN","NaN","NaN:NaN","Nee","00:00:01.2","6","NaN","00:27:18","00:27:19","6","15"
Hardlopen,2024-05-22 12:53:21,false,"Stadskanaal Hardlopen","5.00","254","00:26:18","156","166","180","186","5:15","4:30","3","1","1.06","NaN","NaN","NaN","0.0","NaN","NaN","NaN","NaN","NaN","NaN","NaN","NaN:NaN","NaN","NaN:NaN","Nee","00:00:00.9","6","NaN","00:26:17","00:26:18","7","12"
Hardlopen,2024-05-20 15:46:48,false,"Stadskanaal Hardlopen","5.00","138","00:26:03","112","149","178","184","5:13","4:02","8","8","1.07","NaN","NaN","NaN","0.0","NaN","NaN","NaN","NaN","NaN","NaN","NaN","NaN:NaN","NaN","NaN:NaN","Nee","00:00:00.6","6","NaN","00:26:03","00:26:03","5","15"
Hardlopen,2024-05-18 16:07:12,false,"Stadskanaal Hardlopen","1.00","55","00:05:52.0","153","163","180","184","5:51","5:13","--","--","0.95","NaN","NaN","NaN","0.0","NaN","NaN","NaN","NaN","NaN","NaN","NaN","NaN:NaN","NaN","NaN:NaN","Nee","00:00:01.1","2","NaN","00:05:52.0","00:05:52.0","10","14"
Hardlopen,2024-05-18 15:30:29,false,"Stadskanaal Hardlopen","5.10","285","00:28:03","160","173","178","188","5:30","4:50","1","1","1.02","NaN","NaN","NaN","0.0","NaN","NaN","NaN","NaN","NaN","NaN","NaN","NaN:NaN","NaN","NaN:NaN","Nee","00:00:32.9","6","NaN","00:27:56","00:28:03","7","12"
Hardlopen,2024-05-16 16:14:59,false,"Stadskanaal Hardlopen","0.66","39","00:04:03.5","149","159","180","188","6:11","5:35","--","--","0.90","NaN","NaN","NaN","0.0","NaN","NaN","NaN","NaN","NaN","NaN","NaN","NaN:NaN","NaN","NaN:NaN","Nee","00:04:03.5","1","NaN","00:04:03","00:04:03.5","9","10"
Hardlopen,2024-05-16 15:53:07,false,"Stadskanaal Hardlopen","3.54","194","00:18:08","165","177","182","188","5:07","4:20","3","3","1.08","NaN","NaN","NaN","0.0","NaN","NaN","NaN","NaN","NaN","NaN","NaN","NaN:NaN","NaN","NaN:NaN","Nee","00:03:00.9","4","NaN","00:18:05","00:18:08","5","11"
Hardlopen,2024-05-14 17:20:24,false,"Stadskanaal Hardlopen","5.00","314","00:28:28","161","176","180","186","5:41","4:36","--","--","0.97","NaN","NaN","NaN","0.0","NaN","NaN","NaN","NaN","NaN","NaN","NaN","NaN:NaN","NaN","NaN:NaN","Nee","00:00:01.5","6","NaN","00:28:23","00:28:28","8","13"
Hardlopen,2024-05-12 14:30:35,false,"Stadskanaal Hardlopen","3.00","193","00:17:45","152","161","178","184","5:55","4:41","2","1","0.95","NaN","NaN","NaN","0.0","NaN","NaN","NaN","NaN","NaN","NaN","NaN","NaN:NaN","NaN","NaN:NaN","Nee","00:05:50.3","3","NaN","00:17:35","00:17:45","9","15"
Hardlopen,2023-12-14 16:46:15,false,"Chiang Mai Hardlopen","1.00","299","00:05:14","144","160","180","186","5:14","4:42","5","4","1.05","NaN","NaN","NaN","0.0","NaN","NaN","NaN","NaN","NaN","NaN","NaN","NaN:NaN","NaN","NaN:NaN","Nee","00:02:34.1","6","NaN","00:28:55","00:05:14","6","12"
Hardlopen,2023-11-12 16:12:15,false,"Stadskanaal Hardlopen","5.50","299","00:29:01","144","160","180","186","5:17","4:42","5","4","1.05","NaN","NaN","NaN","0.0","NaN","NaN","NaN","NaN","NaN","NaN","NaN","NaN:NaN","NaN","NaN:NaN","Nee","00:02:34.1","6","NaN","00:28:55","00:29:01","6","12"
Hardlopen,2023-11-10 14:31:24,false,"Stadskanaal Hardlopen","5.01","257","00:24:37","146","157","182","188","4:55","4:31","1","1","1.12","NaN","NaN","NaN","0.0","NaN","NaN","NaN","NaN","NaN","NaN","NaN","NaN:NaN","NaN","NaN:NaN","Nee","00:00:02.4","6","NaN","00:24:36","00:24:37","7","12"
Hardlopen,2023-11-08 16:40:33,false,"Stadskanaal Hardlopen","5.00","268","00:25:43","144","158","182","188","5:08","4:38","--","--","1.07","NaN","NaN","NaN","0.0","NaN","NaN","NaN","NaN","NaN","NaN","NaN","NaN:NaN","NaN","NaN:NaN","Nee","00:00:01.3","6","NaN","00:25:42","00:25:43","8","12"
Hardlopen,2023-11-06 15:25:15,false,"Stadskanaal Hardlopen","5.50","272","00:26:41","143","153","180","186","4:51","3:58","4","5","1.15","NaN","NaN","NaN","0.0","NaN","NaN","NaN","NaN","NaN","NaN","NaN","NaN:NaN","NaN","NaN:NaN","Nee","00:02:17.5","6","NaN","00:26:40","00:26:41","6","15"
Hardlopen,2023-11-04 14:28:24,false,"Stadskanaal Hardlopen","5.00","256","00:24:24","148","163","182","190","4:53","4:15","5","3","1.13","NaN","NaN","NaN","0.0","NaN","NaN","NaN","NaN","NaN","NaN","NaN","NaN:NaN","NaN","NaN:NaN","Nee","00:00:00.9","6","NaN","00:24:24","00:24:24","5","12"
Hardlopen,2023-11-01 18:01:40,false,"Stadskanaal Hardlopen","5.00","248","00:24:19","146","162","178","188","4:52","4:11","--","--","1.16","NaN","NaN","NaN","0.0","NaN","NaN","NaN","NaN","NaN","NaN","NaN","NaN:NaN","NaN","NaN:NaN","Nee","00:00:01.1","6","NaN","00:24:13","00:24:19","7","12"
Hardlopen,2023-10-29 12:42:09,false,"Hamburg Hardlopen","1.61","80","00:08:32.6","136","147","180","194","5:18","4:10","2","6","1.05","NaN","NaN","NaN","0.0","NaN","NaN","NaN","NaN","NaN","NaN","NaN","NaN:NaN","NaN","NaN:NaN","Nee","00:03:19.7","2","NaN","00:08:31.9","00:08:32.6","4","14"
Hardlopen,2023-10-29 12:17:47,false,"Hamburg Hardlopen","3.51","203","00:23:08","142","179","172","186","6:35","4:43","20","14","0.88","NaN","NaN","NaN","0.0","NaN","NaN","NaN","NaN","NaN","NaN","NaN","NaN:NaN","NaN","NaN:NaN","Nee","00:03:24.2","4","NaN","00:23:03","00:23:38","-1","13"
Wandelen,2023-10-27 16:17:05,false,"Hamburg Wandelen","2.20","122","00:27:06","109","110","116","178","12:20","4:50","6","16","0.71","NaN","NaN","NaN","0.0","NaN","NaN","NaN","NaN","NaN","NaN","NaN","NaN:NaN","NaN","NaN:NaN","Nee","00:02:18.5","3","NaN","00:27:02","00:27:06","16","30"
Hardlopen,2023-10-27 12:36:28,false,"Hamburg Hardlopen","5.01","296","00:27:04","154","165","174","202","5:25","3:46","11","11","1.06","NaN","NaN","NaN","0.0","NaN","NaN","NaN","NaN","NaN","NaN","NaN","NaN:NaN","NaN","NaN:NaN","Nee","00:00:02.6","6","NaN","00:27:03","00:31:39","21","33"
Hardlopen,2023-10-25 11:54:38,false,"Arnhem Hardlopen","5.01","246","00:24:43","141","184","180","186","4:56","0:35","30","7","1.13","NaN","NaN","NaN","0.0","NaN","NaN","NaN","NaN","NaN","NaN","NaN","NaN:NaN","NaN","NaN:NaN","Nee","00:00:02.7","6","NaN","00:24:35","00:24:43","12","45"
Hardlopen op een loopband,2023-10-24 17:48:32,false,"Hardlopen op een loopband","0.01","1","00:00:19.3","81","83","180","180","37:53","5:10","--","--","0.15","NaN","NaN","NaN","0.0","NaN","NaN","NaN","NaN","NaN","NaN","NaN","NaN:NaN","NaN","NaN:NaN","Nee","00:00:19.3","1","NaN","00:00:01","00:00:19.3","--","--"
Hardlopen,2023-10-23 17:06:14,false,"Stadskanaal Hardlopen","6.00","304","00:28:56","148","158","176","184","4:49","4:16","1","2","1.18","NaN","NaN","NaN","0.0","NaN","NaN","NaN","NaN","NaN","NaN","NaN","NaN:NaN","NaN","NaN:NaN","Nee","00:00:00.9","7","NaN","00:28:52","00:28:56","7","11"
Hardlopen,2023-10-21 15:06:32,false,"Stadskanaal Hardlopen","10.00","576","00:51:18","153","160","182","186","5:08","4:30","5","4","1.07","NaN","NaN","NaN","0.0","NaN","NaN","NaN","NaN","NaN","NaN","NaN","NaN:NaN","NaN","NaN:NaN","Nee","00:00:01.7","11","NaN","00:51:14","00:51:18","5","13"
Hardlopen,2023-10-18 16:46:01,false,"Stadskanaal Hardlopen","5.00","251","00:23:12","148","162","180","188","4:38","4:02","3","2","1.20","NaN","NaN","NaN","0.0","NaN","NaN","NaN","NaN","NaN","NaN","NaN","NaN:NaN","NaN","NaN:NaN","Nee","00:00:01.2","6","NaN","00:23:11","00:23:12","7","12"
Hardlopen,2023-10-16 16:30:39,false,"Stadskanaal Hardlopen","3.00","169","00:15:22","150","182","174","184","5:07","4:22","3","1","1.12","NaN","NaN","NaN","0.0","NaN","NaN","NaN","NaN","NaN","NaN","NaN","NaN:NaN","NaN","NaN:NaN","Nee","00:00:00.6","4","NaN","00:15:14","00:15:22","8","14"
Hardlopen,2023-10-14 16:43:55,false,"Horst aan de Maas Hardlopen","10.00","524","00:48:55","146","160","180","188","4:53","4:17","16","12","1.13","NaN","NaN","NaN","0.0","NaN","NaN","NaN","NaN","NaN","NaN","NaN","NaN:NaN","NaN","NaN:NaN","Nee","00:00:01.3","11","NaN","00:48:52","00:48:59","29","44"
Hardlopen,2023-10-11 17:14:08,false,"Horst aan de Maas Hardlopen htr 24-17","5.00","256","00:24:49","140","154","180","186","4:58","4:05","10","7","1.12","NaN","NaN","NaN","0.0","NaN","NaN","NaN","NaN","NaN","NaN","NaN","NaN:NaN","NaN","NaN:NaN","Nee","00:00:00.5","6","NaN","00:24:48","00:24:49","29","40"
Hardlopen,2023-10-09 17:50:44,false,"Horst aan de Maas Hardlopen","5.01","245","00:22:56","144","153","178","186","4:35","3:54","7","7","1.22","NaN","NaN","NaN","0.0","NaN","NaN","NaN","NaN","NaN","NaN","NaN","NaN:NaN","NaN","NaN:NaN","Nee","00:00:01.4","6","NaN","00:22:55","00:22:56","28","41"
Hardlopen,2023-10-07 17:52:18,false,"Horst aan de Maas Hardlopen","7.50","280","00:36:33","122","150","182","190","4:52","4:06","8","8","1.13","NaN","NaN","NaN","0.0","NaN","NaN","NaN","NaN","NaN","NaN","NaN","NaN:NaN","NaN","NaN:NaN","Nee","00:02:22.6","8","NaN","00:36:31","00:36:33","29","45"
Hardlopen,2023-10-05 18:15:34,false,"Horst aan de Maas Hardlopen","1.00","54","00:05:14.1","142","169","180","184","5:14","4:24","--","--","1.06","NaN","NaN","NaN","0.0","NaN","NaN","NaN","NaN","NaN","NaN","NaN","NaN:NaN","NaN","NaN:NaN","Nee","00:00:00.9","2","NaN","00:05:08.9","00:05:14.1","32","36"
Hardlopen,2023-10-02 18:48:51,false,"Horst aan de Maas Hardlopen","5.00","248","00:22:54","148","166","180","188","4:35","3:58","9","11","1.22","NaN","NaN","NaN","0.0","NaN","NaN","NaN","NaN","NaN","NaN","NaN","NaN:NaN","NaN","NaN:NaN","Nee","00:00:01.0","6","NaN","00:22:54","00:23:27","27","41"
Hardlopen,2023-09-30 15:26:51,false,"Stadskanaal Hardlopen","5.00","258","00:24:17","146","166","178","184","4:51","4:04","1","1","1.16","NaN","NaN","NaN","0.0","NaN","NaN","NaN","NaN","NaN","NaN","NaN","NaN:NaN","NaN","NaN:NaN","Nee","00:00:00.9","6","NaN","00:24:11","00:24:17","7","12"
Hardlopen,2023-09-27 19:20:29,false,"Horst aan de Maas Hardlopen","5.00","255","00:23:30","148","157","178","186","4:42","4:08","5","3","1.19","NaN","NaN","NaN","0.0","NaN","NaN","NaN","NaN","NaN","NaN","NaN","NaN:NaN","NaN","NaN:NaN","Nee","00:00:01.4","6","NaN","00:23:24","00:23:30","29","41"
Fietsen,2023-09-25 17:01:42,false,"Peel en Maas fietsen HB - SB","10.13","160","00:35:01","101","134","116","122","17.4","22.2","30","31","1.74","NaN","NaN","NaN","0.0","NaN","NaN","NaN","NaN","NaN","NaN","NaN","NaN:NaN","NaN","NaN:NaN","Nee","00:00:23.1","11","NaN","00:34:26","00:35:58","26","45"
Fietsen,2023-09-25 09:04:03,false,"Horst aan de Maas Fietsen","12.80","240","00:45:58","108","160","--","--","16.7","23.1","53","49","NaN","NaN","NaN","NaN","0.0","NaN","NaN","NaN","NaN","NaN","NaN","NaN","NaN:NaN","NaN","NaN:NaN","Nee","00:02:58.8","13","NaN","00:45:18","00:53:03","26","46"
Hardlopen,2023-09-20 18:37:25,false,"Horst aan de Maas Hardlopen","10.00","528","00:50:28","143","150","180","188","5:03","3:55","13","15","1.10","NaN","NaN","NaN","0.0","NaN","NaN","NaN","NaN","NaN","NaN","NaN","NaN:NaN","NaN","NaN:NaN","Nee","00:00:01.0","11","NaN","00:50:27","00:50:28","26","42"
Hardlopen,2023-09-18 17:19:49,false,"Horst aan de Maas Hardlopen","5.00","236","00:23:08","139","149","180","188","4:37","4:05","10","10","1.20","NaN","NaN","NaN","0.0","NaN","NaN","NaN","NaN","NaN","NaN","NaN","NaN:NaN","NaN","NaN:NaN","Nee","00:00:01.5","6","NaN","00:23:07","00:23:08","29","40"
Hardlopen,2023-09-16 18:19:32,false,"Horst aan de Maas Hardlopen","5.00","255","00:23:56","146","158","180","186","4:47","4:02","10","11","1.16","NaN","NaN","NaN","0.0","NaN","NaN","NaN","NaN","NaN","NaN","NaN","NaN:NaN","NaN","NaN:NaN","Nee","00:00:00.9","6","NaN","00:23:55","00:23:56","28","40"
Hardlopen,2023-09-14 19:08:03,false,"Horst aan de Maas Hardlopen","5.01","257","00:22:44","155","174","182","192","4:32","3:54","9","10","1.21","NaN","NaN","NaN","0.0","NaN","NaN","NaN","NaN","NaN","NaN","NaN","NaN:NaN","NaN","NaN:NaN","Nee","00:00:01.7","6","NaN","00:22:37","00:23:16","28","41"
Hardlopen,2023-09-12 19:23:33,false,"Horst aan de Maas Hardlopen","5.00","260","00:24:14","147","160","180","186","4:51","4:05","6","8","1.15","NaN","NaN","NaN","0.0","NaN","NaN","NaN","NaN","NaN","NaN","NaN","NaN:NaN","NaN","NaN:NaN","Nee","00:00:01.6","6","NaN","00:24:12","00:24:14","28","41"
Hardlopen,2023-09-11 19:00:52,false,"Horst aan de Maas Hardlopen","0.39","9","00:02:08.3","93","94","176","180","5:27","4:36","--","--","1.04","NaN","NaN","NaN","0.0","NaN","NaN","NaN","NaN","NaN","NaN","NaN","NaN:NaN","NaN","NaN:NaN","Nee","00:02:08.3","1","NaN","00:02:04","00:02:08.3","33","36"
Hardlopen,2023-09-10 19:54:36,false,"Horst aan de Maas Hardlopen","1.50","71","00:08:15.9","125","132","174","178","5:30","5:01","8","4","1.04","NaN","NaN","NaN","0.0","NaN","NaN","NaN","NaN","NaN","NaN","NaN","NaN:NaN","NaN","NaN:NaN","Nee","00:02:39.8","2","NaN","00:08:14.8","00:08:15.9","32","40"
Hardlopen,2023-09-10 19:11:43,false,"Horst aan de Maas Hardlopen","0.27","12","00:01:38.3","118","135","174","180","6:01","5:02","--","--","0.95","NaN","NaN","NaN","0.0","NaN","NaN","NaN","NaN","NaN","NaN","NaN","NaN:NaN","NaN","NaN:NaN","Nee","00:01:38.3","1","NaN","00:01:30","00:01:38.3","33","35"
Hardlopen,2023-09-07 19:47:02,false,"Horst aan de Maas Hardlopen","5.00","254","00:25:32","138","163","176","186","5:06","4:37","8","4","1.11","NaN","NaN","NaN","0.0","NaN","NaN","NaN","NaN","NaN","NaN","NaN","NaN:NaN","NaN","NaN:NaN","Nee","00:00:01.8","6","NaN","00:25:32","00:32:18","29","40"
Hardlopen,2023-09-06 19:46:28,false,"Horst aan de Maas Hardlopen","0.90","42","00:05:08.9","122","132","176","180","5:45","5:25","--","1","0.99","NaN","NaN","NaN","0.0","NaN","NaN","NaN","NaN","NaN","NaN","NaN","NaN:NaN","NaN","NaN:NaN","Nee","00:05:08.9","1","NaN","00:05:08","00:05:08.9","29","36"
Hardlopen,2023-09-06 19:36:22,false,"Horst aan de Maas Hardlopen","1.57","74","00:08:39.5","125","137","178","182","5:31","4:57","--","5","1.02","NaN","NaN","NaN","0.0","NaN","NaN","NaN","NaN","NaN","NaN","NaN","NaN:NaN","NaN","NaN:NaN","Nee","00:03:14.8","2","NaN","00:08:33","00:09:04.2","29","36"
Hardlopen,2023-09-03 17:13:57,false,"Horst aan de Maas Hardlopen","8.00","376","00:39:42","138","150","180","186","4:58","4:23","13","8","1.12","NaN","NaN","NaN","0.0","NaN","NaN","NaN","NaN","NaN","NaN","NaN","NaN:NaN","NaN","NaN:NaN","Nee","00:00:01.3","9","NaN","00:39:34","00:39:51","26","42"
Hardlopen,2023-09-01 19:57:52,false,"Horst aan de Maas Hardlopen","5.00","255","00:24:36","144","153","178","188","4:55","4:30","10","10","1.14","NaN","NaN","NaN","0.0","NaN","NaN","NaN","NaN","NaN","NaN","NaN","NaN:NaN","NaN","NaN:NaN","Nee","00:00:00.7","6","NaN","00:24:33","00:24:36","27","41"
Hardlopen,2023-08-30 15:42:56,false,"Horst aan de Maas Hardlopen","10.00","522","00:48:49","149","157","180","186","4:53","4:22","14","16","1.14","NaN","NaN","NaN","0.0","NaN","NaN","NaN","NaN","NaN","NaN","NaN","NaN:NaN","NaN","NaN:NaN","Nee","00:00:01.3","11","NaN","00:48:47","00:48:59","27","44"
Hardlopen,2023-08-28 15:59:15,false,"Horst aan de Maas Hardlopen","6.00","303","00:27:26","153","180","178","190","4:34","3:39","7","7","1.22","NaN","NaN","NaN","0.0","NaN","NaN","NaN","NaN","NaN","NaN","NaN","NaN:NaN","NaN","NaN:NaN","Nee","00:00:01.1","7","NaN","00:27:19","00:27:31","29","40"
Hardlopen,2023-08-26 19:41:44,false,"Horst aan de Maas Hardlopen","6.92","387","00:36:12","145","155","180","186","5:14","4:27","13","14","1.06","NaN","NaN","NaN","0.0","NaN","NaN","NaN","NaN","NaN","NaN","NaN","NaN:NaN","NaN","NaN:NaN","Nee","00:04:40.2","7","NaN","00:36:07","00:36:53","28","40"
Hardlopen,2023-08-24 20:07:04,false,"Horst aan de Maas Hardlopen","5.00","246","00:23:58","141","154","174","182","4:47","4:10","13","14","1.20","NaN","NaN","NaN","0.0","NaN","NaN","NaN","NaN","NaN","NaN","NaN","NaN:NaN","NaN","NaN:NaN","Nee","00:00:01.3","6","NaN","00:23:57","00:24:06","27","41"
Hardlopen,2023-08-22 20:36:42,false,"Horst aan de Maas Hardlopen","7.00","357","00:35:38","142","158","180","190","5:05","2:38","22","20","1.09","NaN","NaN","NaN","0.0","NaN","NaN","NaN","NaN","NaN","NaN","NaN","NaN:NaN","NaN","NaN:NaN","Nee","00:00:02.1","8","NaN","00:35:32","00:37:50","29","42"
Hardlopen,2023-08-20 20:59:43,false,"Horst aan de Maas Hardlopen","5.00","223","00:25:27","129","143","178","186","5:05","4:25","9","11","1.11","NaN","NaN","NaN","0.0","NaN","NaN","NaN","NaN","NaN","NaN","NaN","NaN:NaN","NaN","NaN:NaN","Nee","00:00:01.5","6","NaN","00:25:26","00:25:27","27","41"
Hardlopen,2023-08-18 20:03:56,false,"Horst aan de Maas Hardlopen","6.00","302","00:31:15","136","146","176","184","5:12","4:43","13","15","1.09","NaN","NaN","NaN","0.0","NaN","NaN","NaN","NaN","NaN","NaN","NaN","NaN:NaN","NaN","NaN:NaN","Nee","00:00:01.3","7","NaN","00:31:08","00:31:56","28","42"
Hardlopen,2023-08-16 19:54:32,false,"Horst aan de Maas Hardlopen","5.00","251","00:23:07","149","172","182","188","4:37","3:55","8","7","1.19","NaN","NaN","NaN","0.0","NaN","NaN","NaN","NaN","NaN","NaN","NaN","NaN:NaN","NaN","NaN:NaN","Nee","00:00:01.7","6","NaN","00:22:59","00:23:07","28","41"
Hardlopen,2023-08-14 19:35:30,false,"Horst aan de Maas Hardlopen","5.00","286","00:26:58","141","151","178","182","5:24","4:48","6","3","1.05","NaN","NaN","NaN","0.0","NaN","NaN","NaN","NaN","NaN","NaN","NaN","NaN:NaN","NaN","NaN:NaN","Nee","00:00:00.9","6","NaN","00:26:58","00:26:58","28","41"
Hardlopen,2023-08-05 18:51:35,false,"Horst aan de Maas Hardlopen","5.00","256","00:24:59","139","153","180","186","5:00","4:18","13","11","1.11","NaN","NaN","NaN","0.0","NaN","NaN","NaN","NaN","NaN","NaN","NaN","NaN:NaN","NaN","NaN:NaN","Nee","00:00:00.8","6","NaN","00:24:58","00:24:59","27","41"
Hardlopen,2023-08-03 19:33:56,false,"Horst aan de Maas Hardlopen 15x30/30","5.00","245","00:23:21","144","191","180","192","4:40","3:08","4","5","1.19","NaN","NaN","NaN","0.0","NaN","NaN","NaN","NaN","NaN","NaN","NaN","NaN:NaN","NaN","NaN:NaN","Nee","00:00:01.1","6","NaN","00:23:13","00:26:03","29","36"
Hardlopen,2023-08-01 19:45:43,false,"Horst aan de Maas Hardlopen","10.00","534","00:49:29","145","165","180","188","4:57","3:44","8","9","1.13","NaN","NaN","NaN","0.0","NaN","NaN","NaN","NaN","NaN","NaN","NaN","NaN:NaN","NaN","NaN:NaN","Nee","00:00:02.1","11","NaN","00:49:21","00:49:29","26","41"
Hardlopen,2023-07-30 18:53:02,false,"Horst aan de Maas Hardlopen","2.78","148","00:13:32","143","150","178","184","4:52","4:16","9","8","1.16","NaN","NaN","NaN","0.0","NaN","NaN","NaN","NaN","NaN","NaN","NaN","NaN:NaN","NaN","NaN:NaN","Nee","00:03:34.9","3","NaN","00:13:30","00:13:53","29","40"
Hardlopen,2023-07-28 19:23:05,false,"Horst aan de Maas Hardlopen","5.00","263","00:22:56","150","165","178","190","4:35","3:39","11","14","1.22","NaN","NaN","NaN","0.0","NaN","NaN","NaN","NaN","NaN","NaN","NaN","NaN:NaN","NaN","NaN:NaN","Nee","00:00:01.2","6","NaN","00:22:47","00:22:56","27","41"
Fietsen,2023-07-26 21:15:32,false,"Horst aan de Maas Fietsen","8.44","105","00:30:10","87","117","116","120","16.8","21.1","11","8","2.42","NaN","NaN","NaN","0.0","NaN","NaN","NaN","NaN","NaN","NaN","NaN","NaN:NaN","NaN","NaN:NaN","Nee","00:01:48.7","9","NaN","00:29:41","00:30:10","24","36"
Fietsen,2023-07-26 09:12:25,false,"Horst aan de Maas Fietsen","8.54","155","00:25:19","109","123","--","--","20.2","25.0","6","12","NaN","NaN","NaN","NaN","0.0","NaN","NaN","NaN","NaN","NaN","NaN","NaN","NaN:NaN","NaN","NaN:NaN","Nee","00:01:42.1","9","NaN","00:24:59","00:25:59","24","36"
Hardlopen,2023-07-24 20:11:44,false,"Horst aan de Maas Hardlopen","5.00","233","00:25:52","128","140","178","184","5:10","4:38","13","12","1.09","NaN","NaN","NaN","0.0","NaN","NaN","NaN","NaN","NaN","NaN","NaN","NaN:NaN","NaN","NaN:NaN","Nee","00:00:01.1","6","NaN","00:25:50","00:27:14","29","40"
Hardlopen,2023-07-22 19:23:39,false,"Horst aan de Maas Hardlopen","7.50","370","00:36:40","136","146","180","188","4:53","4:06","10","10","1.14","NaN","NaN","NaN","0.0","NaN","NaN","NaN","NaN","NaN","NaN","NaN","NaN:NaN","NaN","NaN:NaN","Nee","00:02:19.0","8","NaN","00:36:32","00:36:49","27","42"
Hardlopen,2023-07-20 18:48:19,false,"Horst aan de Maas Hardlopen","5.00","242","00:26:11","130","145","178","186","5:14","4:37","10","8","1.07","NaN","NaN","NaN","0.0","NaN","NaN","NaN","NaN","NaN","NaN","NaN","NaN:NaN","NaN","NaN:NaN","Nee","00:00:01.4","6","NaN","00:26:06","00:26:11","28","41"
Fietsen,2023-07-19 20:28:33,false,"Horst aan de Maas Fietsen","7.80","147","00:25:51","107","128","--","--","18.1","22.2","8","--","NaN","NaN","NaN","NaN","0.0","NaN","NaN","NaN","NaN","NaN","NaN","NaN","NaN:NaN","NaN","NaN:NaN","Nee","00:02:59.6","8","NaN","00:25:17","00:26:00","26","36"
Fietsen,2023-07-19 14:39:54,false,"Horst aan de Maas Fietsen","8.49","98","00:25:51","90","138","--","--","19.7","24.8","10","17","NaN","NaN","NaN","NaN","0.0","NaN","NaN","NaN","NaN","NaN","NaN","NaN","NaN:NaN","NaN","NaN:NaN","Nee","00:01:34.8","9","NaN","00:25:10","00:25:51","24","36"
Hardlopen,2023-07-17 19:38:08,false,"Horst aan de Maas Hardlopen","5.00","250","00:22:56","144","156","180","188","4:35","3:54","10","6","1.20","NaN","NaN","NaN","0.0","NaN","NaN","NaN","NaN","NaN","NaN","NaN","NaN:NaN","NaN","NaN:NaN","Nee","00:00:00.6","6","NaN","00:22:53","00:22:56","28","42"
Hardlopen,2023-07-16 20:34:38,false,"Horst aan de Maas Hardlopen","0.28","11","00:01:41.2","109","125","174","178","6:07","3:37","--","--","0.94","NaN","NaN","NaN","0.0","NaN","NaN","NaN","NaN","NaN","NaN","NaN","NaN:NaN","NaN","NaN:NaN","Nee","00:01:41.2","1","NaN","00:01:35","00:01:41.2","33","37"
Hardlopen,2023-07-13 18:47:13,false,"Horst aan de Maas Hardlopen","6.00","279","00:30:35","131","139","180","186","5:06","4:24","15","15","1.09","NaN","NaN","NaN","0.0","NaN","NaN","NaN","NaN","NaN","NaN","NaN","NaN:NaN","NaN","NaN:NaN","Nee","00:00:01.7","7","NaN","00:30:28","00:30:35","28","44"
Hardlopen,2023-07-11 21:11:38,false,"Horst aan de Maas Hardlopen","7.50","379","00:37:21","140","170","176","186","4:59","4:32","11","12","1.14","NaN","NaN","NaN","0.0","NaN","NaN","NaN","NaN","NaN","NaN","NaN","NaN:NaN","NaN","NaN:NaN","Nee","00:02:27.0","8","NaN","00:37:12","00:37:21","28","42"
Hardlopen,2023-07-09 21:31:16,false,"Horst aan de Maas Hardlopen","5.00","256","00:24:00","143","162","174","188","4:48","3:09","12","17","1.20","NaN","NaN","NaN","0.0","NaN","NaN","NaN","NaN","NaN","NaN","NaN","NaN:NaN","NaN","NaN:NaN","Nee","00:00:01.2","6","NaN","00:23:55","00:24:00","28","40"
Hardlopen,2023-07-06 19:46:43,false,"Horst aan de Maas Hardlopen","9.54","524","00:48:57","143","150","178","188","5:08","4:37","11","11","1.10","NaN","NaN","NaN","0.0","NaN","NaN","NaN","NaN","NaN","NaN","NaN","NaN:NaN","NaN","NaN:NaN","Nee","00:02:58.0","10","NaN","00:48:51","00:48:57","26","40"
Hardlopen,2023-07-03 19:39:26,false,"Horst aan de Maas Hardlopen","5.01","241","00:24:09","136","145","178","184","4:50","4:20","6","6","1.17","NaN","NaN","NaN","0.0","NaN","NaN","NaN","NaN","NaN","NaN","NaN","NaN:NaN","NaN","NaN:NaN","Nee","00:00:01.4","6","NaN","00:24:08","00:24:09","28","40"
Hardlopen,2023-07-01 20:04:18,false,"Horst aan de Maas Hardlopen","6.00","272","00:29:26","132","152","178","184","4:54","4:20","9","10","1.15","NaN","NaN","NaN","0.0","NaN","NaN","NaN","NaN","NaN","NaN","NaN","NaN:NaN","NaN","NaN:NaN","Nee","00:00:00.3","7","NaN","00:29:22","00:29:30","29","40"
Hardlopen,2023-06-28 18:06:47,false,"Horst aan de Maas Hardlopen","12.58","64","01:00:01","62","62","178","192","4:46","3:31","19","19","1.17","NaN","NaN","NaN","0.0","NaN","NaN","NaN","NaN","NaN","NaN","NaN","NaN:NaN","NaN","NaN:NaN","Nee","00:02:23.4","13","NaN","00:59:55","01:00:01","26","42"
Hardlopen,2023-06-26 19:02:31,false,"Horst aan de Maas Hardlopen","6.50","324","00:31:46","141","149","180","192","4:53","4:13","11","10","1.14","NaN","NaN","NaN","0.0","NaN","NaN","NaN","NaN","NaN","NaN","NaN","NaN:NaN","NaN","NaN:NaN","Nee","00:02:20.8","7","NaN","00:31:38","00:31:46","28","42"
Hardlopen,2023-06-24 19:56:34,false,"Horst aan de Maas Hardlopen","5.00","242","00:24:52","136","147","174","182","4:58","4:25","8","7","1.16","NaN","NaN","NaN","0.0","NaN","NaN","NaN","NaN","NaN","NaN","NaN","NaN:NaN","NaN","NaN:NaN","Nee","00:00:00.6","6","NaN","00:24:52","00:24:52","27","41"
Cardio,2023-06-20 15:41:39,false,"Horst aan de Maas Cardio","0.44","40","00:07:24.5","103","125","118","174","3.5","16.4","--","3","0.50","NaN","NaN","NaN","0.0","NaN","NaN","NaN","NaN","NaN","NaN","NaN","NaN:NaN","NaN","NaN:NaN","Nee","00:07:24.5","1","NaN","00:04:58","00:07:24.5","33","36"
Hardlopen,2023-06-19 19:54:07,false,"Horst aan de Maas Hardlopen","5.01","260","00:25:33","141","153","172","182","5:06","3:32","4","3","1.14","NaN","NaN","NaN","0.0","NaN","NaN","NaN","NaN","NaN","NaN","NaN","NaN:NaN","NaN","NaN:NaN","Nee","00:00:02.3","6","NaN","00:25:29","00:25:48","28","40"
Hardlopen,2023-06-17 21:05:32,false,"Horst aan de Maas Hardlopen","6.50","345","00:33:11","142","152","176","184","5:06","4:30","10","10","1.11","NaN","NaN","NaN","0.0","NaN","NaN","NaN","NaN","NaN","NaN","NaN","NaN:NaN","NaN","NaN:NaN","Nee","00:02:38.1","7","NaN","00:33:09","00:33:25","28","44"
Hardlopen,2023-06-15 20:49:37,false,"Horst aan de Maas Hardlopen","5.00","210","00:21:42","137","146","180","190","4:20","3:34","7","11","1.28","NaN","NaN","NaN","0.0","NaN","NaN","NaN","NaN","NaN","NaN","NaN","NaN:NaN","NaN","NaN:NaN","Nee","00:00:01.2","6","NaN","00:21:40","00:21:42","27","40"
Fietsen,2023-06-14 16:54:29,false,"Peel en Maas Fietsen","7.73","124","00:32:11","94","125","51","116","14.4","18.1","7","9","19.95","NaN","NaN","NaN","0.0","NaN","NaN","NaN","NaN","NaN","NaN","NaN","NaN:NaN","NaN","NaN:NaN","Nee","00:03:20","8","NaN","00:31:24","00:32:11","29","39"
Fietsen,2023-06-14 13:53:40,false,"Horst aan de Maas Fietsen","6.53","97","00:22:36","98","126","--","--","17.3","24.3","14","11","NaN","NaN","NaN","NaN","0.0","NaN","NaN","NaN","NaN","NaN","NaN","NaN","NaN:NaN","NaN","NaN:NaN","Nee","00:02:06.0","7","NaN","00:22:04","00:25:21","29","39"
Hardlopen,2023-06-12 20:12:17,false,"Horst aan de Maas Hardlopen","5.01","254","00:24:31","146","159","180","186","4:54","2:07","9","12","1.14","NaN","NaN","NaN","0.0","NaN","NaN","NaN","NaN","NaN","NaN","NaN","NaN:NaN","NaN","NaN:NaN","Nee","00:00:02.5","6","NaN","00:24:24","00:24:31","28","41"
Hardlopen,2023-06-09 11:03:47,false,"Horst aan de Maas Hardlopen","6.01","309","00:28:29","152","164","178","186","4:45","4:09","15","14","1.18","NaN","NaN","NaN","0.0","NaN","NaN","NaN","NaN","NaN","NaN","NaN","NaN:NaN","NaN","NaN:NaN","Nee","00:00:02.0","7","NaN","00:28:28","00:28:29","27","42"
Hardlopen,2023-06-08 18:54:33,false,"Horst aan de Maas Hardlopen","0.22","8","00:01:22.3","109","130","168","174","6:10","4:56","--","--","0.97","NaN","NaN","NaN","0.0","NaN","NaN","NaN","NaN","NaN","NaN","NaN","NaN:NaN","NaN","NaN:NaN","Nee","00:01:22.3","1","NaN","00:01:15","00:01:33.5","32","35"
Fietsen,2023-06-07 17:02:35,false,"Peel en Maas fietsen","7.87","191","00:41:12","104","156","116","150","11.5","17.6","11","13","1.43","NaN","NaN","NaN","0.0","NaN","NaN","NaN","NaN","NaN","NaN","NaN","NaN:NaN","NaN","NaN:NaN","Nee","00:03:31.5","8","NaN","00:40:35","00:41:48","29","38"
Fietsen,2023-06-07 14:23:23,false,"Horst aan de Maas Fietsen","7.16","114","00:24:10","102","131","--","--","17.8","22.2","13","13","NaN","NaN","NaN","NaN","0.0","NaN","NaN","NaN","NaN","NaN","NaN","NaN","NaN:NaN","NaN","NaN:NaN","Nee","00:00:46.0","8","NaN","00:23:48","00:24:20","29","39"
Hardlopen,2023-06-06 19:14:37,false,"Horst aan de Maas Hardlopen","10.00","525","00:48:24","151","163","180","188","4:50","4:22","20","18","1.14","NaN","NaN","NaN","0.0","NaN","NaN","NaN","NaN","NaN","NaN","NaN","NaN:NaN","NaN","NaN:NaN","Nee","00:00:01.3","11","NaN","00:48:17","00:48:24","29","45"
Hardlopen,2023-06-05 19:50:02,false,"Horst aan de Maas Hardlopen","5.00","260","00:24:34","145","162","180","188","4:55","4:26","8","3","1.14","NaN","NaN","NaN","0.0","NaN","NaN","NaN","NaN","NaN","NaN","NaN","NaN:NaN","NaN","NaN:NaN","Nee","00:04:44.5","5","NaN","00:24:26","00:24:34","27","40"
Hardlopen,2023-06-03 18:44:54,false,"Horst aan de Maas Hardlopen","6.00","125","00:31:56","93","118","178","184","5:19","4:38","7","4","1.06","NaN","NaN","NaN","0.0","NaN","NaN","NaN","NaN","NaN","NaN","NaN","NaN:NaN","NaN","NaN:NaN","Nee","00:00:01.3","7","NaN","00:31:52","00:32:23","27","42"
Hardlopen,2023-05-31 20:03:56,false,"Horst aan de Maas Hardlopen","6.01","302","00:29:41","142","159","178","184","4:56","4:08","15","13","1.14","NaN","NaN","NaN","0.0","NaN","NaN","NaN","NaN","NaN","NaN","NaN","NaN:NaN","NaN","NaN:NaN","Nee","00:00:02.2","7","NaN","00:29:38","00:29:45","27","42"
Cardio,2023-05-31 17:52:01,false,"Peel en Maas Cardio","7.76","149","00:28:57","105","134","116","116","16.1","21.8","9","7","1.72","NaN","NaN","NaN","0.0","NaN","NaN","NaN","NaN","NaN","NaN","NaN","NaN:NaN","NaN","NaN:NaN","Nee","00:03:04.3","8","NaN","00:28:16","00:29:38","29","38"
Fietsen,2023-05-31 13:50:16,false,"Horst aan de Maas Fietsen","9.00","154","00:33:24","101","136","--","--","16.2","29.3","12","14","NaN","NaN","NaN","NaN","0.0","NaN","NaN","NaN","NaN","NaN","NaN","NaN","NaN:NaN","NaN","NaN:NaN","Nee","00:00:01.6","10","NaN","00:32:51","00:33:24","29","40"
Hardlopen,2023-05-29 19:42:02,false,"Horst aan de Maas Hardlopen","4.02","187","00:18:06","141","149","180","188","4:30","3:39","7","10","1.23","NaN","NaN","NaN","0.0","NaN","NaN","NaN","NaN","NaN","NaN","NaN","NaN:NaN","NaN","NaN:NaN","Nee","00:00:04.9","5","NaN","00:18:05","00:18:06","28","41"
Hardlopen,2023-05-27 15:22:27,false,"Horst aan de Maas Hardlopen","10.00","490","00:48:39","143","160","182","192","4:52","3:55","21","22","1.13","NaN","NaN","NaN","0.0","NaN","NaN","NaN","NaN","NaN","NaN","NaN","NaN:NaN","NaN","NaN:NaN","Nee","00:00:01.0","11","NaN","00:48:30","00:49:28","29","42"
Hardlopen,2023-05-25 18:34:20,false,"Horst aan de Maas Hardlopen","6.01","290","00:29:08","142","158","180","190","4:51","3:37","8","7","1.15","NaN","NaN","NaN","0.0","NaN","NaN","NaN","NaN","NaN","NaN","NaN","NaN:NaN","NaN","NaN:NaN","Nee","00:00:03.0","7","NaN","00:29:01","00:29:08","29","40"
Fietsen,2023-05-24 19:49:25,false,"Horst aan de Maas Fietsen","4.26","60","00:14:52","94","107","--","--","17.2","20.8","9","5","NaN","NaN","NaN","NaN","0.0","NaN","NaN","NaN","NaN","NaN","NaN","NaN","NaN:NaN","NaN","NaN:NaN","Nee","00:00:55.6","5","NaN","00:13:48","00:14:52","24","33"
Fietsen,2023-05-24 14:39:49,false,"Horst aan de Maas Fietsen","6.30","111","00:21:44","103","133","--","--","17.4","20.5","12","16","NaN","NaN","NaN","NaN","0.0","NaN","NaN","NaN","NaN","NaN","NaN","NaN","NaN:NaN","NaN","NaN:NaN","Nee","00:01:15.1","7","NaN","00:21:10","00:21:44","26","36"
Hardlopen,2023-05-22 20:14:59,false,"Horst aan de Maas Hardlopen","5.00","240","00:27:50","132","143","176","182","5:34","4:30","7","9","1.03","NaN","NaN","NaN","0.0","NaN","NaN","NaN","NaN","NaN","NaN","NaN","NaN:NaN","NaN","NaN:NaN","Nee","00:00:01.4","6","NaN","00:27:44","00:28:54","32","43"
Fietsen,2023-05-21 16:25:00,false,"Peel en Maas fietsen","7.64","141","00:29:15","105","139","84","116","15.7","31.7","17","19","5.37","NaN","NaN","NaN","0.0","NaN","NaN","NaN","NaN","NaN","NaN","NaN","NaN:NaN","NaN","NaN:NaN","Nee","00:03:06","8","NaN","00:28:35","00:29:15","29","38"
Fietsen,2023-05-21 14:37:15,false,"Horst aan de Maas Fietsen","7.20","133","00:24:13","109","153","--","--","17.8","26.8","1","3","NaN","NaN","NaN","NaN","0.0","NaN","NaN","NaN","NaN","NaN","NaN","NaN","NaN:NaN","NaN","NaN:NaN","Nee","00:00:46.1","8","NaN","00:24:02","00:24:13","29","39"
Hardlopen,2023-05-20 16:34:17,false,"Horst aan de Maas Hardlopen","10.00","557","00:50:22","153","160","180","190","5:02","1:43","22","21","1.10","NaN","NaN","NaN","0.0","NaN","NaN","NaN","NaN","NaN","NaN","NaN","NaN:NaN","NaN","NaN:NaN","Nee","00:00:01.4","11","NaN","00:50:14","00:50:26","26","41"
Hardlopen,2023-05-18 18:25:59,false,"Horst aan de Maas Hardlopen","5.03","245","00:23:13","148","166","180","186","4:37","3:53","7","5","1.21","NaN","NaN","NaN","0.0","NaN","NaN","NaN","NaN","NaN","NaN","NaN","NaN:NaN","NaN","NaN:NaN","Nee","00:00:07.8","6","NaN","00:23:05","00:23:13","28","42"
Hardlopen,2023-05-15 17:28:27,false,"Horst aan de Maas Hardlopen","5.01","244","00:22:15","153","173","182","190","4:27","3:45","9","2","1.24","NaN","NaN","NaN","0.0","NaN","NaN","NaN","NaN","NaN","NaN","NaN","NaN:NaN","NaN","NaN:NaN","Nee","00:00:02.2","6","NaN","00:22:08","00:22:15","29","40"
Hardlopen,2023-05-13 16:10:41,false,"Horst aan de Maas Hardlopen","10.01","490","00:51:14","141","151","184","192","5:07","4:42","14","12","1.07","NaN","NaN","NaN","0.0","NaN","NaN","NaN","NaN","NaN","NaN","NaN","NaN:NaN","NaN","NaN:NaN","Nee","00:00:02.1","11","NaN","00:51:08","00:51:18","26","42"
Hardlopen,2023-05-10 12:33:38,false,"Horst aan de Maas Hardlopen","5.00","272","00:25:31","147","172","180","188","5:06","4:13","7","9","1.09","NaN","NaN","NaN","0.0","NaN","NaN","NaN","NaN","NaN","NaN","NaN","NaN:NaN","NaN","NaN:NaN","Nee","00:00:02.1","6","NaN","00:25:22","00:25:31","28","43"
Hardlopen,2024-10-06 16:01:32,false,"Stadskanaal Hardlopen","5.01","262","00:25:27","138","148","182","186","5:05","4:37","--","2","1.08","NaN","NaN","NaN","0.0",,,"NaN","NaN","NaN","NaN","NaN",,,,"Nee","00:00:02.7","6","NaN","00:25:21","00:25:27","3","13"
Hardlopen,2024-10-04 15:02:11,false,"Stadskanaal Hardlopen","8.00","402","00:38:24","143","161","182","188","4:48","4:15","5","5","1.15","NaN","NaN","NaN","0.0",,,"NaN","NaN","NaN","NaN","NaN",,,,"Nee","00:00:01.0","9","NaN","00:38:23","00:38:24","5","12"
Hardlopen,2024-10-01 16:37:40,false,"Caorle Hardlopen","5.00","248","00:24:19","138","164","182","206","4:51","3:17","15","9","1.13","NaN","NaN","NaN","0.0",,,"NaN","NaN","NaN","NaN","NaN",,,,"Nee","00:00:01.3","6","NaN","00:24:11","00:24:19","-1","8"
Hardlopen,2024-09-29 18:31:52,false,"Caorle Hardlopen","12.00","552","01:02:28","133","145","180","188","5:12","4:36","25","21","1.07","NaN","NaN","NaN","0.0",,,"NaN","NaN","NaN","NaN","NaN",,,,"Nee","00:00:00.6","13","NaN","01:02:22","01:03:36","-1","12"
Hardlopen,2024-09-27 18:30:00,false,"hardlopen altanea","6.00","305","00:30:39","--","--","--","--","5:07","--","--","--","NaN","NaN","NaN","NaN","0.0",,,"NaN","NaN","NaN","NaN","NaN",,,,"Nee","00:30:39","1","NaN","00:NaN:NaN","00:30:39","--","--"
Hardlopen,2024-09-25 18:36:06,false,"Caorle Hardlopen","6.00","299","00:31:08","134","143","178","188","5:11","4:14","13","16","1.08","NaN","NaN","NaN","0.0",,,"NaN","NaN","NaN","NaN","NaN",,,,"Nee","00:00:00.9","7","NaN","00:31:07","00:31:18","-4","7"
Hardlopen,2024-09-24 18:04:44,false,"Caorle Hardlopen","5.00","242","00:25:24","133","149","180","188","5:05","2:04","11","8","1.09","NaN","NaN","NaN","0.0",,,"NaN","NaN","NaN","NaN","NaN",,,,"Nee","00:00:01.4","6","NaN","00:25:17","00:25:48","-1","8"
Hardlopen,2024-09-22 18:05:08,false,"Caorle Hardlopen","6.00","326","00:30:14","142","153","180","192","5:02","3:52","13","13","1.11","NaN","NaN","NaN","0.0",,,"NaN","NaN","NaN","NaN","NaN",,,,"Nee","00:00:01.9","7","NaN","00:30:13","00:30:14","-4","7"
Hardlopen,2024-09-20 17:57:10,false,"Caorle Hardlopen","0.51","28","00:02:46.2","134","145","178","182","5:29","4:45","--","4","1.02","NaN","NaN","NaN","0.0",,,"NaN","NaN","NaN","NaN","NaN",,,,"Nee","00:02:46.2","1","NaN","00:02:39","00:02:46.2","1","8"
Hardlopen,2024-09-20 17:26:18,false,"Caorle Hardlopen","5.05","227","00:22:32","139","148","178","186","4:27","3:52","5","4","1.26","NaN","NaN","NaN","0.0",,,"NaN","NaN","NaN","NaN","NaN",,,,"Nee","00:00:15.4","6","NaN","00:22:30","00:22:32","-1","8"
Hardlopen,2024-09-18 18:48:34,false,"Caorle Hardlopen","8.01","437","00:42:26","141","150","178","186","5:18","4:24","17","15","1.06","NaN","NaN","NaN","0.0",,,"NaN","NaN","NaN","NaN","NaN",,,,"Nee","00:00:01.9","9","NaN","00:42:23","00:42:26","-2","8"
Hardlopen,2024-09-16 18:11:27,false,"Caorle Hardlopen","5.01","233","00:25:09","132","162","178","192","5:01","3:14","8","5","1.11","NaN","NaN","NaN","0.0",,,"NaN","NaN","NaN","NaN","NaN",,,,"Nee","00:00:02.1","6","NaN","00:25:00","00:25:17","-1","7"
Hardlopen,2024-09-14 17:00:46,false,"Caorle Hardlopen","5.00","250","00:25:29","136","146","178","188","5:06","4:28","13","12","1.10","NaN","NaN","NaN","0.0",,,"NaN","NaN","NaN","NaN","NaN",,,,"Nee","00:00:00.7","6","NaN","00:25:22","00:25:29","-1","8"
Hardlopen,2024-09-12 14:53:30,false,"Caorle Hardlopen","10.00","510","00:49:50","142","150","178","190","4:59","3:59","35","33","1.12","NaN","NaN","NaN","0.0",,,"NaN","NaN","NaN","NaN","NaN",,,,"Nee","00:00:00.9","11","NaN","00:49:49","00:50:56","-1","12"
Hardlopen,2024-09-10 18:53:00,false,"Caorle Hardlopen","7.51","165","00:41:58","93","128","176","184","5:35","2:38","3","3","1.02","NaN","NaN","NaN","0.0",,,"NaN","NaN","NaN","NaN","NaN",,,,"Nee","00:02:59.8","8","NaN","00:41:53","00:45:31","-1","7"
Hardlopen,2024-09-07 19:15:19,false,"Caorle Hardlopen","6.01","267","00:30:36","132","144","174","182","5:06","4:36","15","14","1.12","NaN","NaN","NaN","0.0",,,"NaN","NaN","NaN","NaN","NaN",,,,"Nee","00:00:01.9","7","NaN","00:30:32","00:30:49","-4","7"
Hardlopen,2024-09-05 16:58:50,false,"Caorle Hardlopen","5.44","214","00:26:59","130","147","176","184","4:57","4:10","10","10","1.15","NaN","NaN","NaN","0.0",,,"NaN","NaN","NaN","NaN","NaN",,,,"Nee","00:02:07.3","6","NaN","00:26:53","00:27:20","-1","7"
Fietsen,2024-09-03 18:34:08,false,"Jesolo Fietsen","17.32","306","01:08:30","104","128","--","--","15.2","22.4","6","13","NaN","NaN","NaN","NaN","0.0",,,"NaN","NaN","NaN","NaN","NaN",,,,"Nee","00:01:08.5","18","NaN","01:07:40","01:11:13","-3","9"
Fietsen,2024-09-03 14:25:26,false,"Jesolo Fietsen","2.64","63","00:09:58.5","111","150","--","--","15.9","23.3","--","1","NaN","NaN","NaN","NaN","0.0",,,"NaN","NaN","NaN","NaN","NaN",,,,"Nee","00:02:18.2","3","NaN","00:09:30","00:10:07","3","8"
Fietsen,2024-09-03 13:13:31,false,"Caorle Fietsen","18.01","279","01:08:31","99","125","116","174","15.8","27.8","40","36","2.13","NaN","NaN","NaN","0.0",,,"NaN","NaN","NaN","NaN","NaN",,,,"Nee","00:00:03.8","19","NaN","01:08:17","01:08:31","-3","10"
Hardlopen,2024-09-02 18:15:51,false,"Caorle Hardlopen","5.01","237","00:24:43","138","147","176","186","4:56","4:05","14","15","1.15","NaN","NaN","NaN","0.0",,,"NaN","NaN","NaN","NaN","NaN",,,,"Nee","00:00:01.9","6","NaN","00:24:41","00:24:43","-1","8"
Hardlopen,2024-08-31 19:57:05,false,"Caorle Hardlopen","5.00","262","00:25:02","149","158","174","190","5:00","3:51","3","--","1.15","NaN","NaN","NaN","0.0",,,"NaN","NaN","NaN","NaN","NaN",,,,"Nee","00:00:01.1","6","NaN","00:25:01","00:25:21","-1","8"
Hardlopen,2024-08-28 19:32:58,false,"Caorle Hardlopen","7.50","356","00:38:46","139","166","176","188","5:10","4:20","8","6","1.10","NaN","NaN","NaN","0.0",,,"NaN","NaN","NaN","NaN","NaN",,,,"Nee","00:02:36.6","8","NaN","00:38:37","00:38:46","-1","7"
Hardlopen,2024-08-26 19:48:18,false,"Caorle Hardlopen","5.00","253","00:27:05","140","151","172","182","5:25","2:59","10","7","1.07","NaN","NaN","NaN","0.0",,,"NaN","NaN","NaN","NaN","NaN",,,,"Nee","00:00:01.3","6","NaN","00:26:58","00:28:32","-1","7"
Hardlopen,2024-08-24 18:41:27,false,"Caorle Hardlopen","5.00","254","00:29:00","135","148","174","186","5:48","4:43","3","--","1.00","NaN","NaN","NaN","0.0",,,"NaN","NaN","NaN","NaN","NaN",,,,"Nee","00:00:00.5","6","NaN","00:28:59","00:29:00","-1","8"
Hardlopen,2024-08-14 20:13:59,false,"Caorle Hardlopen","10.00","531","00:48:43","160","190","176","186","4:52","4:27","23","23","1.16","NaN","NaN","NaN","0.0",,,"NaN","NaN","NaN","NaN","NaN",,,,"Nee","00:00:01.6","11","NaN","00:48:35","00:48:50","-4","8"
Hardlopen,2024-08-12 19:46:41,false,"Caorle Hardlopen","5.00","247","00:25:44","143","158","176","184","5:09","4:27","7","8","1.10","NaN","NaN","NaN","0.0",,,"NaN","NaN","NaN","NaN","NaN",,,,"Nee","00:00:01.0","6","NaN","00:25:43","00:25:56","-4","8"
Hardlopen,2024-08-09 18:53:39,false,"Caorle Hardlopen","1.25","32","00:07:28.6","96","97","174","180","5:58","5:14","2","--","0.96","NaN","NaN","NaN","0.0",,,"NaN","NaN","NaN","NaN","NaN",,,,"Nee","00:01:25.9","2","NaN","00:07:28.6","00:07:44.7","-1","8"
Hardlopen,2024-08-07 18:10:19,false,"Caorle Hardlopen","6.00","295","00:28:56","152","176","174","184","4:49","3:05","9","9","1.19","NaN","NaN","NaN","0.0",,,"NaN","NaN","NaN","NaN","NaN",,,,"Nee","00:00:01.0","7","NaN","00:28:48","00:28:56","-4","7"
Hardlopen,2024-08-05 19:54:45,false,"Caorle Hardlopen","5.00","95","00:27:23","91","91","174","182","5:28","1:51","10","9","1.05","NaN","NaN","NaN","0.0",,,"NaN","NaN","NaN","NaN","NaN",,,,"Nee","00:00:01.3","6","NaN","00:27:19","00:27:23","-1","8"
Hardlopen,2024-08-03 20:30:42,false,"Caorle Hardlopen","10.00","529","00:53:20","149","182","176","188","5:20","4:34","19","16","1.07","NaN","NaN","NaN","0.0",,,"NaN","NaN","NaN","NaN","NaN",,,,"Nee","00:00:01.4","11","NaN","00:53:12","00:53:20","-2","8"
Hardlopen,2024-08-01 18:52:34,false,"Caorle Hardlopen","6.00","274","00:29:42","142","153","174","184","4:57","4:04","27","25","1.16","NaN","NaN","NaN","0.0",,,"NaN","NaN","NaN","NaN","NaN",,,,"Nee","00:00:01.2","7","NaN","00:29:41","00:29:42","-2","7"
Hardlopen,2024-07-30 20:34:40,false,"Caorle Hardlopen","5.01","101","00:27:25","95","95","176","184","5:28","4:38","12","10","1.04","NaN","NaN","NaN","0.0",,,"NaN","NaN","NaN","NaN","NaN",,,,"Nee","00:00:05.4","6","NaN","00:27:24","00:27:25","-1","8"
Hardlopen,2024-07-28 20:08:44,false,"Caorle Hardlopen","10.01","536","00:50:58","159","175","176","186","5:06","3:33","16","14","1.12","NaN","NaN","NaN","0.0",,,"NaN","NaN","NaN","NaN","NaN",,,,"Nee","00:00:02.6","11","NaN","00:50:49","00:50:58","-1","11"
Hardlopen,2024-07-26 07:35:44,false,"Caorle Hardlopen","5.00","257","00:25:50","151","180","176","188","5:10","3:43","15","14","1.10","NaN","NaN","NaN","0.0",,,"NaN","NaN","NaN","NaN","NaN",,,,"Nee","00:00:00.6","6","NaN","00:25:50","00:25:56","-1","7"
Hardlopen,2024-07-24 19:41:09,false,"Caorle Hardlopen","8.33","442","00:43:59","152","182","178","186","5:17","4:44","12","12","1.06","NaN","NaN","NaN","0.0",,,"NaN","NaN","NaN","NaN","NaN",,,,"Nee","00:01:45.1","9","NaN","00:43:51","00:43:59","-4","8"
Hardlopen,2024-07-21 18:37:55,false,"Caorle Hardlopen","5.00","96","00:24:02","96","133","178","188","4:48","4:11","7","7","1.16","NaN","NaN","NaN","0.0",,,"NaN","NaN","NaN","NaN","NaN",,,,"Nee","00:00:01.4","6","NaN","00:23:56","00:24:02","-4","8"
Hardlopen,2024-07-19 21:06:36,false,"Caorle Hardlopen","0.22","5","00:01:21.4","90","93","176","180","6:13","5:30","--","--","0.91","NaN","NaN","NaN","0.0",,,"NaN","NaN","NaN","NaN","NaN",,,,"Nee","00:01:21.4","1","NaN","00:01:17","00:01:21.4","1","3"
Hardlopen,2024-07-19 20:43:56,false,"Caorle Hardlopen","3.28","76","00:18:47","95","123","174","182","5:43","4:52","1","--","1.01","NaN","NaN","NaN","0.0",,,"NaN","NaN","NaN","NaN","NaN",,,,"Nee","00:01:40.6","4","NaN","00:18:46","00:18:47","-1","10"
Hardlopen,2024-07-18 20:52:54,false,"Caorle Hardlopen","6.00","305","00:33:33","140","151","174","182","5:35","4:57","8","6","1.03","NaN","NaN","NaN","0.0",,,"NaN","NaN","NaN","NaN","NaN",,,,"Nee","00:00:01.6","7","NaN","00:33:32","00:33:33","-4","8"
Hardlopen,2024-07-16 18:59:02,false,"Caorle Hardlopen","8.00","168","00:43:09","99","99","176","186","5:24","2:30","4","6","1.05","NaN","NaN","NaN","0.0",,,"NaN","NaN","NaN","NaN","NaN",,,,"Nee","00:00:01.2","9","NaN","00:43:00","00:43:19","-4","7"
Hardlopen,2024-07-14 20:12:57,false,"Caorle Hardlopen","5.01","258","00:26:41","147","162","176","184","5:20","4:45","10","10","1.07","NaN","NaN","NaN","0.0",,,"NaN","NaN","NaN","NaN","NaN",,,,"Nee","00:00:03.2","6","NaN","00:26:37","00:26:41","-4","7"
Hardlopen,2024-07-13 20:30:49,false,"Caorle Hardlopen","1.00","54","00:05:30.4","148","162","180","186","5:29","5:04","3","5","1.01","NaN","NaN","NaN","0.0",,,"NaN","NaN","NaN","NaN","NaN",,,,"Nee","00:00:01.8","2","NaN","00:05:29.7","00:05:30.4","-1","6"
Hardlopen,2024-07-13 20:05:36,false,"Caorle Hardlopen","3.24","159","00:16:02","152","171","176","184","4:56","4:33","7","7","1.15","NaN","NaN","NaN","0.0",,,"NaN","NaN","NaN","NaN","NaN",,,,"Nee","00:01:14.2","4","NaN","00:16:00","00:16:02","-1","7"
Hardlopen,2024-07-11 20:18:43,false,"Caorle Hardlopen","0.68","28","00:04:04.4","119","143","172","180","6:02","5:17","--","--","0.96","NaN","NaN","NaN","0.0",,,"NaN","NaN","NaN","NaN","NaN",,,,"Nee","00:04:04.4","1","NaN","00:03:59","00:04:10.4","-1","4"
Hardlopen,2024-07-11 19:36:45,false,"Caorle Hardlopen","2.81","96","00:18:36","109","142","168","178","6:37","5:07","9","2","0.90","NaN","NaN","NaN","0.0",,,"NaN","NaN","NaN","NaN","NaN",,,,"Nee","00:05:15.3","3","NaN","00:18:32","00:18:36","-1","7"
Hardlopen,2024-07-08 19:42:53,false,"Caorle Hardlopen","0.81","44","00:04:29.6","148","160","180","186","5:34","5:07","2","--","1.00","NaN","NaN","NaN","0.0",,,"NaN","NaN","NaN","NaN","NaN",,,,"Nee","00:04:29.6","1","NaN","00:04:29.6","00:04:29.6","-2","4"
Hardlopen,2024-07-08 19:07:35,false,"Caorle Hardlopen","5.00","269","00:26:31","152","167","176","184","5:18","4:47","2","4","1.07","NaN","NaN","NaN","0.0",,,"NaN","NaN","NaN","NaN","NaN",,,,"Nee","00:00:01.0","6","NaN","00:26:27","00:28:09","-4","8"
Hardlopen,2024-07-04 17:45:10,false,"Stadskanaal Hardlopen","5.00","251","00:25:16","150","167","176","184","5:03","4:17","8","9","1.12","NaN","NaN","NaN","0.0",,,"NaN","NaN","NaN","NaN","NaN",,,,"Nee","00:00:01.1","6","NaN","00:25:16","00:25:16","5","13"
Hardlopen,2024-07-02 16:59:50,false,"Stadskanaal Hardlopen","5.00","269","00:25:39","155","172","178","184","5:08","4:20","1","1","1.10","NaN","NaN","NaN","0.0",,,"NaN","NaN","NaN","NaN","NaN",,,,"Nee","00:00:00.6","6","NaN","00:25:38","00:25:39","7","12"
Hardlopen,2024-06-30 17:23:36,false,"Stadskanaal Hardlopen","5.01","262","00:26:32","147","159","176","182","5:18","4:42","6","4","1.07","NaN","NaN","NaN","0.0",,,"NaN","NaN","NaN","NaN","NaN",,,,"Nee","00:00:02.2","6","NaN","00:26:29","00:26:33","6","12"