Activiteittype,Datum,Favoriet,Titel,Afstand,Calorieën,Tijd,Gem. HS,Max. HS,Gem. loopcadans,Max. loopcadans,Gemiddeld tempo,Beste tempo,Totale stijging,Totale daling,Gem. staplengte,Gemiddelde verticale ratio,Gem. verticale oscillatie,Gem. grondcontacttijd,Gem. loopcadans,Max. loopcadans,Training Stress Score®,Gem. vermogen,Max. vermogen,Grit,Flow,Gemiddelde Swolf,Gem. slagsnelheid,Totaal herhalingen,Duiktijd,Min. temp.,Oppervlakte-interval,Decompressie,Beste rondetijd,Aantal ronden,Max. temp.,Tijd bewogen,Verstreken tijd,Minimum hoogte,Maximum hoogte
Hardlopen,2022-08-18 20:06:48,false,"Horst aan de Maas Hardlopen","6.00","77","00:29:25","139","147","178","202","4:54","4:30","--","8","1.12","0.0","0.0","0","0","0","0.0","0","0","0.0","0.0","0","0","0","0:00","0.0","0:00","Nee","02:12.11.5","2","0.0","00:07:11","00:07:17.0","30","41"
Hardlopen,2022-08-18 19:44:25,false,"Horst aan de Maas Hardlopen","4.01","190","00:20:45","131","145","176","186","5:11","4:13","5","2","1.09","0.0","0.0","0","0","0","0.0","0","0","0.0","0.0","0","0","0","0:00","0.0","0:00","Nee","00:02.64.4","5","0.0","00:20:39","00:22:12","28","41"
Hardlopen,2022-08-16 20:34:17,false,"Horst aan de Maas Hardlopen","5.01","259","00:23:53","147","156","178","186","4:46","3:33","9","10","1.18","0.0","0.0","0","0","0","0.0","0","0","0.0","0.0","0","0","0","0:00","0.0","0:00","Nee","00:01.98","6","0.0","00:23:52","00:23:53","28","41"
Fietsen,2022-08-16 19:20:45,false,"Deurne Fietsen","6.44","122","00:22:23","98","101","0","0","17.3","23.1","12","13","0.00","0.0","0.0","0","0","0","0.0","0","0","0.0","0.0","0","0","0","0:00","0.0","0:00","Nee","02:35.76.1","7","0.0","00:21:49","00:22:34","31","45"
Fietsen,2022-08-16 17:55:23,false,"Asten Fietsen","9.47","189","00:32:19","93","101","0","0","17.6","22.0","14","5","0.00","0.0","0.0","0","0","0","0.0","0","0","0.0","0.0","0","0","0","0:00","0.0","0:00","Nee","01:57.95.2","10","0.0","00:31:49","00:42:07","27","39"
Wandelen,2022-08-16 17:34:19,false,"Asten Wandelen","1.70","91","00:19:47","101","101","116","120","11:40","0:39","6","4","0.74","0.0","0.0","0","0","0","0.0","0","0","0.0","0.0","0","0","0","0:00","0.0","0:00","Nee","08:11.29.1","2","0.0","00:19:47","00:19:47","25","34"
Wandelen,2022-08-16 16:46:36,false,"Asten Wandelen","2.00","109","00:32:29","99","101","114","118","16:15","8:39","3","4","0.54","0.0","0.0","0","0","0","0.0","0","0","0.0","0.0","0","0","0","0:00","0.0","0:00","Nee","00:02.33.5","3","0.0","00:28:45","00:32:29","26","32"
Fietsen,2022-08-16 15:33:01,false,"Horst aan de Maas Fietsen","18.66","315","01:05:12","79","83","0","0","17.2","23.3","30","37","0.00","0.0","0.0","0","0","0","0.0","0","0","0.0","0.0","0","0","0","0:00","0.0","0:00","Nee","03:01.37.6","19","0.0","01:03:50","01:11:30","25","44"
Hardlopen,2022-08-14 21:36:16,false,"Horst aan de Maas Hardlopen","0.66","35","00:03:30.1","140","151","178","184","5:20","4:45","2","--","1.05","0.0","0.0","0","0","0","0.0","0","0","0.0","0.0","0","0","0","0:00","0.0","0:00","Nee","03:30.11.7","1","0.0","00:03:23","00:03:50.0","31","36"
Hardlopen,2022-08-14 21:21:15,false,"Horst aan de Maas Hardlopen","2.89","127","00:12:03","144","151","178","186","4:10","3:35","6","3","1.34","0.0","0.0","0","0","0","0.0","0","0","0.0","0.0","0","0","0","0:00","0.0","0:00","Nee","03:44.95.8","3","0.0","00:11:58","00:12:03","29","35"
Hardlopen,2022-08-14 21:12:43,false,"Horst aan de Maas Hardlopen","1.22","64","00:06:43.4","134","144","172","178","5:30","4:42","--","2","1.06","0.0","0.0","0","0","0","0.0","0","0","0.0","0.0","0","0","0","0:00","0.0","0:00","Nee","01:15.47.2","2","0.0","00:06:37.5","00:07:28.7","29","36"
Hardlopen,2022-08-11 20:45:33,false,"Horst aan de Maas Hardlopen","6.00","302","00:30:56","137","147","178","186","5:09","4:37","7","8","1.08","0.0","0.0","0","0","0","0.0","0","0","0.0","0.0","0","0","0","0:00","0.0","0:00","Nee","00:02.01.6","7","0.0","00:30:48","00:30:56","28","41"
Fietsen,2022-08-11 17:47:49,false,"Peel en Maas Fietsen","7.30","84","00:27:52","84","98","0","0","15.7","19.2","3","5","0.00","0.0","0.0","0","0","0","0.0","0","0","0.0","0.0","0","0","0","0:00","0.0","0:00","Nee","01:21.23.6","8","0.0","00:27:07","00:28:32","30","37"
Fietsen,2022-08-11 15:45:22,false,"Horst aan de Maas Fietsen","7.09","85","00:23:37","89","102","0","0","18.0","23.0","14","13","0.00","0.0","0.0","0","0","0","0.0","0","0","0.0","0.0","0","0","0","0:00","0.0","0:00","Nee","00:27.39.5","8","0.0","00:23:07","00:25:37","30","38"
Hardlopen,2022-08-09 21:23:44,false,"Horst aan de Maas Hardlopen","5.01","248","00:25:39","136","150","176","182","5:08","4:33","4","6","1.11","0.0","0.0","0","0","0","0.0","0","0","0.0","0.0","0","0","0","0:00","0.0","0:00","Nee","00:01.79.9","6","0.0","00:25:38","00:28:17","29","35"
Fietsen,2022-08-09 20:16:37,false,"Horst aan de Maas Fietsen","8.32","106","00:23:44","99","122","0","0","21.0","25.9","17","12","0.00","0.0","0.0","0","0","0","0.0","0","0","0.0","0.0","0","0","0","0:00","0.0","0:00","Nee","01:11.88.6","9","0.0","00:23:11","00:23:51","24","36"
Wandelen,2022-08-09 16:59:02,false,"Arnhem Wandelen","1.23","64","00:13:01","81","109","120","132","10:35","6:13","2","6","0.79","0.0","0.0","0","0","0","0.0","0","0","0.0","0.0","0","0","0","0:00","0.0","0:00","Nee","02:55.42.9","2","0.0","00:12:59","00:14:31","13","21"
Wandelen,2022-08-09 11:16:09,false,"Arnhem Wandelen","1.25","69","00:15:19","94","120","122","194","12:17","3:39","10","--","0.66","0.0","0.0","0","0","0","0.0","0","0","0.0","0.0","0","0","0","0:00","0.0","0:00","Nee","04:27.73.3","2","0.0","00:15:18","00:15:19","15","30"
Fietsen,2022-08-08 17:07:15,false,"Horst aan de Maas Fietsen","8.80","161","00:25:45","113","133","0","0","20.5","24.7","10","17","0.00","0.0","0.0","0","0","0","0.0","0","0","0.0","0.0","0","0","0","0:00","0.0","0:00","Nee","02:32.82.6","9","0.0","00:25:18","00:26:00","24","36"
Hardlopen,2022-08-06 20:01:36,false,"Horst aan de Maas Hardlopen","7.00","321","00:36:43","132","144","180","186","5:15","4:37","6","3","1.06","0.0","0.0","0","0","0","0.0","0","0","0.0","0.0","0","0","0","0:00","0.0","0:00","Nee","00:01.22.5","8","0.0","00:36:35","00:36:43","26","41"
Hardlopen,2022-08-04 20:41:20,false,"Horst aan de Maas Hardlopen","5.00","177","00:23:41","122","138","178","196","4:44","3:05","8","6","1.18","0.0","0.0","0","0","0","0.0","0","0","0.0","0.0","0","0","0","0:00","0.0","0:00","Nee","00:01.17.2","6","0.0","00:23:41","00:25:14","28","40"
Fietsen,2022-08-03 18:05:02,false,"Peel en Maas Fietsen","7.44","84","00:23:32","90","135","0","0","19.0","24.8","7","10","0.00","0.0","0.0","0","0","0","0.0","0","0","0.0","0.0","0","0","0","0:00","0.0","0:00","Nee","02:08.61.7","8","0.0","00:22:52","00:24:43","29","38"
Fietsen,2022-08-03 15:07:45,false,"Horst aan de Maas Fietsen","6.97","141","00:22:51","112","129","0","0","18.3","22.0","8","7","0.00","0.0","0.0","0","0","0","0.0","0","0","0.0","0.0","0","0","0","0:00","0.0","0:00","Nee","02:51.35","7","0.0","00:22:25","00:25:49","29","39"
Hardlopen,2022-08-02 20:50:04,false,"Horst aan de Maas Hardlopen","5.00","248","00:24:08","144","161","178","186","4:49","4:14","14","18","1.17","0.0","0.0","0","0","0","0.0","0","0","0.0","0.0","0","0","0","0:00","0.0","0:00","Nee","00:01.19.5","6","0.0","00:24:08","00:24:46","27","41"
Hardlopen,2022-07-31 18:00:22,false,"Horst aan de Maas Hardlopen","10.00","419","00:49:27","133","156","180","196","4:57","3:50","23","20","1.12","0.0","0.0","0","0","0","0.0","0","0","0.0","0.0","0","0","0","0:00","0.0","0:00","Nee","00:00.57.8","11","0.0","00:49:20","00:49:27","26","43"
Hardlopen,2022-07-29 19:51:55,false,"Horst aan de Maas Hardlopen","7.00","367","00:37:32","140","152","180","186","5:22","4:29","9","12","1.04","0.0","0.0","0","0","0","0.0","0","0","0.0","0.0","0","0","0","0:00","0.0","0:00","Nee","00:01.79.2","8","0.0","00:37:22","00:38:13","29","42"
Fietsen,2022-07-28 19:57:18,false,"Venlo Fietsen","17.43","276","01:01:58","101","151","0","0","16.9","22.8","57","42","0.00","0.0","0.0","0","0","0","0.0","0","0","0.0","0.0","0","0","0","0:00","0.0","0:00","Nee","02:19.98.5","18","0.0","01:01:33","01:38:28","10","40"
Fietsen,2022-07-28 14:06:49,false,"Horst aan de Maas Fietsen","17.47","307","00:51:21","116","149","0","0","20.4","28.4","34","51","0.00","0.0","0.0","0","0","0","0.0","0","0","0.0","0.0","0","0","0","0:00","0.0","0:00","Nee","01:47.86.1","18","0.0","00:50:48","00:56:27","9","38"
Hardlopen,2022-07-27 19:39:04,false,"Horst aan de Maas Hardlopen","5.00","241","00:23:43","145","175","180","190","4:44","3:44","12","13","1.17","0.0","0.0","0","0","0","0.0","0","0","0.0","0.0","0","0","0","0:00","0.0","0:00","Nee","00:01.23","6","0.0","00:23:43","00:23:43","28","41"
Hardlopen,2022-07-25 19:14:43,false,"Horst aan de Maas Hardlopen","5.00","248","00:24:54","143","158","180","188","4:59","4:18","7","8","1.12","0.0","0.0","0","0","0","0.0","0","0","0.0","0.0","0","0","0","0:00","0.0","0:00","Nee","00:01.40.6","6","0.0","00:24:53","00:24:54","27","41"
Hardlopen,2022-07-20 20:11:10,false,"Horst aan de Maas Hardlopen","0.60","17","00:03:28.1","100","100","176","180","5:50","5:01","--","--","0.97","0.0","0.0","0","0","0","0.0","0","0","0.0","0.0","0","0","0","0:00","0.0","0:00","Nee","03:28.13","1","0.0","00:03:27","00:03:28.1","33","36"
Hardlopen,2022-07-17 20:26:04,false,"Horst aan de Maas Hardlopen","5.00","242","00:23:56","146","155","178","186","4:47","4:04","10","7","1.17","0.0","0.0","0","0","0","0.0","0","0","0.0","0.0","0","0","0","0:00","0.0","0:00","Nee","00:00.57.3","6","0.0","00:23:56","00:23:56","27","40"
Hardlopen,2022-07-15 20:32:11,false,"Horst aan de Maas Hardlopen","7.00","99","00:38:13","80","80","178","184","5:27","4:53","10","9","1.02","0.0","0.0","0","0","0","0.0","0","0","0.0","0.0","0","0","0","0:00","0.0","0:00","Nee","00:01.99.8","8","0.0","00:38:12","00:38:13","26","41"
Hardlopen,2022-07-12 20:52:17,false,"Horst aan de Maas Hardlopen","5.00","261","00:25:06","150","160","178","186","5:01","4:19","5","7","1.12","0.0","0.0","0","0","0","0.0","0","0","0.0","0.0","0","0","0","0:00","0.0","0:00","Nee","00:01.44.4","6","0.0","00:24:59","00:25:06","30","40"
Hardlopen,2022-07-10 18:08:21,false,"Horst aan de Maas Hardlopen","5.01","241","00:23:45","148","178","180","192","4:45","3:49","9","9","1.17","0.0","0.0","0","0","0","0.0","0","0","0.0","0.0","0","0","0","0:00","0.0","0:00","Nee","00:01.57.7","6","0.0","00:23:37","00:23:56","28","41"
Hardlopen,2022-07-08 20:13:46,false,"Horst aan de Maas Hardlopen","10.00","209","00:55:36","97","122","180","190","5:34","4:38","14","16","1.00","0.0","0.0","0","0","0","0.0","0","0","0.0","0.0","0","0","0","0:00","0.0","0:00","Nee","00:00.69.9","11","0.0","00:55:34","00:55:42","26","41"
Hardlopen,2022-07-06 20:00:04,false,"Horst aan de Maas Hardlopen","5.00","264","00:26:50","143","153","182","188","5:22","4:48","11","11","1.03","0.0","0.0","0","0","0","0.0","0","0","0.0","0.0","0","0","0","0:00","0.0","0:00","Nee","00:01.87.6","6","0.0","00:26:45","00:26:50","27","40"
Hardlopen,2022-07-04 19:44:04,false,"Horst aan de Maas Hardlopen","7.00","340","00:32:52","153","166","180","188","4:42","3:45","16","17","1.18","0.0","0.0","0","0","0","0.0","0","0","0.0","0.0","0","0","0","0:00","0.0","0:00","Nee","00:01.02.3","8","0.0","00:32:51","00:32:52","29","44"
Hardlopen,2022-07-02 20:38:48,false,"Horst aan de Maas Hardlopen","10.00","545","00:54:19","148","154","180","192","5:26","4:30","17","17","1.02","0.0","0.0","0","0","0","0.0","0","0","0.0","0.0","0","0","0","0:00","0.0","0:00","Nee","00:00.67.5","11","0.0","00:54:17","00:54:19","26","41"
Hardlopen,2022-06-30 19:50:16,false,"Horst aan de Maas Hardlopen","5.00","255","00:23:47","156","183","178","188","4:45","3:40","16","14","1.18","0.0","0.0","0","0","0","0.0","0","0","0.0","0.0","0","0","0","0:00","0.0","0:00","Nee","00:01.10.1","6","0.0","00:23:41","00:23:54","28","40"
Fietsen,2022-06-29 14:29:30,false,"Horst aan de Maas Fietsen","7.17","119","00:23:49","106","122","0","0","18.1","22.5","7","9","0.00","0.0","0.0","0","0","0","0.0","0","0","0.0","0.0","0","0","0","0:00","0.0","0:00","Nee","00:41.60.4","8","0.0","00:23:25","00:23:59","30","38"
Hardlopen,2022-06-28 19:36:12,false,"Horst aan de Maas Hardlopen","5.00","259","00:26:44","142","157","178","188","5:21","4:44","15","14","1.05","0.0","0.0","0","0","0","0.0","0","0","0.0","0.0","0","0","0","0:00","0.0","0:00","Nee","00:01.47.3","6","0.0","00:26:43","00:26:44","27","41"
Hardlopen,2022-06-26 17:37:29,false,"Horst aan de Maas Hardlopen","1.00","52","00:05:15.8","145","173","182","192","5:15","4:14","--","9","1.05","0.0","0.0","0","0","0","0.0","0","0","0.0","0.0","0","0","0","0:00","0.0","0:00","Nee","00:01.00.8","2","0.0","00:05:11","00:05:15.8","31","42"
Hardlopen,2022-06-26 17:04:06,false,"Horst aan de Maas Hardlopen","5.03","258","00:24:58","152","167","180","188","4:58","4:26","9","5","1.12","0.0","0.0","0","0","0","0.0","0","0","0.0","0.0","0","0","0","0:00","0.0","0:00","Nee","00:11.41.6","6","0.0","00:24:54","00:24:58","29","40"
Hardlopen,2022-06-25 18:11:52,false,"Horst aan de Maas Hardlopen","0.76","37","00:04:22.6","129","143","176","180","5:46","5:07","--","4","0.99","0.0","0.0","0","0","0","0.0","0","0","0.0","0.0","0","0","0","0:00","0.0","0:00","Nee","04:22.63.1","1","0.0","00:04:22","00:04:22.6","30","35"
Hardlopen,2022-06-23 18:05:27,false,"Horst aan de Maas Hardlopen","10.00","560","00:52:41","152","170","180","188","5:16","4:35","12","13","1.06","0.0","0.0","0","0","0","0.0","0","0","0.0","0.0","0","0","0","0:00","0.0","0:00","Nee","00:01.18.7","11","0.0","00:52:31","00:52:41","27","40"
Fietsen,2022-06-22 20:15:59,false,"Horst aan de Maas Fietsen","8.89","170","00:25:47","117","151","0","0","20.7","25.5","11","5","0.00","0.0","0.0","0","0","0","0.0","0","0","0.0","0.0","0","0","0","0:00","0.0","0:00","Nee","02:28.09.8","9","0.0","00:25:17","00:25:47","25","37"
Fietsen,2022-06-22 13:46:51,false,"Horst aan de Maas Fietsen","8.63","191","00:27:06","121","140","0","0","19.1","24.7","11","17","0.00","0.0","0.0","0","0","0","0.0","0","0","0.0","0.0","0","0","0","0:00","0.0","0:00","Nee","02:24.03.1","9","0.0","00:26:33","00:28:35","24","36"
Hardlopen,2022-06-21 19:56:50,false,"Horst aan de Maas Hardlopen","5.01","211","00:23:23","137","147","180","192","4:40","4:00","12","13","1.19","0.0","0.0","0","0","0","0.0","0","0","0.0","0.0","0","0","0","0:00","0.0","0:00","Nee","00:02.10.2","6","0.0","00:23:23","00:23:23","28","40"
Hardlopen,2022-06-19 19:35:37,false,"Horst aan de Maas Hardlopen","8.64","469","00:48:29","145","152","178","188","5:37","4:57","11","9","1.00","0.0","0.0","0","0","0","0.0","0","0","0.0","0.0","0","0","0","0:00","0.0","0:00","Nee","03:40.08.7","9","0.0","00:48:24","00:48:29","29","45"
Hardlopen,2022-06-17 19:48:48,false,"Horst aan de Maas Hardlopen","0.15","5","00:01:04.6","100","117","172","178","6:58","5:44","--","--","0.83","0.0","0.0","0","0","0","0.0","0","0","0.0","0.0","0","0","0","0:00","0.0","0:00","Nee","01:04.62","1","0.0","00:00:57","00:01:04.6","33","34"
Hardlopen,2022-06-15 19:42:39,false,"Horst aan de Maas Hardlopen","9.00","453","00:51:10","139","153","180","186","5:41","4:59","11","10","0.98","0.0","0.0","0","0","0","0.0","0","0","0.0","0.0","0","0","0","0:00","0.0","0:00","Nee","00:01.21.8","10","0.0","00:51:08","00:51:10","26","44"
Fietsen,2022-06-15 14:58:34,false,"Horst aan de Maas Fietsen","7.66","105","00:25:20","100","120","0","0","18.1","22.9","8","7","0.00","0.0","0.0","0","0","0","0.0","0","0","0.0","0.0","0","0","0","0:00","0.0","0:00","Nee","02:44.93.8","8","0.0","00:24:50","00:27:11","30","38"
Hardlopen,2022-06-13 19:03:01,false,"Horst aan de Maas Hardlopen","5.00","237","00:23:41","153","168","180","188","4:44","4:12","13","17","1.17","0.0","0.0","0","0","0","0.0","0","0","0.0","0.0","0","0","0","0:00","0.0","0:00","Nee","00:01.06.5","6","0.0","00:23:36","00:23:41","28","40"
Hardlopen,2022-06-11 17:02:12,false,"Horst aan de Maas Hardlopen","4.00","195","00:18:47","159","175","180","188","4:42","4:12","6","6","1.19","0.0","0.0","0","0","0","0.0","0","0","0.0","0.0","0","0","0","0:00","0.0","0:00","Nee","00:01.51.9","5","0.0","00:18:46","00:18:47","29","37"
Hardlopen,2022-06-09 18:19:42,false,"Horst aan de Maas Hardlopen","10.00","519","00:52:02","153","164","180","190","5:12","4:43","14","11","1.07","0.0","0.0","0","0","0","0.0","0","0","0.0","0.0","0","0","0","0:00","0.0","0:00","Nee","00:00.63.8","11","0.0","00:52:00","00:52:02","30","41"
Fietsen,2022-06-08 12:03:59,false,"Horst aan de Maas Fietsen","8.88","164","00:24:50","121","148","0","0","21.5","27.2","8","17","0.00","0.0","0.0","0","0","0","0.0","0","0","0.0","0.0","0","0","0","0:00","0.0","0:00","Nee","02:20.85.6","9","0.0","00:24:35","00:24:58","24","36"
Hardlopen,2022-06-07 19:21:41,false,"Horst aan de Maas Hardlopen","5.00","256","00:26:56","145","157","180","186","5:23","4:17","12","12","1.03","0.0","0.0","0","0","0","0.0","0","0","0.0","0.0","0","0","0","0:00","0.0","0:00","Nee","00:00.96.6","6","0.0","00:26:49","00:27:13","29","39"
Hardlopen,2022-06-05 18:40:08,false,"Horst aan de Maas Hardlopen","5.00","247","00:25:27","151","164","180","188","5:05","4:10","7","7","1.09","0.0","0.0","0","0","0","0.0","0","0","0.0","0.0","0","0","0","0:00","0.0","0:00","Nee","00:00.70.2","6","0.0","00:25:27","00:25:27","28","40"
Hardlopen,2022-06-03 15:32:27,false,"Stadskanaal Hardlopen","10.00","535","00:53:52","155","173","180","186","5:23","4:43","8","9","1.03","0.0","0.0","0","0","0","0.0","0","0","0.0","0.0","0","0","0","0:00","0.0","0:00","Nee","00:00.67.5","11","0.0","00:53:44","00:53:52","6","14"
Hardlopen,2022-06-01 12:58:02,false,"Borger-Odoorn Hardlopen","1.97","107","00:10:52","151","158","182","186","5:30","4:48","--","2","1.00","0.0","0.0","0","0","0","0.0","0","0","0.0","0.0","0","0","0","0:00","0.0","0:00","Nee","05:15.93.6","2","0.0","00:10:45","00:10:52","5","9"
Hardlopen,2022-06-01 12:30:43,false,"Stadskanaal Hardlopen","4.00","220","00:22:38","148","178","180","186","5:40","4:50","4","1","0.98","0.0","0.0","0","0","0","0.0","0","0","0.0","0.0","0","0","0","0:00","0.0","0:00","Nee","05:31.91.1","4","0.0","00:22:37","00:22:38","6","16"
Hardlopen,2022-05-30 15:47:46,false,"Stadskanaal Hardlopen","5.00","242","00:24:42","155","165","180","186","4:56","4:02","3","3","1.12","0.0","0.0","0","0","0","0.0","0","0","0.0","0.0","0","0","0","0:00","0.0","0:00","Nee","00:01.07","6","0.0","00:24:41","00:24:42","5","12"
Hardlopen,2022-05-28 15:18:59,false,"Stadskanaal Hardlopen","5.00","271","00:25:51","160","172","178","186","5:10","4:37","4","2","1.08","0.0","0.0","0","0","0","0.0","0","0","0.0","0.0","0","0","0","0:00","0.0","0:00","Nee","00:01.11.8","6","0.0","00:25:50","00:25:51","6","12"
Hardlopen,2022-05-26 15:50:27,false,"Stadskanaal Hardlopen","5.00","289","00:27:32","156","172","182","188","5:30","4:22","3","3","0.99","0.0","0.0","0","0","0","0.0","0","0","0.0","0.0","0","0","0","0:00","0.0","0:00","Nee","00:00.63.4","6","0.0","00:27:32","00:27:32","3","9"
Hardlopen,2022-05-24 15:42:30,false,"Stadskanaal Hardlopen","4.00","252","00:24:40","147","161","178","240","6:10","4:35","2","1","0.91","0.0","0.0","0","0","0","0.0","0","0","0.0","0.0","0","0","0","0:00","0.0","0:00","Nee","00:01.22.3","5","0.0","00:24:39","00:25:33","8","14"
Wandelen,2022-05-23 16:58:11,false,"Stadskanaal Wandelen","1.05","54","00:12:50","82","114","114","120","12:14","4:16","--","--","0.72","0.0","0.0","0","0","0","0.0","0","0","0.0","0.0","0","0","0","0:00","0.0","0:00","Nee","00:33.15.2","2","0.0","00:12:44","00:15:41","7","9"
Wandelen,2022-05-23 13:06:17,false,"Stadskanaal Wandelen","0.45","25","00:04:36.1","103","112","124","176","10:09","6:13","--","--","0.79","0.0","0.0","0","0","0","0.0","0","0","0.0","0.0","0","0","0","0:00","0.0","0:00","Nee","04:36.12.4","1","0.0","00:04:29","00:04:36.1","8","9"
Hardlopen,2022-05-22 12:09:02,false,"Stadskanaal Hardlopen","3.00","138","00:17:46","124","145","176","182","5:55","4:57","--","--","0.96","0.0","0.0","0","0","0","0.0","0","0","0.0","0.0","0","0","0","0:00","0.0","0:00","Nee","00:00.56.8","4","0.0","00:17:41","00:17:46","8","13"
Cardio,2022-05-20 12:54:56,false,"Cardio","13.18","45","00:20:10","78","108","116","116","39.2","44.3","--","--","5.73","0.0","0.0","0","0","0","0.0","0","0","0.0","0.0","0","0","0","0:00","0.0","0:00","Nee","00:37.64","14","0.0","00:19:49","00:20:33","--","--"
Fietsen,2022-05-11 15:37:17,false,"Ko Pha-Ngan Fietsen","3.76","120","00:12:25","142","173","0","0","18.2","31.4","29","32","0.00","0.0","0.0","0","0","0","0.0","0","0","0.0","0.0","0","0","0","0:00","0.0","0:00","Nee","02:25.77.2","4","0.0","00:11:53","00:12:46","--","33"
Fietsen,2022-02-12 09:58:15,false,"Ko Pha-Ngan Fietsen","3.14","130","00:15:16","131","181","0","0","12.3","32.5","90","78","0.00","0.0","0.0","0","0","0","0.0","0","0","0.0","0.0","0","0","0","0:00","0.0","0:00","Nee","00:35.31.4","4","0.0","00:14:56","00:15:16","12","61"
Fietsen,2022-02-08 08:03:01,false,"Ko Pha-Ngan Fietsen","7.62","196","00:23:31","131","164","0","0","19.4","28.9","33","39","0.00","0.0","0.0","0","0","0","0.0","0","0","0.0","0.0","0","0","0","0:00","0.0","0:00","Nee","02:21.06.5","8","0.0","00:23:21","00:23:34","7","33"
Fietsen,2022-01-30 11:21:47,false,"Ko Pha-Ngan Fietsen","6.51","107","00:17:24","112","112","0","0","22.5","29.3","21","35","0.00","0.0","0.0","0","0","0","0.0","0","0","0.0","0.0","0","0","0","0:00","0.0","0:00","Nee","01:20.20.6","7","0.0","00:17:08","00:17:24","7","31"
Fietsen,2022-01-30 10:27:33,false,"Ko Pha-Ngan Fietsen","2.85","39","00:09:24.9","94","110","0","0","18.2","29.3","21","6","0.00","0.0","0.0","0","0","0","0.0","0","0","0.0","0.0","0","0","0","0:00","0.0","0:00","Nee","02:23.76.8","3","0.0","00:08:52","00:09:24.9","7","33"
Fietsen,2022-01-20 10:18:16,false,"Ko Pha-Ngan Fietsen","3.19","106","00:10:24","149","167","0","0","18.4","27.4","14","11","0.00","0.0","0.0","0","0","0","0.0","0","0","0.0","0.0","0","0","0","0:00","0.0","0:00","Nee","00:57.47.1","4","0.0","00:09:53.5","00:12:03","10","30"
Fietsen,2022-01-20 10:07:03,false,"Ko Pha-Ngan Fietsen","1.30","32","00:04:16.6","122","141","0","0","18.3","24.9","--","12","0.00","0.0","0.0","0","0","0","0.0","0","0","0.0","0.0","0","0","0","0:00","0.0","0:00","Nee","00:52.22.2","2","0.0","00:03:40","00:04:35.7","12","26"
Fietsen,2022-01-04 13:27:28,false,"Ko Pha-Ngan Fietsen","6.86","172","00:21:59","125","159","0","0","18.7","33.4","69","69","0.00","0.0","0.0","0","0","0","0.0","0","0","0.0","0.0","0","0","0","0:00","0.0","0:00","Nee","02:30.35.2","7","0.0","00:21:58","00:21:59","1","33"
Fietsen,2022-01-04 11:01:51,false,"Ko Pha-Ngan Fietsen","6.33","123","00:19:30","114","135","0","0","19.5","29.4","15","30","0.00","0.0","0.0","0","0","0","0.0","0","0","0.0","0.0","0","0","0","0:00","0.0","0:00","Nee","01:24.02.4","7","0.0","00:18:57","00:20:36","7","29"
Fietsen,2022-01-04 08:59:31,false,"Ko Pha-Ngan Fietsen","2.85","75","00:08:32.6","132","158","0","0","20.0","31.0","19","9","0.00","0.0","0.0","0","0","0","0.0","0","0","0.0","0.0","0","0","0","0:00","0.0","0:00","Nee","02:25.33.3","3","0.0","00:08:11","00:08:41.6","7","32"
Fietsen,2022-01-01 15:17:12,false,"Ko Pha-Ngan Fietsen","2.80","133","00:13:48","141","179","0","0","12.2","36.0","76","75","0.00","0.0","0.0","0","0","0","0.0","0","0","0.0","0.0","0","0","0","0:00","0.0","0:00","Nee","02:59.49","3","0.0","00:13:29","00:13:48","11","65"
Fietsen,2022-01-01 11:49:32,false,"Ko Pha-Ngan Fietsen","3.84","176","00:17:07","147","173","0","0","13.5","30.8","71","63","0.00","0.0","0.0","0","0","0","0.0","0","0","0.0","0.0","0","0","0","0:00","0.0","0:00","Nee","03:37.82","4","0.0","00:16:39","00:17:21","6","65"
Hardlopen,2021-12-20 17:17:24,false,"Chiang Mai Hardlopen","1.00","49","00:04:55.7","140","153","178","184","4:56","4:18","--","--","1.14","0.0","0.0","0","0","0","0.0","0","0","0.0","0.0","0","0","0","0:00","0.0","0:00","Nee","00:00.43.9","2","0.0","00:04:47.4","00:04:55.7","308","314"
Hardlopen,2021-11-11 13:52:02,false,"Stadskanaal Hardlopen","5.01","272","00:25:54","146","157","178","186","5:10","4:22","3","1","1.08","0.0","0.0","0","0","0","0.0","0","0","0.0","0.0","0","0","0","0:00","0.0","0:00","Nee","00:01.80","6","0.0","00:25:52","00:25:54","6","13"
Hardlopen,2021-11-08 15:45:12,false,"Stadskanaal Hardlopen","6.01","312","00:28:45","151","162","176","184","4:47","4:00","--","1","1.18","0.0","0.0","0","0","0","0.0","0","0","0.0","0.0","0","0","0","0:00","0.0","0:00","Nee","00:02.49.3","7","0.0","00:28:38","00:28:47","7","11"
Hardlopen,2021-11-03 15:47:48,false,"Stadskanaal Hardlopen","5.00","238","00:24:40","139","153","178","184","4:56","4:13","2","3","1.14","0.0","0.0","0","0","0","0.0","0","0","0.0","0.0","0","0","0","0:00","0.0","0:00","Nee","00:02.02.9","6","0.0","00:24:39","00:24:40","7","12"
Hardlopen,2021-10-31 15:38:53,false,"Stadskanaal Hardlopen","10.00","533","00:49:44","151","168","180","186","4:58","4:16","4","3","1.11","0.0","0.0","0","0","0","0.0","0","0","0.0","0.0","0","0","0","0:00","0.0","0:00","Nee","00:00.63.5","11","0.0","00:49:38","00:49:44","3","12"
Hardlopen,2021-10-29 12:55:39,false,"Stadskanaal Hardlopen","6.00","299","00:27:10","154","167","180","190","4:32","4:05","2","2","1.23","0.0","0.0","0","0","0","0.0","0","0","0.0","0.0","0","0","0","0:00","0.0","0:00","Nee","00:01.05.5","7","0.0","00:27:02","00:27:10","7","12"
Hardlopen,2021-10-24 15:42:41,false,"Arnhem Hardlopen","5.02","262","00:26:21","142","160","180","190","5:15","4:39","59","43","1.06","0.0","0.0","0","0","0","0.0","0","0","0.0","0.0","0","0","0","0:00","0.0","0:00","Nee","00:06.50.5","6","0.0","00:26:16","00:26:36","8","66"
Hardlopen,2021-10-22 17:27:32,false,"Arnhem Hardlopen","6.00","321","00:30:02","147","158","180","186","5:00","4:17","10","6","1.11","0.0","0.0","0","0","0","0.0","0","0","0.0","0.0","0","0","0","0:00","0.0","0:00","Nee","00:01.39.1","7","0.0","00:30:00","00:30:02","9","19"
Hardlopen,2021-10-20 18:45:11,false,"Arnhem Hardlopen","5.00","246","00:24:05","142","166","180","186","4:49","3:35","33","35","1.15","0.0","0.0","0","0","0","0.0","0","0","0.0","0.0","0","0","0","0:00","0.0","0:00","Nee","00:00.90.2","6","0.0","00:23:56","00:24:05","8","39"
Fietsen,2021-10-20 15:40:25,false,"Arnhem Fietsen","1.88","47","00:08:23.3","104","126","0","0","13.5","22.4","5","14","0.00","0.0","0.0","0","0","0","0.0","0","0","0.0","0.0","0","0","0","0:00","0.0","0:00","Nee","03:36.98.5","2","0.0","00:08:05.0","00:10:05","15","28"
Fietsen,2021-10-20 15:40:04,false,"Fietsen","0.00","--","00:00:02.3","121","121","0","0","5.5","10.4","--","--","0.00","0.0","0.0","0","0","0","0.0","0","0","0.0","0.0","0","0","0","0:00","0.0","0:00","Nee","00:02.29.2","1","0.0","00:00:00","00:00:02.3","--","--"
Hardlopen,2021-10-18 18:44:01,false,"Arnhem Hardlopen","6.00","313","00:29:00","149","178","176","190","4:50","4:01","7","6","1.17","0.0","0.0","0","0","0","0.0","0","0","0.0","0.0","0","0","0","0:00","0.0","0:00","Nee","00:00.87","7","0.0","00:28:53","00:29:00","9","19"
Wandelen,2021-10-16 17:09:41,false,"Arnhem Wandelen","0.79","39","00:07:08.6","97","107","128","184","9:01","2:56","--","--","0.87","0.0","0.0","0","0","0","0.0","0","0","0.0","0.0","0","0","0","0:00","0.0","0:00","Nee","07:08.54.9","1","0.0","00:07:04","00:07:08.6","15","23"
Hardlopen,2021-10-16 16:25:01,false,"Arnhem Hardlopen","5.00","258","00:24:14","147","162","180","198","4:51","3:29","30","24","1.14","0.0","0.0","0","0","0","0.0","0","0","0.0","0.0","0","0","0","0:00","0.0","0:00","Nee","00:00.85.6","6","0.0","00:24:05","00:24:14","7","42"
Fietsen,2021-10-14 15:39:26,false,"Arnhem Fietsen","2.69","52","00:10:57","97","122","0","0","14.7","22.3","13","3","0.00","0.0","0.0","0","0","0","0.0","0","0","0.0","0.0","0","0","0","0:00","0.0","0:00","Nee","03:13.37.6","3","0.0","00:10:32","00:14:18","11","28"
Hardlopen,2021-10-13 15:28:44,false,"Arnhem Hardlopen","10.00","469","00:50:00","137","144","180","188","5:00","3:48","42","42","1.12","0.0","0.0","0","0","0","0.0","0","0","0.0","0.0","0","0","0","0:00","0.0","0:00","Nee","00:01.42.9","11","0.0","00:49:58","00:50:00","6","19"
Hardlopen,2021-10-11 17:31:46,false,"Arnhem Hardlopen","5.00","247","00:23:43","146","162","180","188","4:45","3:57","7","5","1.17","0.0","0.0","0","0","0","0.0","0","0","0.0","0.0","0","0","0","0:00","0.0","0:00","Nee","04:28.59.1","5","0.0","00:23:36","00:23:43","9","18"
Hardlopen,2021-10-09 19:32:59,false,"Arnhem Hardlopen","6.00","322","00:31:08","145","160","178","186","5:11","4:09","13","11","1.08","0.0","0.0","0","0","0","0.0","0","0","0.0","0.0","0","0","0","0:00","0.0","0:00","Nee","00:00.86.7","7","0.0","00:31:04","00:31:08","8","21"
Hardlopen,2021-10-06 15:43:53,false,"Stadskanaal Hardlopen","6.00","317","00:29:54","148","160","182","188","4:59","4:27","1","2","1.11","0.0","0.0","0","0","0","0.0","0","0","0.0","0.0","0","0","0","0:00","0.0","0:00","Nee","00:00.84.8","7","0.0","00:29:45","00:29:54","7","11"
Hardlopen,2021-10-04 14:56:22,false,"Stadskanaal Hardlopen","12.51","502","01:06:33","138","157","180","188","5:19","4:21","9","10","1.04","0.0","0.0","0","0","0","0.0","0","0","0.0","0.0","0","0","0","0:00","0.0","0:00","Nee","02:46.60.4","13","0.0","01:06:29","01:06:36","6","12"
Hardlopen,2021-10-02 15:15:52,false,"Stadskanaal Hardlopen","8.01","399","00:35:33","153","176","180","188","4:26","4:07","5","4","1.25","0.0","0.0","0","0","0","0.0","0","0","0.0","0.0","0","0","0","0:00","0.0","0:00","Nee","00:02.53.2","9","0.0","00:35:24","00:35:33","3","9"
Hardlopen,2021-09-30 17:53:05,false,"Horst aan de Maas Hardlopen","5.00","248","00:22:36","150","163","180","188","4:31","3:45","8","5","1.23","0.0","0.0","0","0","0","0.0","0","0","0.0","0.0","0","0","0","0:00","0.0","0:00","Nee","00:01.67.9","6","0.0","00:22:28","00:22:36","29","41"
Hardlopen,2021-09-28 19:13:18,false,"Horst aan de Maas Hardlopen","4.00","201","00:18:23","151","163","180","192","4:36","3:48","5","4","1.21","0.0","0.0","0","0","0","0.0","0","0","0.0","0.0","0","0","0","0:00","0.0","0:00","Nee","00:00.75","5","0.0","00:18:16","00:18:38","29","36"
Hardlopen,2021-09-28 18:56:28,false,"Horst aan de Maas Hardlopen","3.09","155","00:14:08","152","162","180","188","4:34","4:01","8","8","1.22","0.0","0.0","0","0","0","0.0","0","0","0.0","0.0","0","0","0","0:00","0.0","0:00","Nee","00:28.75.6","4","0.0","00:14:00","00:14:08","32","42"
Hardlopen,2021-09-26 18:44:39,false,"Horst aan de Maas Hardlopen","12.00","668","01:00:21","149","155","180","188","5:02","4:10","18","16","1.11","0.0","0.0","0","0","0","0.0","0","0","0.0","0.0","0","0","0","0:00","0.0","0:00","Nee","00:01.13.1","13","0.0","01:00:16","01:01:12","29","45"
Hardlopen,2021-09-24 19:18:51,false,"Horst aan de Maas Hardlopen","5.00","257","00:24:11","142","151","176","186","4:50","3:54","8","9","1.17","0.0","0.0","0","0","0","0.0","0","0","0.0","0.0","0","0","0","0:00","0.0","0:00","Nee","00:01.25.9","6","0.0","00:24:08","00:24:11","28","41"
Hardlopen,2021-09-22 19:13:43,false,"Horst aan de Maas Hardlopen","6.00","300","00:27:45","145","170","178","188","4:37","3:46","11","10","1.21","0.0","0.0","0","0","0","0.0","0","0","0.0","0.0","0","0","0","0:00","0.0","0:00","Nee","00:01.17.4","7","0.0","00:27:42","00:32:23","27","41"
Hardlopen,2021-09-20 18:54:25,false,"Horst aan de Maas Hardlopen","6.52","326","00:30:01","146","162","180","198","4:36","3:29","20","20","1.20","0.0","0.0","0","0","0","0.0","0","0","0.0","0.0","0","0","0","0:00","0.0","0:00","Nee","02:15.10.8","7","0.0","00:29:53","00:30:05","27","44"
Hardlopen,2021-09-18 18:54:00,false,"Horst aan de Maas Hardlopen","10.00","504","00:47:58","143","181","178","194","4:48","3:45","12","16","1.17","0.0","0.0","0","0","0","0.0","0","0","0.0","0.0","0","0","0","0:00","0.0","0:00","Nee","00:01.10.6","11","0.0","00:47:54","00:47:58","26","42"
Hardlopen,2021-09-17 19:29:01,false,"Horst aan de Maas Hardlopen","2.00","91","00:09:53.7","127","140","174","182","4:57","4:37","5","4","1.16","0.0","0.0","0","0","0","0.0","0","0","0.0","0.0","0","0","0","0:00","0.0","0:00","Nee","00:00.63.8","3","0.0","00:09:53.5","00:09:53.7","29","40"
Fietsen,2021-09-16 21:55:01,false,"Horst aan de Maas Fietsen","8.94","166","00:30:40","104","129","0","0","17.5","22.7","13","5","0.00","0.0","0.0","0","0","0","0.0","0","0","0.0","0.0","0","0","0","0:00","0.0","0:00","Nee","02:49.19.4","9","0.0","00:30:16","00:32:43","25","37"
Fietsen,2021-09-15 13:44:30,false,"Horst aan de Maas Fietsen","8.87","174","00:27:30","112","140","0","0","19.4","25.6","11","19","0.00","0.0","0.0","0","0","0","0.0","0","0","0.0","0.0","0","0","0","0:00","0.0","0:00","Nee","02:36.67.3","9","0.0","00:26:58","00:27:30","24","36"
Hardlopen,2021-09-14 19:05:57,false,"Horst aan de Maas Hardlopen","5.01","239","00:22:29","145","153","178","188","4:29","3:41","13","12","1.25","0.0","0.0","0","0","0","0.0","0","0","0.0","0.0","0","0","0","0:00","0.0","0:00","Nee","00:02.00","6","0.0","00:22:29","00:22:29","28","44"
Hardlopen,2021-09-14 18:57:55,false,"Horst aan de Maas Hardlopen","0.95","44","00:04:46.0","129","137","172","180","5:03","4:12","--","2","1.15","0.0","0.0","0","0","0","0.0","0","0","0.0","0.0","0","0","0","0:00","0.0","0:00","Nee","04:45.97.1","1","0.0","00:04:46.0","00:04:46.0","32","35"
Hardlopen,2021-09-12 18:27:10,false,"Horst aan de Maas Hardlopen","0.35","15","00:01:36.2","140","152","180","186","4:31","3:52","--","--","1.23","0.0","0.0","0","0","0","0.0","0","0","0.0","0.0","0","0","0","0:00","0.0","0:00","Nee","01:36.20.6","1","0.0","00:01:36","00:01:36.2","32","34"
Hardlopen,2021-09-12 18:03:41,false,"Horst aan de Maas Hardlopen","4.02","194","00:18:46","144","169","180","194","4:40","3:18","5","5","1.19","0.0","0.0","0","0","0","0.0","0","0","0.0","0.0","0","0","0","0:00","0.0","0:00","Nee","00:06.52.6","5","0.0","00:18:45","00:19:09","29","37"
Hardlopen,2021-09-10 18:14:26,false,"Horst aan de Maas Hardlopen","10.00","481","00:50:52","137","147","180","188","5:05","4:29","7","12","1.09","0.0","0.0","0","0","0","0.0","0","0","0.0","0.0","0","0","0","0:00","0.0","0:00","Nee","00:01.01.1","11","0.0","00:50:51","00:50:52","26","44"
Hardlopen,2021-09-08 19:48:41,false,"Horst aan de Maas Hardlopen","6.01","294","00:27:45","150","171","180","188","4:37","3:47","15","17","1.21","0.0","0.0","0","0","0","0.0","0","0","0.0","0.0","0","0","0","0:00","0.0","0:00","Nee","00:02.09.8","7","0.0","00:27:38","00:28:56","28","44"
Hardlopen,2021-09-06 17:01:13,false,"Horst aan de Maas Hardlopen","12.00","633","01:00:39","147","157","180","188","5:03","4:23","19","20","1.10","0.0","0.0","0","0","0","0.0","0","0","0.0","0.0","0","0","0","0:00","0.0","0:00","Nee","00:01.03.9","13","0.0","01:00:37","01:00:39","27","41"
Hardlopen,2021-09-04 19:56:06,false,"Horst aan de Maas Hardlopen","2.95","135","00:12:02","155","181","182","190","4:04","3:30","7","6","1.36","0.0","0.0","0","0","0","0.0","0","0","0.0","0.0","0","0","0","0:00","0.0","0:00","Nee","03:54.07","3","0.0","00:11:53","00:12:02","27","40"
Hardlopen,2021-09-04 19:50:15,false,"Horst aan de Maas Hardlopen","1.00","43","00:04:57.0","125","140","176","182","4:57","4:35","--","--","1.15","0.0","0.0","0","0","0","0.0","0","0","0.0","0.0","0","0","0","0:00","0.0","0:00","Nee","00:00.84.8","2","0.0","00:04:57.0","00:04:57.0","28","37"
Hardlopen,2021-09-02 19:01:37,false,"Horst aan de Maas Hardlopen","5.00","244","00:24:38","141","155","178","184","4:56","4:09","5","8","1.14","0.0","0.0","0","0","0","0.0","0","0","0.0","0.0","0","0","0","0:00","0.0","0:00","Nee","00:00.87.9","6","0.0","00:24:37","00:24:38","29","37"
Fietsen,2021-08-31 18:51:07,false,"Peel en Maas Cardio","7.78","142","00:31:19","98","123","116","118","14.9","19.2","12","14","1.32","0.0","0.0","0","0","0","0.0","0","0","0.0","0.0","0","0","0","0:00","0.0","0:00","Nee","03:19.44.9","8","0.0","00:00:00","00:32:46","29","38"
Fietsen,2021-08-31 15:14:23,false,"Horst aan de Maas Fietsen","7.32","127","00:23:31","107","141","0","0","18.7","24.1","6","7","0.00","0.0","0.0","0","0","0","0.0","0","0","0.0","0.0","0","0","0","0:00","0.0","0:00","Nee","01:19.35.3","8","0.0","00:23:13","00:25:28","30","38"
Hardlopen,2021-08-30 19:03:12,false,"Horst aan de Maas Hardlopen","6.71","368","00:33:01","155","165","178","186","4:55","3:56","10","6","1.14","0.0","0.0","0","0","0","0.0","0","0","0.0","0.0","0","0","0","0:00","0.0","0:00","Nee","03:27.32.6","7","0.0","00:33:00","00:33:01","26","40"
Hardlopen,2021-08-28 19:16:37,false,"Horst aan de Maas Hardlopen","5.00","272","00:24:42","151","160","180","186","4:56","4:12","10","11","1.12","0.0","0.0","0","0","0","0.0","0","0","0.0","0.0","0","0","0","0:00","0.0","0:00","Nee","00:01.10.1","6","0.0","00:24:40","00:24:42","29","37"
Hardlopen,2021-08-26 19:11:00,false,"Horst aan de Maas Hardlopen","4.05","187","00:16:53","152","170","182","190","4:10","3:39","11","5","1.32","0.0","0.0","0","0","0","0.0","0","0","0.0","0.0","0","0","0","0:00","0.0","0:00","Nee","00:13.89","5","0.0","00:16:51","00:16:53","27","41"
Hardlopen,2021-08-24 18:48:30,false,"Horst aan de Maas Hardlopen","10.00","172","00:48:40","87","123","182","194","4:52","4:15","12","12","1.13","0.0","0.0","0","0","0","0.0","0","0","0.0","0.0","0","0","0","0:00","0.0","0:00","Nee","00:01.88.1","11","0.0","00:48:32","00:49:00","26","44"
Hardlopen,2021-08-22 15:50:48,false,"Horst aan de Maas Hardlopen","7.08","385","00:36:21","145","155","182","188","5:08","4:34","13","7","1.07","0.0","0.0","0","0","0","0.0","0","0","0.0","0.0","0","0","0","0:00","0.0","0:00","Nee","00:29.79.5","8","0.0","00:36:15","00:36:21","26","41"
Fietsen,2021-08-21 17:47:28,false,"Peel en Maas Fietsen","7.90","121","00:26:50","97","130","0","0","17.7","22.7","5","8","0.00","0.0","0.0","0","0","0","0.0","0","0","0.0","0.0","0","0","0","0:00","0.0","0:00","Nee","02:48.24.6","8","0.0","00:26:12","00:27:52","29","39"
Fietsen,2021-08-21 16:54:47,false,"Horst aan de Maas Fietsen","7.49","156","00:21:02","118","148","0","0","21.4","29.6","12","11","0.00","0.0","0.0","0","0","0","0.0","0","0","0.0","0.0","0","0","0","0:00","0.0","0:00","Nee","01:42.76.8","8","0.0","00:20:43","00:21:23","29","38"
Hardlopen,2021-08-19 18:58:22,false,"Horst aan de Maas Hardlopen","6.00","310","00:28:39","146","156","182","192","4:46","4:11","15","18","1.15","0.0","0.0","0","0","0","0.0","0","0","0.0","0.0","0","0","0","0:00","0.0","0:00","Nee","00:00.97.2","7","0.0","00:28:37","00:28:52","28","44"
Hardlopen,2021-08-17 19:24:28,false,"Horst aan de Maas Hardlopen","5.00","222","00:22:49","136","147","178","200","4:34","3:05","1","3","1.23","0.0","0.0","0","0","0","0.0","0","0","0.0","0.0","0","0","0","0:00","0.0","0:00","Nee","00:00.52.7","6","0.0","00:22:43","00:27:39","29","36"
Hardlopen,2021-08-15 20:04:54,false,"Horst aan de Maas Hardlopen","10.00","579","00:50:50","149","156","180","188","5:05","3:45","18","21","1.10","0.0","0.0","0","0","0","0.0","0","0","0.0","0.0","0","0","0","0:00","0.0","0:00","Nee","00:01.37.6","11","0.0","00:50:41","00:51:01","26","43"
Fietsen,2021-08-15 16:37:00,false,"Peel en Maas Fietsen","8.33","140","00:30:15","75","81","0","0","16.5","20.9","7","8","0.00","0.0","0.0","0","0","0","0.0","0","0","0.0","0.0","0","0","0","0:00","0.0","0:00","Nee","01:42.66.2","9","0.0","00:29:47","00:38:37","29","38"
Fietsen,2021-08-15 15:27:16,false,"Horst aan de Maas Fietsen","7.73","87","00:26:22","77","96","0","0","17.6","27.3","13","14","0.00","0.0","0.0","0","0","0","0.0","0","0","0.0","0.0","0","0","0","0:00","0.0","0:00","Nee","02:41.14.5","8","0.0","00:26:20","00:26:22","30","38"
Hardlopen,2021-08-13 19:19:59,false,"Horst aan de Maas Hardlopen","6.00","295","00:26:30","147","171","180","192","4:25","3:40","10","13","1.26","0.0","0.0","0","0","0","0.0","0","0","0.0","0.0","0","0","0","0:00","0.0","0:00","Nee","00:00.97.5","7","0.0","00:26:21","00:26:30","27","41"
Fietsen,2021-08-12 20:46:08,false,"Horst aan de Maas Fietsen","8.70","173","00:29:32","107","123","0","0","17.7","22.5","13","6","0.00","0.0","0.0","0","0","0","0.0","0","0","0.0","0.0","0","0","0","0:00","0.0","0:00","Nee","02:51.41.9","9","0.0","00:28:42","00:37:39","24","36"
Fietsen,2021-08-12 13:45:19,false,"Horst aan de Maas Fietsen","8.85","168","00:24:22","113","126","0","0","21.8","28.8","6","15","0.00","0.0","0.0","0","0","0","0.0","0","0","0.0","0.0","0","0","0","0:00","0.0","0:00","Nee","02:11.90.4","9","0.0","00:24:02","00:24:54","24","36"
Hardlopen,2021-08-10 18:13:26,false,"Horst aan de Maas Hardlopen","5.06","259","00:25:30","136","154","180","186","5:02","3:24","7","10","1.11","0.0","0.0","0","0","0","0.0","0","0","0.0","0.0","0","0","0","0:00","0.0","0:00","Nee","00:20.62.7","6","0.0","00:25:21","00:25:30","27","41"
Hardlopen,2021-08-07 18:40:32,false,"Horst aan de Maas Hardlopen","5.00","248","00:23:49","139","149","178","184","4:46","3:54","9","12","1.18","0.0","0.0","0","0","0","0.0","0","0","0.0","0.0","0","0","0","0:00","0.0","0:00","Nee","00:00.64.8","6","0.0","00:23:48","00:23:49","28","40"
Hardlopen,2021-08-05 19:22:21,false,"Horst aan de Maas Hardlopen","8.52","169","00:41:42","94","94","182","190","4:54","4:22","9","15","1.12","0.0","0.0","0","0","0","0.0","0","0","0.0","0.0","0","0","0","0:00","0.0","0:00","Nee","02:34.10.8","9","0.0","00:41:39","00:41:42","26","44"
Hardlopen,2021-08-03 19:13:00,false,"Horst aan de Maas Hardlopen","8.00","440","00:39:50","145","154","180","188","4:59","4:34","10","11","1.12","0.0","0.0","0","0","0","0.0","0","0","0.0","0.0","0","0","0","0:00","0.0","0:00","Nee","04:49.44.7","8","0.0","00:39:44","00:39:50","26","41"
Hardlopen,2021-08-01 18:18:28,false,"Horst aan de Maas Hardlopen","4.00","199","00:17:42","148","165","180","186","4:26","4:05","6","5","1.26","0.0","0.0","0","0","0","0.0","0","0","0.0","0.0","0","0","0","0:00","0.0","0:00","Nee","00:00.81.9","5","0.0","00:17:34","00:17:42","29","37"
Hardlopen,2021-07-30 19:51:26,false,"Horst aan de Maas Hardlopen","10.02","505","00:47:40","142","156","180","190","4:46","4:13","12","14","1.17","0.0","0.0","0","0","0","0.0","0","0","0.0","0.0","0","0","0","0:00","0.0","0:00","Nee","00:04.49.5","11","0.0","00:47:38","00:47:40","26","43"
Hardlopen,2021-07-29 17:46:48,false,"Horst aan de Maas Hardlopen","0.67","35","00:03:37.7","129","137","178","186","5:26","4:22","--","5","1.04","0.0","0.0","0","0","0","0.0","0","0","0.0","0.0","0","0","0","0:00","0.0","0:00","Nee","03:37.65.2","1","0.0","00:03:37.7","00:03:37.7","32","38"
Hardlopen,2021-07-27 17:52:03,false,"Horst aan de Maas Hardlopen","6.00","279","00:26:10","144","171","178","188","4:22","3:47","13","11","1.28","0.0","0.0","0","0","0","0.0","0","0","0.0","0.0","0","0","0","0:00","0.0","0:00","Nee","00:01.28.1","7","0.0","00:26:03","00:26:10","28","41"
Hardlopen,2021-07-25 17:19:31,false,"Horst aan de Maas Hardlopen","0.52","26","00:02:50.8","126","137","182","186","5:27","4:57","--","--","1.01","0.0","0.0","0","0","0","0.0","0","0","0.0","0.0","0","0","0","0:00","0.0","0:00","Nee","02:50.75.7","1","0.0","00:02:49","00:02:50.8","32","34"
Hardlopen,2021-07-25 16:48:51,false,"Horst aan de Maas Hardlopen","4.48","219","00:20:31","147","163","180","190","4:35","3:40","--","2","1.21","0.0","0.0","0","0","0","0.0","0","0","0.0","0.0","0","0","0","0:00","0.0","0:00","Nee","02:34.83.7","5","0.0","00:20:30","00:21:56","29","36"
Hardlopen,2021-07-23 20:22:14,false,"Horst aan de Maas Hardlopen","5.00","110","00:24:57","94","126","180","186","4:59","2:56","6","8","1.12","0.0","0.0","0","0","0","0.0","0","0","0.0","0.0","0","0","0","0:00","0.0","0:00","Nee","00:01.43.4","6","0.0","00:24:57","00:24:57","27","41"
Hardlopen,2021-07-21 19:01:48,false,"Horst aan de Maas Hardlopen","10.01","538","00:48:51","146","161","182","188","4:53","4:07","20","20","1.13","0.0","0.0","0","0","0","0.0","0","0","0.0","0.0","0","0","0","0:00","0.0","0:00","Nee","00:02.54.6","11","0.0","00:48:43","00:48:51","26","42"
Fietsen,2021-07-20 17:40:32,false,"Horst aan de Maas Fietsen","8.06","115","00:26:15","94","109","0","0","18.4","23.2","8","--","0.00","0.0","0.0","0","0","0","0.0","0","0","0.0","0.0","0","0","0","0:00","0.0","0:00","Nee","00:18.40.2","9","0.0","00:25:59","00:26:27","26","36"
Fietsen,2021-07-20 15:18:57,false,"Horst aan de Maas Fietsen","6.41","125","00:20:57","107","136","0","0","18.4","22.4","3","9","0.00","0.0","0.0","0","0","0","0.0","0","0","0.0","0.0","0","0","0","0:00","0.0","0:00","Nee","01:31.51.8","7","0.0","00:20:31","00:20:57","26","36"
Hardlopen,2021-07-18 20:35:50,false,"Horst aan de Maas Hardlopen","5.00","223","00:29:04","118","126","174","180","5:49","4:53","8","11","0.98","0.0","0.0","0","0","0","0.0","0","0","0.0","0.0","0","0","0","0:00","0.0","0:00","Nee","00:01.70.7","6","0.0","00:29:02","00:29:04","28","41"
Fietsen,2021-07-15 20:18:38,false,"Horst aan de Maas Fietsen","8.87","177","00:29:45","108","141","0","0","17.9","25.3","13","4","0.00","0.0","0.0","0","0","0","0.0","0","0","0.0","0.0","0","0","0","0:00","0.0","0:00","Nee","02:43.00","9","0.0","00:29:13","00:35:24","24","36"
Fietsen,2021-07-15 13:16:30,false,"Horst aan de Maas Fietsen","8.86","176","00:29:22","107","129","0","0","18.1","23.6","8","16","0.00","0.0","0.0","0","0","0","0.0","0","0","0.0","0.0","0","0","0","0:00","0.0","0:00","Nee","02:43.12.8","9","0.0","00:29:20","00:29:50","24","36"
Hardlopen,2021-07-14 17:44:40,false,"Horst aan de Maas Hardlopen","6.90","295","00:30:01","137","164","182","192","4:21","3:27","14","15","1.27","0.0","0.0","0","0","0","0.0","0","0","0.0","0.0","0","0","0","0:00","0.0","0:00","Nee","03:48.39.3","7","0.0","00:29:55","00:30:01","28","40"
Hardlopen,2021-07-12 16:54:34,false,"Horst aan de Maas Hardlopen","15.00","506","01:18:00","119","146","180","190","5:12","4:35","27","26","1.07","0.0","0.0","0","0","0","0.0","0","0","0.0","0.0","0","0","0","0:00","0.0","0:00","Nee","00:00.66.9","16","0.0","01:17:52","01:18:00","28","44"
