Activiteittype;;Datum;Tijd_x;Titel;Afstand;Tijd;gem_snelh;Gem_HS;Max_HS;Gem_loopcadans;Max_loopcadans;Gemiddeld_tempo
Hardlopen;;31-5-2010;15:41;Serris Hardlopen;5.75;00:30:11;11.43;;;;;11.4
Hardlopen;;4-6-2010;14:36;Stadskanaal Hardlopen;4.5;00:23:22;11.55;;;;;11.6
Hardlopen;;9-6-2010;14:26;Stadskanaal Hardlopen;4.12;00:26:17;9.41;;;;;9.4
Hardlopen;;11-6-2010;15:06;Serris Hardlopen;4.46;00:24:10;11.07;;;;;11.1
Hardlopen;;13-6-2010;16:04;Serris Hardlopen;4.01;00:22:14;10.82;;;;;10.8
Hardlopen;;19-6-2010;15:39;Serris Hardlopen;3.3;00:15:14;13;;;;;13
Hardlopen;;24-6-2010;16:13;Serris Hardlopen;3.17;00:16:00;11.89;;;;;11.9
Hardlopen;;27-6-2010;16:07;Serris Hardlopen;4.04;00:20:05;12.07;;;;;12.1
Hardlopen;;29-6-2010;15:39;Serris Hardlopen;5.05;00:24:44;12.25;;;;;12.3
Hardlopen;;1-7-2010;15:50;Serris Hardlopen;3.57;00:17:38;12.15;;;;;12.1
Hardlopen;;3-7-2010;18:38;Milan Hardlopen;4.11;00:24:55;9.9;;;;;9.9
Hardlopen;;5-7-2010;21:51;Milan Hardlopen;5.15;00:30:09;10.25;;;;;10.2
Hardlopen;;7-7-2010;;Running 9/7/10 6:18 pm;5.5;00:30:33;10.80;;;;;
Hardlopen;;9-7-2010;20:18;Perugia Hardlopen;3.74;00:21:28;10.45;;;;;10.5
Hardlopen;;11-7-2010;18:41;Perugia Hardlopen;5.96;00:30:01;11.91;;;;;11.9
Hardlopen;;13-7-2010;;Running 13/7/10 9:04 pm;8.3;00:40:00;12.50;;;;;
Hardlopen;;15-7-2010;14:15;Serris Hardlopen;7.29;00:35:15;12.41;;;;;12.4
Hardlopen;;17-7-2010;14:19;Serris Hardlopen;10.09;00:50:07;12.08;;;;;12.1
Hardlopen;;19-7-2010;14:40;Serris Hardlopen;4.53;00:32:00;8.49;;;;;8.5
Hardlopen;;21-7-2010;15:46;Chessy Hardlopen;2.68;00:14:41;10.95;;;;;10.9
Hardlopen;;21-7-2010;;Running 21/7/10 1:26 pm;2.8;00:14:36;11.50;;;;;
Hardlopen;;23-7-2010;15:14;Serris Hardlopen;8.01;00:38:53;12.36;;;;;12.4
Hardlopen;;25-7-2010;15:25;Serris Hardlopen;12.14;01:00:01;12.14;;;;;12.1
Hardlopen;;27-7-2010;15:01;Serris Hardlopen;5.02;00:21:47;13.83;;;;;13.8
Hardlopen;;29-7-2010;15:54;Serris Hardlopen;8.82;00:45:10;11.72;;;;;11.7
Hardlopen;;31-7-2010;15:44;Serris Hardlopen;4.26;00:20:45;12.32;;;;;12.3
Hardlopen;;2-8-2010;15:16;Serris Hardlopen;9;00:44:00;12.27;;;;;12.3
Hardlopen;;4-8-2010;15:21;Serris Hardlopen;1.4;00:07:42;10.91;;;;;10.9
Hardlopen;;4-8-2010;15:07;Serris Hardlopen;2.69;00:10:54;14.81;;;;;14.8
Hardlopen;;4-8-2010;15:45;Serris Hardlopen;3.37;00:18:24;10.99;;;;;11
Hardlopen;;5-8-2010;15:59;Serris Hardlopen;12.66;01:07:35;11.24;;;;;11.2
Hardlopen;;7-8-2010;15:21;Serris Hardlopen;5.45;00:26:51;12.18;;;;;12.2
Hardlopen;;9-8-2010;13:00;Serris Hardlopen;11.67;01:03:36;11.01;;;;;11
Hardlopen;;11-8-2010;12:52;Serris Hardlopen;5.01;00:21:32;13.96;;;;;13.9
Hardlopen;;13-8-2010;13:58;Serris Hardlopen;8.26;00:40:00;12.39;;;;;12.4
Hardlopen;;15-8-2010;12:51;Serris Hardlopen;6.58;00:31:48;12.42;;;;;12.4
Hardlopen;;17-8-2010;13:05;Serris Hardlopen;14.43;01:15:02;11.54;;;;;11.5
Hardlopen;;19-8-2010;15:30;kort maar pittig loopje na de 75min van eergister;4.37;00:19:25;13.5;;;;;13.5
Hardlopen;;20-8-2010;18:57;Serris Hardlopen;6.55;00:31:16;12.57;;;;;12.6
Hardlopen;;22-8-2010;13:39;Easy run with Lucy;4.5;00:33:08;8.15;;;;;8.1
Hardlopen;;23-8-2010;20:20;Birthdayrun 10K ;10.03;00:46:45;12.87;;;;;12.9
Hardlopen;;25-8-2010;15:21;Serris Hardlopen;5.2;00:23:16;13.41;;;;;13.4
Hardlopen;;27-8-2010;15:23;Serris Hardlopen;13.43;01:14:39;10.79;;;;;10.8
Hardlopen;;30-8-2010;15:25;Serris Hardlopen;4.99;00:23:23;12.8;;;;;12.8
Hardlopen;;1-9-2010;14:59;Serris Hardlopen;5.89;00:29:24;12.02;;;;;12
Hardlopen;;3-9-2010;15:43;Serris Hardlopen;16.82;01:30:39;11.13;;;;;11.1
Hardlopen;;5-9-2010;15:16;Serris Hardlopen;6.95;00:36:18;11.49;;;;;11.5
Hardlopen;;8-9-2010;14:12;Serris Hardlopen;5.45;00:43:54;7.45;;;;;7.5
Wandelen;;9-9-2010;18:42;Rondlopen in Paris;0.74;00:25:26;1.75;;;;;34:15:00
Hardlopen;;10-9-2010;12:18;Easy 5km with some accelations;5.18;00:25:00;12.43;154;172;;;04:50
Hardlopen;;11-9-2010;12:24;Easy 5K run with Lucy;5;00:32:44;9.16;121;148;;;06:32
Hardlopen;;13-9-2010;12:28;6K in zone 3;6.05;00:30:02;12.09;146;153;;;04:58
Hardlopen;;16-9-2010;12:05;7 km in zone 2;7.04;00:43:12;9.78;132;179;;;06:08
Vrijetijdswandelen;;18-9-2010;12:27;Walking at the Pleiades ;0.69;00:07:01;5.9;92;111;;;10:07
Hardlopen;;18-9-2010;11:34;6 km with Lucy;6;00:38:00;9.47;124;140;;;06:20
Hardlopen;;20-9-2010;11:52;8K free running ;8.18;00:40:58;11.98;149;170;;;05:00
Hardlopen;;22-9-2010;12:15;40 min with Lucy;6.2;00:40:06;9.28;123;143;;;06:28
Hardlopen;;24-9-2010;12:13;10 km Disneycircle in zone 3;10.26;00:54:55;11.21;146;156;;;05:21
Hardlopen;;26-9-2010;11:48;EZ 30 min to Montevrain;5.54;00:30:54;10.76;135;147;;;05:35
Hardlopen;;29-9-2010;12:53;8km interval;8;00:40:56;11.73;150;175;;;05:07
Hardlopen;;1-10-2010;15:25;16.5k Lagny Montevrain;16.52;01:35:23;10.39;152;169;;;05:46
Hardlopen;;3-10-2010;;Running 3/10/10 1:14 pm;5.0;00:23:05;13.00;;;;;
Hardlopen;;5-10-2010;12:45;Intervaltraining;7;00:34:58;12.01;150;173;;;05:00
Hardlopen;;8-10-2010;11:46;long run in Musselkanaal;11.7;01:09:38;10.08;154;163;;;05:57
Hardlopen;;11-10-2010;11:35;21:29 over de5KM. Kleine verbetering van PR. Te langzaam gestart. Kleding: lange tight gosport. craft grijs tshirt. oranje GO tshirt. Was ok. ;6.02;00:26:41;13.54;163;179;;;04:26
Hardlopen;;13-10-2010;11:21;3x 15km/h // 2x12km/h  Lange mouwen tshirt van craft en asics. was net genoeg.;7.52;00:36:35;12.33;158;178;;;04:52
Hardlopen;;15-10-2010;10:17;18 richting Montry;18.23;01:45:04;10.41;149;167;;;05:46
Hardlopen;;17-10-2010;10:36;6K in D2 or D3;6.19;00:29:21;12.65;153;163;;;04:45
Hardlopen;;19-10-2010;10:42;interval pyramide;7.5;00:38:30;11.69;156;174;;;05:08
Hardlopen;;21-10-2010;14:16;19 K;18.78;01:48:49;10.36;145;166;;;05:48
Hardlopen;;23-10-2010;11:00;31:00 netto 12.67 km/h;6.89;00:33:48;12.23;152;173;;;04:54
Hardlopen;;25-10-2010;12:46;fast 8K;8.05;00:38:02;12.7;160;169;;;04:43
Hardlopen;;27-10-2010;12:44;interval 30/30;7.25;00:36:51;11.8;155;175;;;05:05
Hardlopen;;29-10-2010;15:05;21K ! ;21.11;01:58:40;10.67;145;164;;;05:37
Hardlopen;;31-10-2010;11:36;To Nathali and back;5.12;00:25:20;12.13;150;170;;;04:57
Hardlopen;;2-11-2010;13:07;7K in the rain;7.09;00:33:29;12.7;155;172;;;04:43
Hardlopen;;4-11-2010;13:50;LSD 14K;14;01:30:02;9.33;131;145;;;06:26
Hardlopen;;6-11-2010;12:56;easy 7K;7.19;00:42:37;10.12;131;144;;;05:56
Hardlopen;;8-11-2010;15:24;10K in 44:45;10.01;00:45:00;13.35;167;219;;;04:30
Hardlopen;;11-11-2010;13:13;Naamloos;16.74;01:46:49;9.4;133;151;;;06:23
Hardlopen;;14-11-2010;12:30;Naamloos;7;00:33:34;12.51;156;173;;;04:48
Hardlopen;;16-11-2010;11:49;Naamloos;11.42;01:04:28;10.63;138;157;;;05:39
Hardlopen;;18-11-2010;13:57;Naamloos;25;02:42:43;9.22;134;157;;;06:30
Hardlopen;;20-11-2010;12:35;Naamloos;7;00:31:51;13.19;158;173;;;04:33
Hardlopen;;22-11-2010;12:16;Naamloos;7.56;00:48:32;9.35;129;149;;;06:25
Hardlopen;;24-11-2010;12:23;Naamloos;6.13;00:30:02;12.25;155;169;;;04:54
Hardlopen;;26-11-2010;14:31;Naamloos;20.01;02:07:11;9.44;132;145;;;06:21
Hardlopen;;28-11-2010;12:36;Naamloos;6.17;00:28:38;12.93;156;165;;;04:39
Hardlopen;;30-11-2010;12:02;Naamloos;10;00:52:16;11.48;151;171;;;05:14
Hardlopen;;3-12-2010;15:54;7K after LSD;7.49;00:40:25;11.12;151;162;;;05:24
Hardlopen;;3-12-2010;13:32;first time in Icebreakerbase GT;19.36;01:59:51;9.69;136;154;;;06:11
Hardlopen;;6-12-2010;12:18;Naamloos;7.59;00:37:23;12.18;152;163;;;04:55
Hardlopen;;8-12-2010;;To work in heavy snow;4.0;00:22:39;10.60;;;;;
Hardlopen;;8-12-2010;;Back from work;4.3;00:24:00;10.60;;;;;
Hardlopen;;8-12-2010;13:29;Naamloos;5.5;00:32:53;10.04;173;240;;;05:58
Hardlopen;;10-12-2010;14:24;Naamloos;25;02:43:55;9.15;137;156;;;06:33
Hardlopen;;13-12-2010;11:54;Naamloos;8.52;00:39:44;12.87;156;170;;;04:40
Hardlopen;;16-12-2010;13:58;Naamloos;1.25;00:06:08;12.23;173;193;;;04:55
Hardlopen;;16-12-2010;15:11;Naamloos;17.81;01:38:26;10.86;152;181;;;05:32
Hardlopen;;21-12-2010;11:55;Naamloos;7.21;00:33:38;12.86;154;165;;;04:40
Hardlopen;;27-12-2010;11:47;Naamloos;6.62;00:37:59;10.46;139;165;;;05:44
Hardlopen;;31-12-2010;11:33;Naamloos;5.78;00:25:56;13.37;167;179;;;04:29
Hardlopen;;4-1-2011;11:46;Naamloos;7.77;00:38:06;12.24;156;166;;;04:54
Hardlopen;;6-1-2011;13:51;Naamloos;15;01:21:14;11.08;147;179;;;05:25
Hardlopen;;9-1-2011;12:27;Naamloos;6.33;00:31:08;12.2;149;160;;;04:55
Hardlopen;;12-1-2011;12:12;Naamloos;6.73;00:31:29;12.83;160;175;;;04:41
Hardlopen;;19-1-2011;10:23;Naamloos;10;00:52:38;11.4;148;160;;;05:16
Hardlopen;;28-1-2011;15:41;Naamloos;5.93;00:29:40;11.99;162;180;;;05:00
Hardlopen;;1-2-2011;13:14;Naamloos;7.15;00:38:51;11.04;149;167;;;05:26
Hardlopen;;3-2-2011;15:53;Naamloos;15;01:26:24;10.42;149;176;;;05:46
Hardlopen;;5-2-2011;13:02;Cooling down;1.32;00:06:59;11.34;143;157;;;05:18
Hardlopen;;5-2-2011;13:42;Warming up;1.78;00:10:01;10.66;155;163;;;05:37
Hardlopen;;5-2-2011;13:10;5K PR;5;00:20:58;14.31;176;187;;;04:12
Hardlopen;;8-2-2011;13:33;Naamloos;7.27;00:36:19;12.01;159;169;;;05:00
Hardlopen;;10-2-2011;12:51;Naamloos;18.05;01:42:29;10.57;148;166;;;05:41
Hardlopen;;12-2-2011;12:27;Naamloos;6.37;00:30:52;12.38;157;170;;;04:51
Hardlopen;;17-2-2011;12:58;Naamloos;10;00:47:16;12.69;155;175;;;04:44
Hardlopen;;20-2-2011;12:14;Naamloos;5.43;00:24:43;13.18;156;172;;;04:33
Hardlopen;;22-2-2011;12:18;Naamloos;7;00:32:36;12.88;151;173;;;04:39
Hardlopen;;24-2-2011;15:58;Naamloos;20;02:13:37;8.98;135;155;;;06:41
Hardlopen;;26-2-2011;12:20;Naamloos;5;00:23:18;12.88;158;175;;;04:40
Hardlopen;;28-2-2011;12:17;6k intervallike;7.3;00:33:21;13.13;154;170;;;04:34
Hardlopen;;2-3-2011;12:21;Naamloos;7.99;00:38:13;12.54;154;165;;;04:47
Hardlopen;;4-3-2011;;6K in Brussel;6.0;00:32:47;11.00;;;;;
Hardlopen;;7-3-2011;12:15;"10x (30&quot;/30&quot;) interval. Hit the 20 km/h barriere!";7.18;00:34:10;12.61;151;172;;;04:45
Onbekend;;10-3-2011;15:40;Naamloos;4.6;00:02:53;95.72;83;88;;;00:38
Hardlopen;;10-3-2011;13:22;LSD met enkele blokjes marathontempo;20;01:58:11;10.15;142;163;;;05:55
Hardlopen;;13-3-2011;11:47;6K;5.96;00:26:58;13.26;161;172;;;04:32
Hardlopen;;15-3-2011;12:26;Not in form;5.01;00:24:14;12.4;150;165;;;04:51
Hardlopen;;17-3-2011;15:59;nice 15K at marathontempo;15;01:16:19;11.79;149;170;;;05:05
Hardlopen;;21-3-2011;18:11;8.5K antistress;8.5;00:45:01;11.33;143;170;;;05:18
Hardlopen;;24-3-2011;13:22;7.5K interval Quartier du Parc;7.5;00:37:37;11.96;157;175;;;05:01
Hardlopen;;26-3-2011;12:40;10K at halve marathon tempo;10;00:47:14;12.7;152;174;;;04:43
Hardlopen;;29-3-2011;11:26;zonder hakjes. zeer lichte pijn 2 dagen erna;6;00:29:27;12.22;147;159;;;04:54
Hardlopen;;31-3-2011;14:02;dissapointing 17K;17;01:41:48;10.02;138;152;;;05:59
Hardlopen;;3-4-2011;11:02;6K after the drop / 100m in 17s;6.03;00:28:01;12.91;155;173;;;04:39
Hardlopen;;5-4-2011;11:25;5K not in form;5;00:25:40;11.69;141;166;;;05:08
Hardlopen;;8-4-2011;11:48;25K to Meaux;25.17;02:30:27;10.04;145;166;;;05:59
Hardlopen;;9-4-2011;11:32;5K herstel;5.68;00:25:57;13.13;159;175;;;04:34
Hardlopen;;11-4-2011;16:42;Gelopen tussen 165 en 174. gemiddeld 170. Dit is het omslagpunt Dat zou 90% moeten zijn van FCM (188) Marathon FC zou dan 150 zijn (80%);10;00:43:31;13.79;165;178;;;04:21
Hardlopen;;13-4-2011;10:40;Naamloos;2.7;00:15:58;10.15;133;152;;;05:55
Hardlopen;;13-4-2011;10:56;Naamloos;2.76;00:12:35;13.16;156;169;;;04:33
Hardlopen;;13-4-2011;11:10;"2x (30&quot;/30&quot;) ";5;00:23:59;12.51;158;174;;;04:48
Hardlopen;;15-4-2011;15:43;coolingdown after 20K;1.51;00:10:24;8.71;124;130;;;06:52
Hardlopen;;15-4-2011;13:35;korte pants is te koud bij 15ï¿½C en bewolking. Iets voor het einde pijn aan buitenkant en boven knie. Tussen 18 en 20km levensgevaarlijk!;19.88;01:49:56;10.85;141;156;;;05:32
Hardlopen;;18-4-2011;17:11;7.5K at new shoes;7.5;00:37:19;12.06;138;154;;;04:59
Hardlopen;;20-4-2011;12:36;Disneycircle;10;00:45:29;13.19;164;178;;;04:33
Hardlopen;;22-4-2011;14:42;?27.5K! (17.2mi) Thanks a lot to the person in the grey Twingo who knew me (sorry I didn't recognise you) and screamed an ecouragement. I wanted to quit. but it gave me so much energy that I ran another 13km and thus finised my target.;27.52;02:46:02;9.94;140;160;;;06:02
Hardlopen;;25-4-2011;10:54;fast 10K;10;00:46:59;12.77;155;166;;;04:42
Hardlopen;;27-4-2011;18:54;Yasso's 800;8.75;00:39:43;13.22;156;173;;;04:32
Hardlopen;;1-5-2011;11:07;Rustige 7k na een kleine looppauze. Niet zo in vorm;7;00:34:30;12.17;150;167;;;04:56
Hardlopen;;3-5-2011;11:04;Naamloos;1.53;00:08:06;11.33;137;161;;;05:17
Hardlopen;;3-5-2011;11:15;First training with Camilla;7;00:42:08;9.97;127;172;;;06:01
Hardlopen;;5-5-2011;13:41;Veel stoplichten. Heel veel geluk met de rugtas die open was en het meisje dat me achterna rende met mijn spullen. Plan was 30 maar niet in topvorm;25;03:00:27;8.31;128;156;;;07:13
Hardlopen;;7-5-2011;13:09;8K+ circuto rondo;8.02;00:38:44;12.42;153;172;;;04:50
Hardlopen;;9-5-2011;12:44;8K in 3 etappes;8.36;00:50:28;9.94;131;161;;;06:02
Hardlopen;;12-5-2011;13:29;Teleurstellende 24K;24;02:26:32;9.83;139;156;;;06:06
Hardlopen;;14-5-2011;11:13;Herstelloopje en circuit rondino;5.69;00:55:05;6.2;123;188;;;09:41
Hardlopen;;16-5-2011;10:51;5K 20:21 new PR.  12  min 3030m. ;8.32;00:38:13;13.06;154;179;;;04:35
Hardlopen;;18-5-2011;11:13;5K in 20:46;7.34;00:32:43;13.46;156;178;;;04:28
Wandelen;;20-5-2011;16:47;Naamloos;3.52;00:48:09;4.39;;;;;13:40
Hardlopen;;20-5-2011;12:46;Touristic 19K;18.73;02:12:32;8.48;122;145;;;07:04
Hardlopen;;23-5-2011;11:04;Naamloos;8.01;00:42:02;11.43;136;148;;;05:15
Hardlopen;;25-5-2011;;EZ 8K (2);8.0;00:59:14;8.20;;;;;
Hardlopen;;30-5-2011;08:19;met 3 versnellingen&;12;00:57:22;12.55;153;171;;;04:47
Hardlopen;;1-6-2011;08:40;5K op 150bpm;5;00:23:40;12.68;146;158;;;04:44
Hardlopen;;3-6-2011;09:58;RAS;10;00:49:36;12.1;145;167;;;04:58
Hardlopen;;5-6-2011;;Running 5/6/11 12:38 pm;7.0;00:55;7.70;;;;;
Hardlopen;;7-6-2011;10:27;Naamloos;2.24;00:13:38;9.86;116;125;;;06:05
Hardlopen;;7-6-2011;10:41;"12x (30&quot;/30&quot;)";4.87;00:22:36;12.93;153;170;;;04:39
Hardlopen;;11-6-2011;11:18;De rond van Sarah &;5;00:26:10;11.46;139;151;;;05:14
Hardlopen;;14-6-2011;11:23;3 versnellingen van ca 1 km;6.41;00:30:12;12.74;148;169;;;04:43
Hardlopen;;16-6-2011;13:20;express langzaam gelopen ;15;01:36:44;9.3;124;150;;;06:27
Hardlopen;;18-6-2011;10:27;Rentrer Christelle au parc;6.04;00:28:56;12.53;152;173;;;04:47
Hardlopen;;20-6-2011;10:51;6K at 150bpm;6;00:28:22;12.69;146;157;;;04:44
Hardlopen;;22-6-2011;11:20;Running in the rain;5.11;00:23:37;12.98;144;159;;;04:37
Hardlopen;;23-6-2011;12:05;Oops.. schema zei 1h45 met 10min op 80% :);20.05;01:55:07;10.45;136;156;;;05:44
Hardlopen;;26-6-2011;11:09;fast 5K;6.32;00:30:34;12.41;143;162;;;04:50
Hardlopen;;29-6-2011;11:08;EZ 6K;5.32;00:26:37;11.99;141;151;;;05:00
Hardlopen;;1-7-2011;16:00;Met 3 versnellingen;13.28;01:05:18;12.2;151;169;;;04:55
Hardlopen;;3-7-2011;10:19;EZ 7K;7;00:35:59;11.67;144;159;;;05:09
Hardlopen;;6-7-2011;10:04;Interval;7.89;00:38:51;12.19;147;173;;;04:55
Hardlopen;;8-7-2011;13:32;Toen ik erachter kwam dat het park in Bussy eigenlijk een afgesloten golfbaan was. had ik er opeens geen zin meer in en ben gestopt;12.11;01:19:02;9.19;127;146;;;06:31
Hardlopen;;10-7-2011;11:14;5.5K met fitness;5.5;00:26:27;12.48;148;164;;;04:48
Hardlopen;;12-7-2011;11:05;Intervaltraining with Sarah;5.31;00:34:47;9.16;124;157;;;06:33
Hardlopen;;14-7-2011;13:54;Naamloos;20.01;02:01:31;9.88;135;161;;;06:04
Hardlopen;;16-7-2011;12:00;Naamloos;1.21;00:06:45;10.76;139;149;;;05:34
Hardlopen;;16-7-2011;11:19;Naamloos;5.01;00:22:47;13.19;154;173;;;04:33
Hardlopen;;20-7-2011;12:27;Naamloos;1.43;00:08:51;9.69;127;148;;;06:12
Hardlopen;;20-7-2011;12:36;Coopertest 3121 meter;3.12;00:12:00;15.61;171;180;;;03:53
Hardlopen;;23-7-2011;;Hot and early in PALERMO!;6.7;00:37:03;10.80;;;;;
Hardlopen;;25-7-2011;;The ultimate Palermo touristic run;9.6;01:05:34;8.80;;;;;
Hardlopen;;26-7-2011;;Next to the sea;10.6;01:16:47;8.30;;;;;
Hardlopen;;28-7-2011;;Heading to the beach;10.0;01:00:23;9.90;;;;;
Hardlopen;;30-7-2011;;Fast 5K in parc bellini;5.0;00:25:07;12.01;;;;;
Hardlopen;;2-8-2011;18:31;probably too less sleep and too less water;5.01;00:24:05;12.48;142;155;;;04:48
Hardlopen;;7-8-2011;10:59;6K;6.53;00:32:53;11.91;146;168;;;05:02
Hardlopen;;9-8-2011;11:09;Intervaltraining;8.87;00:43:03;12.36;153;175;;;04:51
Hardlopen;;13-8-2011;11:07;paar dagen niet gelopen ivm zere knie (overbelasting en/of watertekort);5;00:24:52;12.06;152;168;;;04:59
Hardlopen;;15-8-2011;12:03;Naamloos;1.31;00:07:12;10.92;147;155;;;05:29
Hardlopen;;15-8-2011;11:15;Naamloos;6.48;00:31:28;12.36;157;172;;;04:51
Hardlopen;;17-8-2011;11:04;Naamloos;5;00:23:27;12.79;150;173;;;04:42
Hardlopen;;19-8-2011;14:42;Naamloos;15.01;01:21:12;11.09;144;182;;;05:25
Hardlopen;;21-8-2011;11:12;Naamloos;4.7;00:24:52;11.34;145;177;;;05:17
Hardlopen;;23-8-2011;09:55;Moeder veronique in het park binnenlaten;11.19;00:53:37;12.52;150;172;;;04:47
Hardlopen;;27-8-2011;11:24;Naamloos;4.72;00:21:54;12.93;156;166;;;04:38
Hardlopen;;31-8-2011;17:23;begrafenis man rosaline op maandag en lunchdate met henrieke dinsdag&;13.5;01:05:35;12.35;153;172;;;04:51
Hardlopen;;4-9-2011;;Rondjes lac;5.0;23:04;12.90;;;;;
Hardlopen;;8-9-2011;15:56;Naamloos;15;01:26:39;10.39;139;168;;;05:47
Hardlopen;;12-9-2011;11:16;Naamloos;6.27;00:29:19;12.83;149;168;;;04:41
Hardlopen;;15-9-2011;11:08;Naamloos;2.6;00:13:22;11.67;138;156;;;05:09
Hardlopen;;15-9-2011;11:22;Intervaltraining max 18km/h;5;00:23:35;12.72;159;179;;;04:43
Hardlopen;;18-9-2011;13:31;Naamloos;0.83;00:04:59;9.99;138;144;;;06:00
Hardlopen;;18-9-2011;12:39;172 - 115 -97&;7.01;00:31:45;13.25;154;173;;;04:32
Hardlopen;;21-9-2011;16:46;150-102-93 -86;11;00:59:58;11.01;135;149;;;05:27
Hardlopen;;26-9-2011;15:05;"Zeer slechte 8K. Eerst 5K; dan 2K en dan 1K Helemaal uit vorm";8.01;00:40:20;11.92;145;167;;;05:02
Hardlopen;;28-9-2011;10:59;Naamloos;5;00:23:31;12.76;157;176;;;04:42
Hardlopen;;2-10-2011;10:33;Naamloos;6.35;00:31:29;12.1;;;;;04:57
Wandelen;;3-10-2011;11:52;Naamloos;1.01;00:14:59;4.04;100;145;;;14:49
Hardlopen;;5-10-2011;11:22;Naamloos;4.99;00:21:01;14.25;166;181;;;04:13
Hardlopen;;8-10-2011;11:53;Naamloos;1.07;00:05:17;12.15;147;159;;;04:56
Hardlopen;;8-10-2011;11:17;Naamloos;4;00:19:46;12.14;146;161;;;04:56
Hardlopen;;10-10-2011;10:49;Naamloos;8.01;00:39:31;12.16;149;161;;;04:56
Hardlopen;;12-10-2011;11:16;Naamloos;1.01;00:05:24;11.22;122;137;;;05:21
Hardlopen;;12-10-2011;11:40;Naamloos;2;00:10:25;11.52;144;158;;;05:12
Hardlopen;;12-10-2011;11:22;171-123-103&;3.41;00:14:32;14.08;158;173;;;04:15
Hardlopen;;14-10-2011;16:38;129 109 94;16;01:36:41;9.93;128;151;;;06:03
Hardlopen;;16-10-2011;12:04;Naamloos;1.6;00:08:57;10.73;138;149;;;05:36
Hardlopen;;16-10-2011;10:48;168 121 104&;6.48;00:32:43;11.88;146;173;;;05:03
Hardlopen;;19-10-2011;10:56;167 115 110;7.6;00:38:00;12;148;172;;;05:00
Hardlopen;;24-10-2011;10:30;163 106 97&;6.04;00:28:38;12.66;154;172;;;04:44
Hardlopen;;27-10-2011;15:40;icebreaker + nike collant - goed te doen&;20;01:56:32;10.3;142;169;;;05:50
Hardlopen;;30-10-2011;12:51;Naamloos;1.32;00:06:58;11.37;138;148;;;05:18
Hardlopen;;30-10-2011;12:16;Naamloos;4.18;00:21:34;11.63;137;153;;;05:10
Hardlopen;;30-10-2011;;141 110 93;5.5;00:28:32;11.56;;;;;
Hardlopen;;2-11-2011;11:53;150-105-95;8;00:38:57;12.32;146;157;;;04:52
Hardlopen;;4-11-2011;;nice 17.5 km;17.2;01:39:20;10.40;;;;;
Hardlopen;;7-11-2011;12:11;;5.01;00:22:29;13.37;149;168;;;04:29
Hardlopen;;9-11-2011;11:58;;6.32;00:27:48;13.64;158;179;;;04:24
Hardlopen;;11-11-2011;14:32;;23.32;02:43:49;8.54;91;203;;;07:02
Hardlopen;;15-11-2011;12:22;RAS koud icebraker+nike shirt+nike pants. net genoeg;8;00:36:13;13.25;;;;;04:32
Hardlopen;;17-11-2011;14:51;Icebreaker+craft. eigenlijk net te warm;15.01;01:38:49;9.11;124;169;;;06:35
Hardlopen;;20-11-2011;12:55;Naamloos;1.3;00:06:21;12.28;147;155;;;04:54
Hardlopen;;20-11-2011;12:13;Naamloos;6.5;00:28:18;13.78;155;173;;;04:21
Hardlopen;;21-11-2011;12:45;Naamloos;1.31;00:06:53;11.42;135;145;;;05:16
Hardlopen;;21-11-2011;12:08;Naamloos;4.78;00:22:50;12.56;144;160;;;04:47
Hardlopen;;21-11-2011;;21/11/2011 - 13:08:&;6.1;00:29:43;12.29;;;;;
Hardlopen;;23-11-2011;11:46;Not in shape. Mooi meisje met hond in parc;6;00:27:46;12.97;147;160;;;04:38
Hardlopen;;24-11-2011;14:26;40 min op130. 20 min op 150. 10 min op 155. 5 min op 160;14.59;01:15:12;11.64;141;161;;;05:09
Hardlopen;;27-11-2011;12:53;RAS;8;00:38:27;12.48;148;159;;;04:48
Hardlopen;;1-12-2011;14:39;To DV to see Conny. Lucia and Stefania;7.15;00:36:12;11.85;136;150;;;05:04
Hardlopen;;4-12-2011;13:05;Eerste run in NL;12.52;01:00:01;12.52;152;163;;;04:48
Hardlopen;;6-12-2011;11:49;Naamloos;6.27;00:30:31;12.33;;;;;04:52
Hardlopen;;10-12-2011;09:54;Naamloos;1.07;00:05:31;11.64;137;148;;;11.6
Hardlopen;;10-12-2011;10:16;Naamloos;3;00:16:09;11.15;155;161;;;11.2
Hardlopen;;10-12-2011;10:01;Naamloos;3.57;00:15:05;14.2;162;173;;;14.2
Hardlopen;;13-12-2011;;Running 13/12/11 1:29 pm;10.0;00:50:39;11.90;;;;;
Hardlopen;;4-1-2012;;;4.1;00:23:45;10.47;;;;;
Hardlopen;;8-1-2012;;Running 8/1/12 11:07 am;6.0;00:29:11;12.40;;;;;
Hardlopen;;10-1-2012;;165-119&;6.0;00:30:39;11.74;;;;;
Hardlopen;;13-1-2012;;1 uur in MSK;11.1;01:00:00;11.07;;;;;
Hardlopen;;15-1-2012;;Moeizaam nog niet back on track Not back on track yet. Had to stop and slow down already after 3 km;7.3;00:36:03;12.09;;;;;
Hardlopen;;18-1-2012;;;6.0;00:28:54;12.49;;;;;
Hardlopen;;19-1-2012;;Running with Elena 19/1/12 3:06 pm;7.6;00:40:53;11.10;;;;;
Hardlopen;;21-1-2012;;Fartlek with Elena 21/1/12 2:44 pm;8.1;00:49:07;9.90;;;;;
Hardlopen;;23-1-2012;10:18;15K :);15.5;01:35:29;9.74;140;153;;;06:10
Hardlopen;;26-1-2012;11:11;8K;8;00:39:04;12.29;155;166;;;04:53
Hardlopen;;28-1-2012;14:44;7K in Pagedal;9.12;00:54:45;9.99;142;172;;;06:00
Hardlopen;;30-1-2012;13:11;Recovery HR 30 bpm;11.52;01:00:01;11.52;150;157;;;05:13
Hardlopen;;1-2-2012;12:19;Interval;6.03;00:31:37;11.44;;;;;05:14
Hardlopen;;3-2-2012;10:10;;10.68;00:58:39;10.93;145;164;;;05:29
Hardlopen;;5-2-2012;;Running 5/2/12 2:06 pm;7.6;00:42:43;10.70;;;;;
Hardlopen;;8-2-2012;12:25;Naamloos;10.01;00:48:40;12.34;160;180;;;04:52
Hardlopen;;10-2-2012;13:19;Naamloos;10;00:52:43;11.38;150;163;;;05:16
Onbekend;;10-2-2012;14:37;Naamloos;11.13;00:15:01;44.47;81;93;;;01:21
Hardlopen;;13-2-2012;;Vondelpark;7.5;00:35:24;12.70;;;;;
Hardlopen;;15-2-2012;12:36;Naamloos;20;01:57:02;10.25;148;159;;;05:51
Hardlopen;;18-2-2012;;Er staat een paard in de gang;8.0;00:45:25;10.60;;;;;
Hardlopen;;20-2-2012;;Posbank;4.5;00:27:14;9.90;;;;;
Hardlopen;;22-2-2012;11:42;Naamloos;1.01;00:06:04;9.99;129;141;;;06:01
Hardlopen;;22-2-2012;12:13;Naamloos;3.01;00:14:33;12.41;158;173;;;04:51
Hardlopen;;22-2-2012;11:50;Naamloos;3.65;00:14:52;14.73;169;179;;;04:04
Hardlopen;;25-2-2012;;Bridge to bridge met Elena;10.0;00:54:29;11.10;;;;;
Hardlopen;;27-2-2012;12:43;Naamloos;10;00:46:41;12.85;158;170;;;04:40
Hardlopen;;29-2-2012;12:39;8.5K;8.5;00:42:29;12;147;159;;;05:00
Hardlopen;;2-3-2012;13:28;HRR ca 35 BPM&;15;01:33:18;9.65;136;153;;;06:13
Hardlopen;;4-3-2012;13:23;-heerlijke 10K ondanks pijn in onderrug HRR  167-115 = 52;10.01;00:50:36;11.87;146;168;;;05:03
Hardlopen;;6-3-2012;12:57;Naamloos;10;00:58:48;10.2;139;157;;;05:53
Hardlopen;;10-3-2012;13:25;Wanted to run 20K. but totally not in shape anymore :(;9;00:52:47;10.23;136;158;;;05:52
Hardlopen;;12-3-2012;11:33;;10;00:45:03;13.32;163;184;;;04:30
Hardlopen;;14-3-2012;09:29;10K sonsbeek en presikhaaf;10;00:49:37;12.09;135;162;;;04:58
Hardlopen;;16-3-2012;10:14;9K naar Velp;9.01;00:45:48;11.8;148;160;;;05:05
Hardlopen;;18-3-2012;11:15;Naamloos;1.09;00:05:04;12.91;119;153;;;04:38
Hardlopen;;18-3-2012;11:21;heftige interval 10x(30/30)+4x(30/30);4.01;00:18:30;13.01;148;166;;;04:37
Hardlopen;;20-3-2012;14:34;HRR 130-92;10;01:01:29;9.76;132;141;;;06:09
Hardlopen;;24-3-2012;13:02;snelle 8K;8.02;00:38:53;12.38;159;169;;;04:51
Hardlopen;;26-3-2012;12:33;15K;15.65;01:37:35;9.62;139;153;;;06:14
Hardlopen;;29-3-2012;12:24;9K interval/fartlek;8.5;00:40:39;12.55;156;169;;;04:47
Hardlopen;;31-3-2012;12:26;3.5 K vol tegen de wind in;8;00:39:29;12.16;155;165;;;04:56
Hardlopen;;2-4-2012;13:13;8K;8;00:38:59;12.31;160;178;;;04:52
Hardlopen;;5-4-2012;10:52;Sonsbeek;8.53;00:43:27;11.78;141;162;;;05:06
Hardlopen;;7-4-2012;09:58;Naar Velp;10;00:47:06;12.74;150;166;;;04:43
Hardlopen;;9-4-2012;13:06;HRR&;13.48;01:00:05;13.46;159;174;;;04:27
Hardlopen;;11-4-2012;12:12;very nice 20K&;20;02:02:24;9.8;135;149;;;06:07
Hardlopen;;13-4-2012;13:54;Naamloos;1.88;00:10:13;11.04;129;142;;;05:26
Hardlopen;;13-4-2012;14:05;Naamloos;2.2;00:10:00;13.2;157;167;;;04:32
Hardlopen;;13-4-2012;14:18;Naamloos;2.43;00:12:10;11.98;153;168;;;05:00
Hardlopen;;16-4-2012;12:31;Naamloos;12.35;01:00:05;12.33;152;160;;;04:52
Hardlopen;;18-4-2012;12:11;Naamloos;15;01:25:11;10.57;142;158;;;05:41
Onbekend;;19-4-2012;11:08;Naamloos;5.85;00:11:10;31.43;;;;;01:55
Hardlopen;;20-4-2012;12:05;HRR 169-115;10.01;00:48:09;12.47;153;169;;;04:49
Hardlopen;;22-4-2012;11:16;fast 4K;4.01;00:17:43;13.58;157;165;;;04:25
Hardlopen;;25-4-2012;07:31;8K met Elena;8.56;00:50:33;10.16;131;144;;;05:54
Hardlopen;;27-4-2012;17:18;6K city bootcamp;6.3;00:40:27;9.34;141;155;;;06:25
Hardlopen;;29-4-2012;10:00;moderate 10K;10.54;00:51:18;12.33;149;157;;;04:52
Hardlopen;;2-5-2012;12:15;21K;21.15;02:12:26;9.58;135;153;;;06:16
Hardlopen;;4-5-2012;16:08;8K met Elena;8.04;00:45:42;10.56;127;152;;;05:41
Hardlopen;;6-5-2012;07:26;9K bij camping Meditarineo;8.87;00:46:31;11.44;138;172;;;05:14
Hardlopen;;9-5-2012;16:04;5K langs het strand;5.43;00:25:31;12.77;152;163;;;04:42
Hardlopen;;11-5-2012;18:08;11K :);11.24;01:02:35;10.78;141;151;;;05:34
Hardlopen;;13-5-2012;17:13;Naamloos;8;00:41:24;11.59;119;167;;;05:10
Hardlopen;;16-5-2012;17:19;Naamloos;10;00:47:42;12.58;147;172;;;04:46
Hardlopen;;18-5-2012;17:32;Naamloos;8;00:38:25;12.49;142;162;;;04:48
Hardlopen;;20-5-2012;;Running 20/5/12 1:44 pm;16.0;01:35:05;10.10;;;;;
Hardlopen;;22-5-2012;18:01;Naamloos;8.37;00:42:11;11.91;87;100;;;05:02
Hardlopen;;24-5-2012;17:41;Naamloos;7;00:30:35;13.73;154;171;;;04:22
Hardlopen;;28-5-2012;12:07;Naamloos;7.13;00:32:17;13.25;;;;;04:32
Hardlopen;;30-5-2012;09:24;Naamloos;5.01;00:29:14;10.28;;;;;05:50
Hardlopen;;31-5-2012;17:01;Naamloos;10;00:41:29;14.46;;;;;04:09
Hardlopen;;31-5-2012;18:01;5K PR handmatig toegevoegd;5;00:19:56;15.01;;;;;03:59
Hardlopen;;3-6-2012;17:32;Naamloos;13;01:10:11;11.11;122;131;;;05:24
Hardlopen;;5-6-2012;17:38;Naamloos;7.39;00:38:31;11.51;147;183;;;05:13
Hardlopen;;7-6-2012;16:59;Naamloos;7.38;00:34:51;12.71;143;156;;;04:43
Hardlopen;;10-6-2012;18:19;Naamloos;4.99;00:28:09;10.64;123;142;;;05:38
Hardlopen;;11-6-2012;17:38;Naamloos;10;00:44:18;13.54;144;179;;;04:26
Hardlopen;;13-6-2012;15:20;Naamloos;8.01;00:43:45;10.99;122;161;;;05:28
Hardlopen;;15-6-2012;15:33;Naamloos;10;00:50:28;11.89;141;165;;;05:03
Hardlopen;;18-6-2012;17:38;Naamloos;7.16;00:40:20;10.65;134;186;;;05:38
Fietsen;;21-6-2012;11:15;Naamloos;36.75;01:55:08;19.15;;;;;19.2
Hardlopen;;22-6-2012;17:56;Naamloos;10;00:49:44;12.06;127;177;;;04:58
Hardlopen;;24-6-2012;16:55;Naamloos;8;00:38:40;12.41;;;;;04:50
Onbekend;;24-6-2012;09:19;Naamloos;37.47;02:15:15;16.62;;;;;03:37
Hardlopen;;26-6-2012;17:49;Naamloos;8;00:49:07;9.77;;;;;06:08
Hardlopen;;28-6-2012;19:00;Naamloos;5;00:30:26;9.86;;;;;06:05
Hardlopen;;2-7-2012;08:27;Naamloos;7;00:35:09;11.95;;;;;05:01
Hardlopen;;5-7-2012;17:33;Naamloos;10;00:50:05;11.98;;;;;05:01
Hardlopen;;7-7-2012;18:53;Naamloos;7.44;00:33:58;13.14;;;;;04:34
Hardlopen;;8-7-2012;18:07;Naamloos;1.28;00:08:21;9.2;;;;;06:32
Hardlopen;;8-7-2012;18:30;Naamloos;2.14;00:10:03;12.78;;;;;04:42
Hardlopen;;8-7-2012;18:16;"interval trainging 2x(30&quot;/30&quot;)";2.67;00:12:01;13.33;;;;;04:30
Hardlopen;;12-7-2012;18:09;Naamloos;1.47;00:09:12;9.59;;;;;06:17
Hardlopen;;13-7-2012;08:54;Naamloos;10.23;00:58:01;10.58;;;;;05:40
Hardlopen;;15-7-2012;15:13;Naamloos;11.67;01:00:01;11.67;;;;;05:09
Hardlopen;;17-7-2012;17:47;Naamloos;8;00:41:13;11.65;134;143;;;05:09
Hardlopen;;20-7-2012;18:43;Naamloos;8.02;00:39:02;12.33;;;;;04:52
Hardlopen;;22-7-2012;20:24;Naamloos;7.6;00:36:18;12.56;;;;;04:46
Hardlopen;;24-7-2012;19:31;Naamloos;6;00:29:42;12.12;136;158;;;04:57
Hardlopen;;26-7-2012;20:07;eerste stuk over het strand&;10.66;00:52:03;12.29;140;163;;;04:53
Hardlopen;;29-7-2012;09:29;Naamloos;5.38;00:28:15;11.43;129;142;;;05:15
Hardlopen;;31-7-2012;;;7.0;00:35:00;12.00;;;;;
Hardlopen;;2-8-2012;20:32;hoog in de hartslag. HRR wel iets van 50 a 60;10.01;00:44:26;13.52;151;166;;;04:26
Hardlopen;;4-8-2012;;langzame 5K;5.5;00:33:25;9.79;;;;;
Hardlopen;;7-8-2012;;interval;7.2;00:35:49;12.08;;;;;
Hardlopen;;9-8-2012;;10K;10.0;00:48:54;12.33;;;;;
Hardlopen;;12-8-2012;;Coopertest 3200m en rondje Pra delle Torri;9.8;00:45:25;12.90;;;;;
Hardlopen;;13-8-2012;;very easy 5K met bootcampelementen;5.0;00:30:11;9.84;;;;;
Hardlopen;;15-8-2012;;interval 1000/1000;10.0;00:44:40;13.44;;;;;
Hardlopen;;17-8-2012;;4.5K met oefeningen tussendoor;4.4;00:25:30;10.46;;;;;
Hardlopen;;20-8-2012;;langzame 6K;6.0;00:35:00;10.29;;;;;
Hardlopen;;22-8-2012;;6K in wisseltempo. daarna 3x10 burpees;6.0;00:28:21;12.72;;;;;
Hardlopen;;24-8-2012;;"interval 2x (30&quot;/30&quot;)";6.2;00:31:04;12.06;;;;;
Hardlopen;;26-8-2012;;9K in zware regen;9.4;00:52:46;10.68;;;;;
Hardlopen;;28-8-2012;;6K in climaxtempo;6.1;00:29:48;12.35;;;;;
Hardlopen;;31-8-2012;;snelle 6K;6.0;00:26:11;13.76;;;;;
Hardlopen;;3-9-2012;17:08;rekken bij 15.5 km. hartslag ca 105;17.56;01:50:28;9.54;;;;;9.5
Hardlopen;;5-9-2012;;hartslag ca 150;10.0;00:43:37;13.75;;;;;
Hardlopen;;9-9-2012;;5.5K fartlek;5.5;00:26:43;12.36;;;;;
Hardlopen;;11-9-2012;;snelle 12K;12.0;00:53:50;13.37;;;;;
Hardlopen;;13-9-2012;;slow 6K;6.0;00:36:43;9.80;;;;;
Hardlopen;;15-9-2012;21:01;Caorle Hardlopen;10.02;00:49:37;12.12;;;;;12.1
Hardlopen;;17-9-2012;;interval 10x(30/30) in het zand;4.4;00:23:44;11.13;;;;;
Hardlopen;;20-9-2012;;zomer kleding net warm genoeg;8.0;00:34:06;14.08;;;;;
Hardlopen;;23-9-2012;;nog zware benen van de 5K PR;11.0;00:56:54;11.60;;;;;
Hardlopen;;25-9-2012;;herstelloopje 7K;7.4;00:40:59;10.76;;;;;
Hardlopen;;27-9-2012;;10x (30'30) + 10x (60/30);7.3;00:34:26;12.69;;;;;
Hardlopen;;29-9-2012;;herstelloopje :);7.5;00:45:07;9.97;;;;;
Hardlopen;;1-10-2012;16:31;so blessed running in the sun without t-shirt at 1 october :);21.2;01:45:47;12.02;;;;;12
Hardlopen;;4-10-2012;;7K interval 1000/1000/2000/1000;7.3;00:35:07;12.39;;;;;
Hardlopen;;6-10-2012;;10K;10.0;00:48:33;12.36;;;;;
Hardlopen;;9-10-2012;;Urban jungle;7.0;00:39:56;10.53;;;;;
Hardlopen;;11-10-2012;;Last run;6.5;00:30:39;12.68;;;;;
Hardlopen;;13-10-2012;;medium 8K;8.0;00:36:59;12.98;;;;;
Hardlopen;;16-10-2012;;Interval 2x 10 (30/30);7.0;00:36:22;11.51;;;;;
Hardlopen;;18-10-2012;;hartslag ca 110;10.0;00:57:48;10.39;;;;;
Hardlopen;;20-10-2012;;Totaal niet in vorm!!!&;9.9;00:51:04;11.65;;;;;
Hardlopen;;24-10-2012;13:03;18.5K wachtend op de distributieriem;18.58;01:53:42;9.8;;;;;9.8
Hardlopen;;28-10-2012;15:01;Arnhem Hardlopen;13.93;01:20:43;10.35;;;;;10.4
Hardlopen;;30-10-2012;;Heuveltraining;7.1;00:36:40;11.67;;;;;
Hardlopen;;1-11-2012;;01/11/2012 - 13:12:&;10.4;00:48:40;12.77;;;;;
Hardlopen;;4-11-2012;;15K naar Oosterbeek;15.0;01:24:13;10.69;;;;;
Hardlopen;;6-11-2012;;moderate 8.6K;8.5;00:39:14;13.01;;;;;
Hardlopen;;8-11-2012;;interval 30/30;5.5;00:27:28;11.93;;;;;
Hardlopen;;10-11-2012;;15K met Elise;14.8;01:18:02;11.34;;;;;
Hardlopen;;12-11-2012;;moderate 8.5K;8.5;00:40:09;12.73;;;;;
Hardlopen;;14-11-2012;;;7.1;00:37:45;11.31;;;;;
Hardlopen;;18-11-2012;;;6.3;00:29:36;12.87;;;;;
Hardlopen;;20-11-2012;;11K;11.0;00:55:47;11.87;;;;;
Hardlopen;;22-11-2012;;interval 30/30 + naar AH voor tandpasta;8.5;00:41:02;12.47;;;;;
Hardlopen;;26-11-2012;;10K wisseltempo;10.0;00:47:43;12.58;;;;;
Hardlopen;;29-11-2012;;8K op matig tempo;8.0;00:41:20;11.62;;;;;
Hardlopen;;1-12-2012;;12K om papendal op laag tempo. Erg koud;12.3;01:09:44;10.56;;;;;
Hardlopen;;4-12-2012;;Na 3K op 5K tempo langzamer gegaan;9.2;00:43:15;12.78;;;;;
Hardlopen;;5-12-2012;;6K met twee versnellingen;6.0;00:26:44;13.46;;;;;
Hardlopen;;9-12-2012;;vrijdag en zaterdag sneeuw;10.8;01:00:57;10.59;;;;;
Hardlopen;;11-12-2012;;"interval 30&quot;/30&quot;";3.9;00:18:16;12.87;;;;;
Hardlopen;;15-12-2012;;7K op midden tempo;7.0;00:34:11;12.29;;;;;
Hardlopen;;18-12-2012;;7K op middentemp;7.5;00:35:10;12.85;;;;;
Hardlopen;;22-12-2012;13:44;15K op wisseltempo;15.01;01:13:55;12.18;174;207;;;12.2
Hardlopen;;24-12-2012;;kort loopje;5.7;00:27:43;12.34;;;;;
Hardlopen;;26-12-2012;;"2x10x(30&quot;/30&quot;)";7.6;00:35:03;13.07;;;;;
Hardlopen;;28-12-2012;;Slecht gelopen op oude sauconies... Weg ermee!&;5.0;00:26:21;11.40;;;;;
Hardlopen;;30-12-2012;13:23;Arnhem Hardlopen;21.85;02:14:12;9.77;;;;;9.8
Hardlopen;;2-1-2013;;7K met Elena;7.1;00:41:25;10.25;;;;;
Hardlopen;;4-1-2013;;moderate fast 10K;10.0;00:46:01;13.04;;;;;
Hardlopen;;6-1-2013;;1e 7 min 14.2 km uur 4:13&;7.3;00:34:46;12.64;;;;;
Hardlopen;;10-1-2013;;8K;8.0;00:46:29;10.33;;;;;
Hardlopen;;13-1-2013;;Heuveltraininkje;7.3;00:37:18;11.75;;;;;
Hardlopen;;16-1-2013;;9K met Elena;8.9;00:49:57;10.68;;;;;
Hardlopen;;18-1-2013;;5.5K met Elena;5.6;00:32:16;10.49;;;;;
Hardlopen;;27-1-2013;;5K in 21min. Niet slecht na anderhalve week niets doen ivm kou en sneeuw&;7.0;00:31:15;13.44;;;;;
Hardlopen;;29-1-2013;;6K;6.0;00:34:36;10.47;;;;;
Hardlopen;;31-1-2013;;8K in sonsbeek/zypendaal;8.0;00:37:51;12.69;;;;;
Hardlopen;;3-2-2013;;sonsbeek met 5x heuveltje op;6.5;00:33:01;11.81;;;;;
Hardlopen;;6-2-2013;;1 uur lopen;12.5;01:00:02;12.46;;;;;
Hardlopen;;13-2-2013;;;5.5;00:28:04;11.77;;;;;
Hardlopen;;15-2-2013;;;5.0;00:26:35;11.30;;;;;
Hardlopen;;17-2-2013;;8K met Elena;8.0;00:46:47;10.26;;;;;
Hardlopen;;20-2-2013;;;6.1;00:30:02;12.22;;;;;
Hardlopen;;23-2-2013;;5K in musselkanaal;5.0;00:21:53;13.72;;;;;
Hardlopen;;25-2-2013;;;2.4;00:15:43;9.02;;;;;
Hardlopen;;25-2-2013;;2K+2.5K met Jeanette en Wieke;2.4;00:26:15;5.40;;;;;
Hardlopen;;27-2-2013;;2x moeten pauseren;6.5;00:31:30;12.40;;;;;
Hardlopen;;1-3-2013;;10K @12km/h;10.0;00:49:44;12.06;;;;;
Hardlopen;;3-3-2013;;7k;7.5;00:40:02;11.23;;;;;
Hardlopen;;5-3-2013;;6K;6.2;00:32:34;11.49;;;;;
Hardlopen;;9-3-2013;;;8.0;00:38:31;12.47;;;;;
Hardlopen;;11-3-2013;11:34;Arnhem Hardlopen;6.07;00:29:50;12.21;;;;;12.2
Hardlopen;;18-3-2013;10:09;Arnhem Hardlopen;12.1;00:58:22;12.44;;;;;12.4
Hardlopen;;25-3-2013;17:26;Arnhem Hardlopen;6.04;00:25:59;13.95;;;;;14
Hardlopen;;1-4-2013;12:52;Arnhem Hardlopen;11.51;01:00:37;11.39;;;;;11.4
Hardlopen;;3-4-2013;13:02;Arnhem Hardlopen;10.04;00:43:43;13.78;;;;;13.8
Hardlopen;;6-4-2013;08:48;Warwick Hardlopen;6.46;00:38:10;10.16;;;;;10.2
Hardlopen;;8-4-2013;14:34;Arnhem Hardlopen;15.29;01:40:31;9.13;;;;;9.1
Hardlopen;;10-4-2013;;5K voor het werk;5.0;00:23:17;12.88;;;;;
Hardlopen;;13-4-2013;;;0.6;00:8:02;4.70;;;;;
Hardlopen;;13-4-2013;;Interval op Papendal;6.9;00:28:47;14.31;;;;;
Hardlopen;;16-4-2013;;7K voor het werk. met tussenstop bibliotheek;7.0;00:36:55;11.38;;;;;
Hardlopen;;19-4-2013;;10K op nieuwe schoenen;10.0;00:48:54;12.28;;;;;
Hardlopen;;22-4-2013;;PR 1000m 3:31:23;10.0;00:43:23;13.83;;;;;
Hardlopen;;24-4-2013;;slechte 4K;4.0;00:21:42;11.06;;;;;
Hardlopen;;29-4-2013;;snelle 10K;10.0;00:43:01;13.95;;;;;
Hardlopen;;1-5-2013;17:20;Arnhem Hardlopen;5.75;00:44:33;7.74;;;;;7.7
Hardlopen;;4-5-2013;16:14;Arnhem Hardlopen;7.33;00:41:52;10.5;;;;;10.5
Hardlopen;;6-5-2013;11:16;Arnhem Hardlopen;20.27;02:04:43;9.75;;;;;9.8
Hardlopen;;8-5-2013;;Niet goed genoeg hersteld van de 20K;3.7;00:20:17;11.07;;;;;
Hardlopen;;10-5-2013;;8K;8.0;00:38:05;12.62;;;;;
Hardlopen;;13-5-2013;;1e 4 km met Elena. daarna alleen;8.0;00:42:08;11.39;;;;;
Hardlopen;;17-5-2013;;;3.6;00:14:36;14.76;;;;;
Hardlopen;;17-5-2013;;10 x (30/30) + 10x (60/30);7.9;00:33:53;13.96;;;;;
Hardlopen;;19-5-2013;;8K Sonsbeek;8.0;00:39:39;12.11;;;;;
Hardlopen;;21-5-2013;;"7.6k, waaronder 5k PR;";7.6;00:30:30;14.95;;;;;
Hardlopen;;21-5-2013;;"PR 5K  19'17&quot;";5.0;00:19:17;15.56;;;;;
Hardlopen;;23-5-2013;17:24;Arnhem Hardlopen;5.57;00:47:11;7.08;;;;;7.1
Wandelen;;27-5-2013;17:17;Arnhem Hardlopen;0.39;00:15:18;1.53;;;;;1.5
Hardlopen;;27-5-2013;18:13;Arnhem Hardlopen;3.66;00:35:59;6.1;;;;;6.1
Hardlopen;;27-5-2013;17:32;Arnhem Hardlopen;4.04;00:30:27;7.96;;;;;8
Hardlopen;;29-5-2013;18:48;Arnhem Hardlopen;2.37;00:17:51;7.97;;;;;8
Hardlopen;;29-5-2013;19:06;Arnhem Hardlopen;2.93;00:19:20;9.09;;;;;9.1
Hardlopen;;2-6-2013;09:54;Arnhem Hardlopen;7.16;00:41:17;10.41;;;;;10.4
Hardlopen;;4-6-2013;17:25;Arnhem Hardlopen;8.1;01:37:49;4.97;;;;;5
Hardlopen;;7-6-2013;13:58;Arnhem Hardlopen;10.24;01:03:36;9.66;;;;;9.7
Hardlopen;;10-6-2013;;;6.0;00:26:39;13.52;;;;;
Hardlopen;;12-6-2013;;;9.3;00:58:00;9.67;;;;;
Hardlopen;;14-6-2013;;;7.5;00:38:15;11.77;;;;;
Hardlopen;;17-6-2013;;Naamloos;2.5;00:10:04;14.94;;;;;
Hardlopen;;17-6-2013;;Coopertest 3300 m;3.3;00:12:00;16.5;;;;;
Hardlopen;;17-6-2013;;10x (30/30);3.2;00:14:12;13.52;;;;;
Hardlopen;;19-6-2013;;;0.0;00:16:34;0.00;;;;;
Hardlopen;;21-6-2013;;5K;5.0;00:24:14;12.37;;;;;
Hardlopen;;24-6-2013;08:22;Cavallino-Treporti Hardlopen;10.03;00:50:14;11.98;;;;;12
Hardlopen;;26-6-2013;;Naar tre-porti vv;8.0;00:34:03;14.11;;;;;
Hardlopen;;28-6-2013;;Via Fausta;10.5;00:48:22;13.03;;;;;
Hardlopen;;30-6-2013;19:17;Cavallino-Treporti Hardlopen;1.21;00:08:22;8.68;;;;;8.7
Hardlopen;;30-6-2013;19:26;Cavallino-Treporti Hardlopen;2.72;00:11:57;13.66;;;;;13.6
Hardlopen;;3-7-2013;18:09;Cavallino-Treporti Hardlopen;6.03;00:25:35;14.14;;;;;14.1
Hardlopen;;6-7-2013;19:11;Cavallino-Treporti Hardlopen;10.04;00:59:28;10.13;;;;;10.1
Hardlopen;;9-7-2013;17:55;Cavallino-Treporti Hardlopen;6.29;00:31:46;11.88;;;;;11.9
Hardlopen;;11-7-2013;17:18;Cavallino-Treporti Hardlopen;5.39;00:25:51;12.51;;;;;12.5
Hardlopen;;13-7-2013;19:07;Cavallino-Treporti Hardlopen;6.68;00:37:59;10.55;;;;;10.6
Hardlopen;;14-7-2013;;;5.7;00:26:51;12.73;;;;;
Hardlopen;;15-7-2013;17:07;Cavallino-Treporti Hardlopen;10.07;01:10:25;8.58;;;;;8.6
Hardlopen;;18-7-2013;17:27;Cavallino-Treporti Hardlopen;5.15;01:08:35;4.51;;;;;4.5
Hardlopen;;21-7-2013;17:30;Cavallino-Treporti Hardlopen;7.06;00:31:30;13.45;;;;;13.5
Hardlopen;;22-7-2013;;Lopen met Ludivine. was niet in vorm;1.0;00:6:02;9.93;;;;;
Hardlopen;;25-7-2013;;6K. erg warm;6.0;00:29:17;12.29;;;;;
Hardlopen;;28-7-2013;;Lopen met Ludivine. Olly en Manon naar Punta sabbioni;6.9;00:31:31;13.16;;;;;
Hardlopen;;30-7-2013;;Interval 2x6x(170m/170m);5.6;00:27:19;12.30;;;;;
Hardlopen;;31-7-2013;;punto sabioni vv;6.6;00:32:04;12.31;;;;;
Hardlopen;;2-8-2013;22:32;Cavallino-Treporti Hardlopen;0.92;00:05:24;10.22;;;;;10.2
Hardlopen;;2-8-2013;22:39;Cavallino-Treporti Hardlopen;1.37;00:08:06;10.15;;;;;10.1
Hardlopen;;2-8-2013;22:47;Cavallino-Treporti Hardlopen;2.37;00:11:43;12.14;;;;;12.1
Hardlopen;;4-8-2013;21:16;Cavallino-Treporti Hardlopen;10.01;00:47:40;12.6;;;;;12.6
Hardlopen;;7-8-2013;20:33;Cavallino-Treporti Hardlopen;5.06;00:31:13;9.73;;;;;9.7
Hardlopen;;8-8-2013;;20'/20' interval na hardlopen met Brende;1.5;00:06:40;13.59;;;;;
Hardlopen;;8-8-2013;21:53;Cavallino-Treporti Hardlopen;2.07;00:20:40;6.01;;;;;6
Hardlopen;;8-8-2013;21:13;Cavallino-Treporti Hardlopen;3.21;00:29:38;6.5;;;;;6.5
Hardlopen;;10-8-2013;20:59;Cavallino-Treporti Hardlopen;15.05;01:13:55;12.22;;;;;12.2
Hardlopen;;14-8-2013;20:09;Cavallino-Treporti Hardlopen;0.99;00:05:06;11.65;;;;;11.7
Hardlopen;;14-8-2013;19:33;Cavallino-Treporti Hardlopen;1.66;00:09:36;10.38;;;;;10.4
Hardlopen;;14-8-2013;19:58;Cavallino-Treporti Hardlopen;2.23;00:11:21;11.79;;;;;11.8
Hardlopen;;14-8-2013;19:45;Cavallino-Treporti Hardlopen;2.4;00:10:05;14.28;;;;;14.3
Hardlopen;;16-8-2013;;10 met Stefan;10.1;00:49:08;12.36;;;;;
Hardlopen;;16-8-2013;20:17;Cavallino-Treporti Hardlopen;10.24;00:53:15;11.54;;;;;11.5
Hardlopen;;19-8-2013;;5K 20:23;6.0;00:25:31;14.17;;;;;
Hardlopen;;21-8-2013;;"interval 10 x (30&quot;/15&quot;)";5.2;00:22:47;13.70;;;;;
Hardlopen;;24-8-2013;;8.9K ;8.7;00:39:56;13.11;;;;;
Hardlopen;;26-8-2013;;5K met Ludivine;5.4;00:28:34;11.33;;;;;
Hardlopen;;28-8-2013;;14K;14.0;01:05:15;12.88;;;;;
Hardlopen;;30-8-2013;;hersteloop 5k;5.0;00:22:29;13.35;;;;;
Hardlopen;;1-9-2013;;8K naar punta sabbioni;8.0;00:39:57;12.02;;;;;
Hardlopen;;4-9-2013;;"Interval 2x10x(30&quot;/30&quot;)";7.9;00:37:40;12.53;;;;;
Hardlopen;;6-9-2013;;Climaxrun met Marije;8.0;00:34:29;14.00;;;;;
Hardlopen;;12-9-2013;;een week niet hardgelopen wegens veel uit eten gaan bij Terrazza etc.;5.5;00:24:28;13.48;;;;;
Hardlopen;;14-9-2013;;5K _: 20:19;6.0;00:25:11;14.37;;;;;
Hardlopen;;17-9-2013;;Interval op de camping;5.9;00:27:26;12.80;;;;;
Hardlopen;;21-9-2013;;6K via fausta;6.0;00:26:55;13.45;;;;;
Hardlopen;;23-9-2013;;Laatste keer in Italie :(;6.0;00:29:47;12.15;;;;;
Hardlopen;;28-9-2013;;Eerste keer weer in NL;7.0;00:32:23;13.01;;;;;
Hardlopen;;30-9-2013;;10K Velp ;10.1;00:46:19;13.06;;;;;
Hardlopen;;3-10-2013;;Moeizame 6K;6.1;00:30:13;12.11;;;;;
Hardlopen;;5-10-2013;;Wisseltempo 3x(1000/1000);6.0;00:25:13;14.31;;;;;
Hardlopen;;10-10-2013;;7K. gegevens onbekend;7.2;00:36:17;11.98;;;;;
Hardlopen;;13-10-2013;17:30;Arnhem Hardlopen;10.1;00:49:53;12.15;;;;;12.2
Hardlopen;;17-10-2013;12:18;Arnhem Hardlopen;2.82;00:26:37;6.36;;;;;6.4
Hardlopen;;17-10-2013;12:03;Arnhem Hardlopen;3.34;00:15:19;13.08;;;;;13.1
Hardlopen;;19-10-2013;17:32;Stadskanaal Hardlopen;7.02;00:36:31;11.53;;;;;11.5
Hardlopen;;21-10-2013;13:02;Arnhem Hardlopen;5.41;00:31:55;10.17;;;;;10.2
Hardlopen;;23-10-2013;11:29;Stadskanaal Hardlopen;8.05;00:36:08;13.37;;;;;13.4
Hardlopen;;25-10-2013;13:50;Arnhem Hardlopen;8.04;00:43:30;11.09;;;;;11.1
Hardlopen;;29-10-2013;14:45;Arnhem Hardlopen;10.06;00:46:19;13.03;;;;;13
Hardlopen;;31-10-2013;12:41;Arnhem Hardlopen;5.8;00:27:38;12.59;;;;;12.6
Hardlopen;;2-11-2013;20:05;Arnhem Hardlopen;10.06;00:47:11;12.79;;;;;12.8
Hardlopen;;4-11-2013;12:59;Arnhem Hardlopen;5.16;00:28:16;10.95;;;;;11
Hardlopen;;7-11-2013;15:24;Arnhem Hardlopen;1.5;00:07:23;12.19;;;;;12.2
Hardlopen;;7-11-2013;15:33;Arnhem Hardlopen;2.54;00:10:22;14.7;;;;;14.7
Hardlopen;;13-11-2013;20:17;Arnhem Hardlopen;2.77;00:12:56;12.85;;;;;12.9
Hardlopen;;13-11-2013;20:39;Arnhem Hardlopen;4.14;00:21:40;11.46;;;;;11.5
Hardlopen;;13-11-2013;;13/11/2013 - 20:39:&;6.8;00:31:43;12.88;;;;;
Hardlopen;;15-11-2013;15:55;Arnhem Hardlopen;1.8;00:09:16;11.65;;;;;11.7
Hardlopen;;15-11-2013;17:30;Arnhem Hardlopen;2.31;00:10:57;12.66;;;;;12.7
Hardlopen;;15-11-2013;16:24;Arnhem Hardlopen;10.02;01:04:34;9.31;;;;;9.3
Hardlopen;;17-11-2013;;"Interval op de rijnkade 2 x (30&quot;/30&quot;)";4.4;00:38:20;6.86;;;;;
Hardlopen;;19-11-2013;;12 K in Meinerswijk;12.2;01:00:01;12.20;;;;;
Hardlopen;;21-11-2013;17:32;Arnhem Hardlopen;0.64;00:03:30;10.97;;;;;11
Hardlopen;;21-11-2013;17:00;Arnhem Hardlopen;1.24;00:06:51;10.86;;;;;10.9
Hardlopen;;21-11-2013;17:07;snelle 5K (20:58) na 4 uur slaap;5.03;00:21:07;14.29;;;;;14.3
Hardlopen;;24-11-2013;19:00;Arnhem Hardlopen;10.07;00:50:52;11.88;;;;;11.9
Hardlopen;;26-11-2013;19:18;Arnhem Hardlopen;7.56;00:36:00;12.6;;;;;12.6
Hardlopen;;28-11-2013;14:54;Arnhem Hardlopen;1.91;00:09:12;12.46;;;;;12.5
Hardlopen;;28-11-2013;15:25;Arnhem Hardlopen;1.92;00:08:00;14.4;;;;;14.4
Hardlopen;;28-11-2013;15:14;Arnhem Hardlopen;2.26;00:10:03;13.49;;;;;13.5
Hardlopen;;28-11-2013;15:04;Arnhem Hardlopen;2.39;00:10:06;14.2;;;;;14.2
Hardlopen;;1-12-2013;10:52;Islington Hardlopen;0.78;00:03:38;12.88;;;;;12.9
Hardlopen;;1-12-2013;09:38;City of Westminster Hardlopen;6.73;00:38:49;10.4;;;;;10.4
Hardlopen;;3-12-2013;13:05;Arnhem Hardlopen;10.42;01:01:31;10.16;;;;;10.2
Hardlopen;;6-12-2013;;6K met Elena. daarna nog 3.6K alleen;9.4;00:50:49;11.13;;;;;
Hardlopen;;8-12-2013;;Niet in vorm. eenkeer moeten pauzeren;6.0;00:30:08;11.95;;;;;
Hardlopen;;11-12-2013;;"Craft kleren + icebreaker. Precies goed 150 BPM -&gt; 114 BPM";8.0;00:35:45;13.42;;;;;
Hardlopen;;16-12-2013;15:09;Arnhem Hardlopen;1.09;00:09:46;6.7;;;;;6.7
Hardlopen;;17-12-2013;19:10;Arnhem Hardlopen;10.03;00:50:00;12.04;;;;;12
Hardlopen;;22-12-2013;;15K 1:21;15.0;01:20:46;11.14;;;;;
Hardlopen;;24-12-2013;;"Interval 10x (30&quot;30) op Rijnkade";5.6;00:28:32;11.79;;;;;
Hardlopen;;28-12-2013;;bootcamp in presikhaaf park;7.3;00:35:41;12.30;;;;;
Hardlopen;;31-12-2013;;10K met Elena;10.0;00:59:12;10.14;;;;;
Hardlopen;;1-1-2014;;5K nulmeting 2013 21m22;6.8;00:31:04;13.18;;;;;
Hardlopen;;4-1-2014;;;6.0;00:30:44;11.71;;;;;
Hardlopen;;6-1-2014;;;0.1;00:00:46;10.53;;;;;
Hardlopen;;6-1-2014;;;8.0;00:36:08;13.28;;;;;
Hardlopen;;8-1-2014;;;8.0;00:40:23;11.88;;;;;
Hardlopen;;12-1-2014;16:11;Arnhem Hardlopen;1.09;00:07:26;8.8;;;;;8.8
Hardlopen;;12-1-2014;16:31;Arnhem Hardlopen;2.32;00:10:07;13.76;;;;;13.7
Hardlopen;;12-1-2014;16:19;Arnhem Hardlopen;2.62;00:11:32;13.63;;;;;13.6
Hardlopen;;14-1-2014;20:10;Arnhem Hardlopen;6.14;00:33:25;11.02;;;;;11
Hardlopen;;16-1-2014;16:28;Arnhem Hardlopen;10.13;00:48:20;12.58;;;;;12.6
Hardlopen;;21-1-2014;14:46;Arnhem Hardlopen;10.03;00:44:44;13.45;;;;;13.5
Hardlopen;;23-1-2014;16:25;Arnhem Hardlopen;1;00:03:31;17.06;;;;;17.1
Hardlopen;;23-1-2014;16:16;Arnhem Hardlopen;1.01;00:04:05;14.84;;;;;14.9
Hardlopen;;23-1-2014;15:46;Arnhem Hardlopen;1.02;00:05:39;10.83;;;;;10.8
Hardlopen;;23-1-2014;16:09;Arnhem Hardlopen;1.28;00:06:11;12.42;;;;;12.4
Hardlopen;;23-1-2014;15:53;Arnhem Hardlopen;2.32;00:10:02;13.87;;;;;13.9
Hardlopen;;25-1-2014;15:48;Arnhem Hardlopen;4.13;00:21:49;11.36;;;;;11.4
Hardlopen;;29-1-2014;;6K @ 12km/h;6.0;00:30:17;11.88;;;;;
Hardlopen;;31-1-2014;;4K in musselkanaal;3.9;00:18:12;12.98;;;;;
Hardlopen;;4-2-2014;;10K @ 12.7 km/h;10.0;00:47:31;12.64;;;;;
Hardlopen;;7-2-2014;18:36;Arnhem Hardlopen;6.33;00:44:08;8.61;;;;;8.6
Hardlopen;;9-2-2014;17:33;Arnhem Hardlopen;8.13;00:41:16;11.82;;;;;11.8
Hardlopen;;11-2-2014;11:31;Arnhem Hardlopen;5.35;00:40:18;7.97;;;;;8
Hardlopen;;13-2-2014;13:31;Arnhem Hardlopen;15.2;01:28:48;10.27;;;;;10.3
Hardlopen;;9-4-2014;17:10;Arnhem Hardlopen;10.04;01:02:32;9.63;;;;;9.6
Hardlopen;;25-5-2014;14:06;Rome Hardlopen;4.59;00:34:21;8.02;;;;;8
Hardlopen;;27-5-2014;11:36;Rome Hardlopen;7.58;00:40:12;11.31;;;;;11.3
Hardlopen;;30-5-2014;12:29;Rome Hardlopen;1.29;00:06:43;11.52;;;;;11.6
Hardlopen;;30-5-2014;12:55;Rome Hardlopen;2.02;00:10:06;12;;;;;12
Hardlopen;;30-5-2014;12:36;Rome Hardlopen;2.31;00:09:59;13.88;;;;;13.9
Hardlopen;;3-6-2014;12:39;Rome Hardlopen;5.05;00:25:33;11.86;;;;;11.9
Hardlopen;;4-6-2014;19:05;Rome Hardlopen;4.56;00:47:40;5.74;;;;;5.7
Hardlopen;;8-6-2014;20:06;Rome Hardlopen;5.04;00:22:35;13.39;;;;;13.4
Hardlopen;;15-6-2014;20:11;Rome Hardlopen;5.02;00:23:20;12.91;;;;;12.9
Hardlopen;;21-6-2014;12:36;Rome Hardlopen;1.28;00:07:46;9.89;;;;;9.9
Hardlopen;;23-6-2014;19:59;Rome Hardlopen;8;00:42:06;11.4;;;;;11.4
Hardlopen;;25-6-2014;20:33;Rome Hardlopen;5.29;00:25:58;12.22;;;;;12.2
Hardlopen;;28-6-2014;13:28;Rome Hardlopen;5.15;00:24:36;12.56;;;;;12.5
Hardlopen;;2-7-2014;20:14;Rome Hardlopen;6.41;00:35:05;10.96;;;;;11
Hardlopen;;4-7-2014;07:32;Rome Hardlopen;1.87;00:11:30;9.76;;;;;9.7
Hardlopen;;8-7-2014;12:51;Rome Hardlopen;5.34;00:22:54;13.99;;;;;14
Hardlopen;;12-7-2014;13:39;Rome Hardlopen;5.08;00:26:57;11.31;;;;;11.3
Hardlopen;;14-7-2014;10:07;Rome Hardlopen;0.64;00:03:59;9.64;;;;;9.6
Hardlopen;;14-7-2014;10:11;Rome Hardlopen;3.71;00:26:05;8.53;;;;;8.5
Hardlopen;;19-7-2014;12:48;Rome Hardlopen;5.04;00:25:38;11.8;;;;;11.8
Hardlopen;;21-7-2014;21:05;Rome Hardlopen;5.07;00:27:52;10.92;;;;;10.9
Hardlopen;;23-7-2014;20:20;Rome Hardlopen;6.06;00:28:24;12.8;;;;;12.8
Hardlopen;;26-7-2014;12:45;Rome Hardlopen;5.17;00:27:35;11.25;;;;;11.2
Hardlopen;;27-7-2014;20:11;Rome Hardlopen;5.06;00:22:16;13.63;;;;;13.6
Hardlopen;;30-7-2014;12:27;Rome Hardlopen;5;00:27:19;10.98;;;;;11
Hardlopen;;1-8-2014;12:22;Rome Hardlopen;10.79;00:50:40;12.78;;;;;12.8
Hardlopen;;5-8-2014;10:42;Rome Hardlopen;3.14;00:14:36;12.9;;;;;12.9
Hardlopen;;6-8-2014;13:21;Rome Hardlopen;0.93;00:07:05;7.88;;;;;7.9
Hardlopen;;6-8-2014;12:55;Rome Hardlopen;1.79;00:18:18;5.87;;;;;5.9
Hardlopen;;8-8-2014;16:30;Rome Hardlopen;6.05;00:34:47;10.44;;;;;10.4
Hardlopen;;9-8-2014;11:47;Rome Hardlopen;3.24;00:24:21;7.98;;;;;8
Hardlopen;;12-8-2014;10:40;Rome Hardlopen;4.31;00:26:12;9.87;;;;;9.9
Hardlopen;;14-8-2014;12:17;Rome Hardlopen;10.45;00:52:05;12.04;;;;;12
Hardlopen;;16-8-2014;12:37;Rome Hardlopen;5.37;00:23:48;13.54;;;;;13.5
Hardlopen;;20-8-2014;13:00;Rome Hardlopen;5.57;00:30:00;11.14;;;;;11.1
Hardlopen;;24-8-2014;11:36;Rome Hardlopen;4.94;00:22:03;13.44;;;;;13.5
Hardlopen;;26-8-2014;11:04;Rome Hardlopen;2.61;00:13:46;11.38;;;;;11.4
Hardlopen;;28-8-2014;11:58;Rome Hardlopen;1.75;00:09:36;10.94;;;;;10.9
Hardlopen;;2-9-2014;12:30;Rome Hardlopen;5;00:26:05;11.5;;;;;11.5
Hardlopen;;20-9-2014;11:53;Stadskanaal Hardlopen;5.28;00:30:01;10.55;;;;;10.5
Hardlopen;;22-9-2014;18:05;Arnhem Hardlopen;6.72;00:41:44;9.66;;;;;9.7
Hardlopen;;24-9-2014;13:25;Arnhem Hardlopen;5.49;00:26:10;12.59;;;;;12.6
Hardlopen;;26-9-2014;17:34;Arnhem Hardlopen;10.07;01:00:00;10.07;;;;;10.1
Hardlopen;;29-9-2014;20:34;Arnhem Hardlopen;6.06;00:25:43;14.14;;;;;14.1
Wandelen;;7-10-2014;02:18;Naamloos;0.31;00:03:36;5.17;;;;;11:40
Hardlopen;;12-10-2014;14:54;Arnhem Hardlopen;5.03;00:25:44;11.73;;;;;11.7
Hardlopen;;14-10-2014;19:09;Arnhem Hardlopen;10.03;00:48:56;12.3;;;;;12.3
Hardlopen;;16-10-2014;15:07;Arnhem Hardlopen;6;00:27:20;13.17;;;;;13.2
Hardlopen;;18-10-2014;18:07;Arnhem Hardlopen;8.02;00:37:53;12.7;;;;;12.7
Hardlopen;;22-10-2014;18:03;Arnhem Hardlopen;12.52;01:00:04;12.51;;;;;12.5
Hardlopen;;25-10-2014;17:00;Naamloos;8.01;00:46:55;10.24;;;;;05:52
Hardlopen;;27-10-2014;19:13;Naamloos;8.01;00:35:42;13.46;;;;;04:28
Hardlopen;;29-10-2014;12:19;Naamloos;5.03;00:25:03;12.05;;;;;04:59
Hardlopen;;31-10-2014;16:32;Naamloos;7.83;00:44:34;10.54;;;;;05:41
Hardlopen;;1-11-2014;17:13;Naamloos;10.43;01:00:06;10.41;;;;;05:46
Hardlopen;;3-11-2014;16:42;Naamloos;5.01;00:23:48;12.63;;;;;04:45
Hardlopen;;5-11-2014;15:56;Naamloos;5.02;00:22:26;13.43;;;;;04:28
Hardlopen;;8-11-2014;19:32;Naamloos;15;01:15:32;11.92;;;;;05:02
Hardlopen;;10-11-2014;16:28;Naamloos;5;00:28:36;10.49;;;;;05:43
Hardlopen;;12-11-2014;13:32;Naamloos;7.34;00:36:29;12.07;;;;;04:58
Hardlopen;;14-11-2014;14:58;Naamloos;4.02;00:22:05;10.92;;;;;05:29
Hardlopen;;17-11-2014;13:51;Naamloos;6.02;00:29:17;12.33;;;;;04:52
Hardlopen;;20-11-2014;14:40;Naamloos;6.01;00:27:26;13.14;;;;;04:34
Hardlopen;;24-11-2014;15:29;Naamloos;10;00:50:01;12;;;;;05:00
Hardlopen;;28-11-2014;14:10;Naamloos;5;00:25:19;11.85;;;;;05:04
Hardlopen;;6-12-2014;16:48;Naamloos;10.84;00:54:06;12.02;;;;;04:59
Hardlopen;;11-12-2014;13:48;Naamloos;5.01;00:23:11;12.97;;;;;04:38
Hardlopen;;13-12-2014;17:31;Naamloos;8;00:36:37;13.11;;;;;04:35
Hardlopen;;16-12-2014;12:39;Naamloos;0.62;00:02:52;12.98;;;;;04:36
Hardlopen;;16-12-2014;12:42;Naamloos;7.2;00:33:40;12.83;;;;;04:41
Hardlopen;;19-12-2014;19:31;Serris Running;5;00:26:40;11.25;;;;;05:20
Hardlopen;;21-12-2014;11:43;Serris Running;6.01;00:32:24;11.13;;;;;05:24
Hardlopen;;16-1-2015;16:28;Arnhem Running;5;00:23:16;12.89;;;;;04:39
Hardlopen;;27-1-2015;17:50;Serris Running;6;00:28:01;12.85;;;;;04:40
Hardlopen;;7-2-2015;15:47;Serris Running;2.05;00:10:20;11.9;;;;;05:03
Hardlopen;;8-3-2015;14:54;Serris Running;10;00:53:17;11.26;;;;;05:20
Hardlopen;;15-3-2015;16:51;bad temporun;6;00:30:01;11.99;;;;;05:00
Hardlopen;;17-3-2015;12:53;Serris Running;3.6;00:20:45;10.41;;;;;05:46
Hardlopen;;30-3-2015;18:12;Serris Running;8.48;00:39:33;12.86;;;;;04:40
Hardlopen;;7-4-2015;20:46;Serris Running;7.5;00:36:25;12.36;;;;;04:51
Hardlopen;;19-4-2015;17:27;Serris Running;11.11;00:56:59;11.7;;;;;05:08
Hardlopen;;26-4-2015;19:29;Serris Running;5.01;00:25:11;11.94;;;;;05:02
Hardlopen;;4-5-2015;14:29;Serris 6k;6;00:26:37;13.53;;;;;04:26
Hardlopen;;11-5-2015;14:33;Serris Running;10;00:52:01;11.53;;;;;05:12
Hardlopen;;18-5-2015;19:33;To work to see the planning;3.73;00:16:32;13.54;;;;;04:26
Hardlopen;;18-5-2015;19:59;"Fast"" 5k (22:09)""";6.3;00:29:14;12.93;;;;;04:38
Hardlopen;;20-5-2015;12:15;Serris Running;5;00:27:27;10.93;;;;;05:29
Hardlopen;;22-5-2015;12:39;Serris Running;5.01;00:27:16;11.02;;;;;05:27
Hardlopen;;25-5-2015;17:11;10k wisseltempo counterclockwise;10.01;00:46:25;12.94;;;;;04:38
Hardlopen;;28-5-2015;12:10;5K;6.15;00:30:47;11.99;;;;;05:00
Hardlopen;;4-6-2015;13:38;10 K wisseltempo;9;00:40:13;13.43;;;;;04:28
Hardlopen;;8-6-2015;20:24;13K to Montevrain :);13;01:05:33;11.9;;;;;05:02
Hardlopen;;10-6-2015;12:57;Serris Running;6.95;00:37:32;11.11;;;;;05:24
Hardlopen;;15-6-2015;17:57;Serris Running;7.22;00:37:13;11.64;;;;;05:09
Hardlopen;;6-7-2015;20:44;Bussy-Saint-Georges Running;7;00:36:13;11.6;;;;;05:10
Hardlopen;;12-7-2015;18:43;Bussy-Saint-Georges Running;7.08;00:40:27;10.5;;;;;05:43
Hardlopen;;14-7-2015;13:22;Bussy-Saint-Georges Running;5;00:24:11;12.41;;;;;04:50
Hardlopen;;17-7-2015;12:35;Bussy-Saint-Georges Running;5;00:25:22;11.83;;;;;05:04
Hardlopen;;19-7-2015;14:31;Bussy-Saint-Georges Running;12;01:05:45;10.95;;;;;05:29
Hardlopen;;22-7-2015;11:28;Bussy-Saint-Georges Running;0.95;00:05:01;11.36;;;;;05:17
Hardlopen;;22-7-2015;11:35;Bussy-Saint-Georges Running;2.02;00:08:00;15.15;;;;;03:57
Hardlopen;;22-7-2015;11:48;Bussy-Saint-Georges Running;3.01;00:17:49;10.14;;;;;05:56
Hardlopen;;24-7-2015;12:42;Bussy-Saint-Georges Running;4.01;00:23:36;10.19;;;;;05:53
Hardlopen;;27-7-2015;12:10;Bussy-Saint-Georges Running;6;00:30:48;11.69;;;;;05:08
Hardlopen;;30-7-2015;13:26;Bussy-Saint-Georges Running;5;00:22:31;13.32;;;;;04:30
Hardlopen;;2-8-2015;13:30;Bussy-Saint-Georges Running;6.23;00:32:01;11.68;;;;;05:08
Hardlopen;;5-8-2015;13:06;Bussy-Saint-Georges Running;6.06;00:33:48;10.76;;;;;05:35
Hardlopen;;8-8-2015;13:01;Bussy-Saint-Georges Running;6.51;00:32:12;12.13;;;;;04:57
Hardlopen;;9-8-2015;19:02;Bussy-Saint-Georges Running;10.01;01:01:27;9.77;;;;;06:08
Hardlopen;;13-8-2015;12:54;Bussy-Saint-Georges Running;5;00:26:19;11.4;;;;;05:16
Hardlopen;;15-8-2015;12:17;Bussy-Saint-Georges Running;2.11;00:11:25;11.09;;;;;05:25
Hardlopen;;15-8-2015;12:30;Bussy-Saint-Georges Running;3.13;00:15:20;12.25;;;;;04:54
Hardlopen;;18-8-2015;19:09;Bussy-Saint-Georges Running;8.01;00:56:14;8.55;;;;;07:01
Hardlopen;;26-8-2015;11:44;Bussy-Saint-Georges Running;5;00:24:02;12.48;;;;;04:48
Hardlopen;;29-8-2015;12:39;Bussy-Saint-Georges Running;6.01;00:30:33;11.8;;;;;05:05
Hardlopen;;31-8-2015;11:44;Bussy-Saint-Georges Running;5.39;00:28:09;11.49;;;;;05:13
Hardlopen;;6-9-2015;08:43;Lido Di Ostia Levante Running;5;00:24:03;12.47;;;;;04:49
Hardlopen;;10-9-2015;10:25;Bari Running;7.42;00:38:24;11.59;;;;;05:11
Hardlopen;;13-9-2015;15:28;Bussy-Saint-Georges Running;5;00:24:58;12.02;;;;;05:00
Hardlopen;;17-9-2015;11:52;Bussy-Saint-Georges Running;5.01;00:22:06;13.6;;;;;04:25
Hardlopen;;21-9-2015;12:14;Bussy-Saint-Georges Running;10;00:55:30;10.81;;;;;05:33
Hardlopen;;23-9-2015;12:19;5k Climax run;5.01;00:22:38;13.28;;;;;04:31
Hardlopen;;26-9-2015;12:46;Bussy-Saint-Georges Running;6;00:30:16;11.89;;;;;05:02
Hardlopen;;29-9-2015;12:00;Bussy-Saint-Georges Running;10.01;00:49:12;12.21;;;;;04:55
Hardlopen;;1-10-2015;13:11;Bussy-Saint-Georges Running;2;00:11:20;10.59;;;;;05:40
Hardlopen;;1-10-2015;12:54;Interval 8 x (30/30);2.06;00:08:00;15.45;;;;;03:54
Hardlopen;;1-10-2015;12:39;Bussy-Saint-Georges Running;2.14;00:11:30;11.17;;;;;05:22
Hardlopen;;3-10-2015;12:21;Bussy-Saint-Georges Running;6;00:33:09;10.86;;;;;05:31
Hardlopen;;7-10-2015;11:54;Bussy-Saint-Georges Running;6;00:26:14;13.72;;;;;04:22
Hardlopen;;9-10-2015;10:13;Arnhem Running;5.01;00:26:43;11.25;;;;;05:20
Hardlopen;;11-10-2015;10:33;Arnhem Running;6.01;00:27:58;12.89;;;;;04:39
Hardlopen;;15-10-2015;12:27;Bussy-Saint-Georges Running;5;00:24:32;12.23;;;;;04:54
Hardlopen;;18-10-2015;18:44;Bussy-Saint-Georges Running;10.01;00:52:46;11.38;;;;;05:16
Hardlopen;;21-10-2015;12:23;Bussy-Saint-Georges Running;2;00:10:42;11.21;;;;;05:21
Hardlopen;;27-10-2015;12:36;Bussy-Saint-Georges Running;6;00:26:42;13.48;;;;;04:27
Hardlopen;;1-11-2015;11:42;5k met Manon;4.94;00:32:05;9.24;;;;;06:30
Hardlopen;;3-11-2015;13:00;Bussy-Saint-Georges Running;6;00:27:45;12.97;;;;;04:38
Hardlopen;;6-11-2015;12:34;Bussy-Saint-Georges Running;6;00:34:16;10.51;;;;;05:42
Hardlopen;;8-11-2015;16:21;Bussy-Saint-Georges Running;10.01;01:10:38;8.5;;;;;07:04
Hardlopen;;10-11-2015;12:34;fast 6k;6.01;00:26:46;13.47;;;;;04:27
Hardlopen;;15-11-2015;15:42;11.5k door foret de ferriers;11.46;01:05:39;10.47;;;;;05:44
Hardlopen;;22-11-2015;16:38;10k wisseltempo;10.01;00:49:15;12.19;;;;;04:55
Hardlopen;;9-12-2015;12:16;Bussy-Saint-Georges Running;5.01;00:26:03;11.54;;;;;05:12
Hardlopen;;13-12-2015;18:29;Bussy-Saint-Georges Running;10.01;00:49:43;12.08;;;;;04:58
Hardlopen;;27-12-2015;19:24;Bussy-Saint-Georges Running;0.87;00:04:08;12.63;;;;;04:47
Hardlopen;;27-12-2015;15:59;Bussy-Saint-Georges Running;10;00:50:36;11.86;;;;;05:03
Hardlopen;;3-1-2016;18:35;Bussy-Saint-Georges Running;10;00:51:36;11.63;;;;;05:09
Hardlopen;;14-1-2016;12:55;Bussy-Saint-Georges Running;5;00:23:31;12.76;;;;;04:42
Hardlopen;;16-1-2016;21:47;Bussy-Saint-Georges Running;7.5;00:40:15;11.18;;;;;05:22
Hardlopen;;31-1-2016;12:51;Musselkanaal Running;13.5;01:06:16;12.22;;;;;04:55
Hardlopen;;14-2-2016;16:43;Bussy-Saint-Georges Running;10.01;00:53:20;11.26;;;;;05:20
Hardlopen;;23-2-2016;16:32;Serris Hardlopen;10.04;00:47:58;12.56;;;;;12.6
Hardlopen;;28-2-2016;18:33;Bussy-Saint-Georges Running;10;00:51:32;11.64;;;;;05:09
Hardlopen;;5-3-2016;23:57;Chessy Hardlopen;9.82;00:40:33;14.53;;;;;14.5
Hardlopen;;6-3-2016;18:09;Bussy-Saint-Georges Hardlopen;9.98;00:52:34;11.39;;;;;11.4
Hardlopen;;6-3-2016;17:09;Bussy-Saint-Georges Running;10.04;00:52:40;11.44;;;;;05:15
Hardlopen;;24-4-2016;12:43;Rome Hardlopen;5.03;00:23:57;12.6;;;;;12.6
Hardlopen;;6-6-2016;10:46;Rome Hardlopen;5.01;00:26:58;11.15;;;;;11.2
Hardlopen;;7-7-2016;10:05;Rome Hardlopen;2.46;00:14:36;10.11;;;;;10.1
Hardlopen;;7-7-2016;11:13;Rome Hardlopen;2.75;00:23:02;7.16;;;;;7.2
Hardlopen;;11-7-2016;09:39;Rome Hardlopen;5.01;00:24:14;12.4;;;;;12.4
Hardlopen;;12-8-2016;11:58;Rome Hardlopen;6.01;00:29:46;12.11;;;;;12.1
Hardlopen;;18-8-2016;10:00;Rome Hardlopen;5.01;00:26:08;11.5;;;;;11.5
Hardlopen;;21-8-2016;10:10;Rome Hardlopen;2.57;00:13:38;11.31;;;;;11.3
Hardlopen;;24-8-2016;10:16;Rome Hardlopen;2.09;00:10:54;11.5;;;;;11.5
Hardlopen;;25-8-2016;09:46;Rome Hardlopen;2.5;00:13:37;11.02;;;;;11
Hardlopen;;10-9-2016;12:36;Rome Hardlopen;5.02;00:26:38;11.31;;;;;11.3
Hardlopen;;13-9-2016;12:15;Rome Hardlopen;2.38;00:14:54;9.58;;;;;9.6
Hardlopen;;15-9-2016;10:46;Rome Hardlopen;5.04;00:24:03;12.57;;;;;12.6
Hardlopen;;18-9-2016;13:16;Rome Hardlopen;5.01;00:22:49;13.17;;;;;13.2
Hardlopen;;21-9-2016;17:26;Rome Hardlopen;10.02;00:55:04;10.92;;;;;10.9
Hardlopen;;25-9-2016;18:29;Rome Hardlopen;5;00:23:50;12.59;;;;;12.6
Hardlopen;;28-9-2016;15:18;Rome Hardlopen;5.01;00:24:20;12.35;;;;;12.3
Hardlopen;;30-9-2016;17:23;Rome Hardlopen;5.02;00:23:17;12.94;;;;;12.9
Hardlopen;;2-10-2016;16:00;Rome Hardlopen;0.67;00:04:19;9.31;;;;;9.4
Hardlopen;;2-10-2016;18:14;Rome Hardlopen;4.42;00:34:22;7.72;;;;;7.7
Hardlopen;;6-10-2016;14:45;Stadskanaal Hardlopen;5.03;00:24:12;12.47;;;;;12.5
Hardlopen;;8-10-2016;12:57;Stadskanaal Hardlopen;10.03;00:49:51;12.07;;;;;12.1
Hardlopen;;11-10-2016;17:18;Arnhem Hardlopen;5.06;00:23:56;12.69;;;;;12.7
Hardlopen;;20-10-2016;12:57;Arnhem Hardlopen;3.21;00:23:29;8.2;;;;;8.2
Hardlopen;;20-10-2016;13:37;Arnhem Hardlopen;7.15;00:33:39;12.75;;;;;12.8
Hardlopen;;12-1-2017;11:32;Mueang Chiang Mai Hardlopen;5.99;00:30:17;11.87;;;;;11.9
Hardlopen;;24-3-2017;13:20;Stadskanaal Hardlopen;4.45;00:35:24;7.54;;;;;7.5
Hardlopen;;26-3-2017;15:20;Stadskanaal Hardlopen;4.01;00:24:58;9.64;;;;;9.6
Hardlopen;;30-3-2017;17:07;Rome Hardlopen;5.01;00:29:08;10.32;;;;;10.3
Hardlopen;;1-4-2017;17:55;Rome Hardlopen;6.02;00:31:34;11.44;;;;;11.4
Hardlopen;;3-4-2017;17:47;Rome Hardlopen;5;00:23:34;12.73;;;;;12.7
Hardlopen;;7-4-2017;17:37;Rome Hardlopen;5;00:22:44;13.2;;;;;13.2
Hardlopen;;9-4-2017;10:36;Rome Hardlopen;8.01;00:42:00;11.44;;;;;11.4
Hardlopen;;12-4-2017;11:57;Rome Hardlopen;2.4;00:16:36;8.67;;;;;8.7
Hardlopen;;13-4-2017;11:20;Rome Hardlopen;5.01;00:22:39;13.27;;;;;13.3
Hardlopen;;19-4-2017;13:22;Rome Hardlopen;10.01;00:51:03;11.76;;;;;11.8
Hardlopen;;24-4-2017;10:37;Rome Hardlopen;5.03;00:24:51;12.14;;;;;12.2
Hardlopen;;1-5-2017;11:45;Rome Hardlopen;5;00:24:04;12.47;;;;;12.5
Hardlopen;;8-5-2017;10:12;Rome Hardlopen;5.01;00:23:50;12.61;;;;;12.6
Hardlopen;;10-5-2017;19:34;Rome Hardlopen;5;00:23:39;12.68;;;;;12.7
Hardlopen;;12-5-2017;12:48;Rome Hardlopen;5.51;00:34:00;9.72;;;;;9.7
Hardlopen;;14-5-2017;12:32;Rome Hardlopen;5.01;00:23:07;13;;;;;13
Hardlopen;;19-5-2017;19:24;Rome Hardlopen;5;00:23:03;13.02;;;;;13
Hardlopen;;22-5-2017;12:30;Rome Hardlopen;5.01;00:27:09;11.07;;;;;11.1
Hardlopen;;25-5-2017;12:43;Rome Hardlopen;2.29;00:13:27;10.22;;;;;10.2
Wandelen;;25-5-2017;09:15;Rome Hardlopen;2.34;00:37:39;3.73;;;;;3.7
Hardlopen;;28-5-2017;11:07;Rome Hardlopen;10.02;00:51:54;11.58;;;;;11.6
Hardlopen;;31-5-2017;11:14;Rome Hardlopen;5.01;00:26:54;11.17;;;;;11.2
Hardlopen;;4-6-2017;11:11;Rome Hardlopen;3.07;00:16:02;11.49;;;;;11.5
Hardlopen;;5-6-2017;14:44;Rome Hardlopen;1.16;00:06:27;10.79;;;;;10.8
Hardlopen;;10-6-2017;10:34;Rome Hardlopen;3.01;00:15:13;11.87;;;;;11.8
Hardlopen;;18-6-2017;18:19;Rome Hardlopen;5;00:25:06;11.95;;;;;12
Hardlopen;;25-6-2017;18:38;Rome Hardlopen;5;00:23:22;12.84;;;;;12.8
Hardlopen;;28-6-2017;20:29;Rome Hardlopen;3.77;00:17:55;12.63;;;;;12.6
Onbekend;;28-6-2017;15:11;Naples Hardlopen;30.75;01:19:17;23.27;;;;;23.3
Hardlopen;;30-6-2017;14:42;Rome Hardlopen;10.02;00:51:30;11.67;;;;;11.7
Hardlopen;;5-7-2017;20:07;Rome Hardlopen;6.05;00:24:29;14.83;;;;;14.8
Hardlopen;;9-7-2017;20:10;Rome Hardlopen;2.22;00:12:19;10.81;;;;;10.8
Hardlopen;;14-7-2017;19:29;Rome Hardlopen;5.01;00:25:33;11.77;;;;;11.8
Hardlopen;;21-7-2017;19:26;Rome Hardlopen;3;00:14:58;12.03;;;;;12
Hardlopen;;23-7-2017;20:26;Rome Hardlopen;4.01;00:23:01;10.45;;;;;10.4
Hardlopen;;25-7-2017;18:20;Rome Hardlopen;12.01;01:08:33;10.51;;;;;10.5
Hardlopen;;25-7-2017;18:20;Rome Hardlopen;12.01;01:08:33;10.51;;;;;05:43
Hardlopen;;7-8-2017;20:07;Rome Hardlopen;5;00:23:11;12.94;;;;;12.9
Hardlopen;;9-8-2017;19:49;Rome Hardlopen;1.04;00:07:11;8.69;;;;;8.7
Hardlopen;;11-8-2017;20:23;Rome Hardlopen;5;00:23:11;12.94;;;;;12.9
Hardlopen;;13-8-2017;19:50;Rome Hardlopen;5.46;00:30:00;10.92;;;;;10.9
Hardlopen;;17-8-2017;19:40;Rome Hardlopen;8.01;00:45:09;10.64;;;;;10.6
Hardlopen;;21-8-2017;17:00;Rome Hardlopen;12.84;01:51:07;6.93;;;;;6.9
Hardlopen;;26-8-2017;19:40;Rome Hardlopen;5;00:22:59;13.05;;;;;13.1
Hardlopen;;29-8-2017;19:03;Rome Hardlopen;1.69;00:09:16;10.94;;;;;10.9
Wandelen;;2-9-2017;19:36;Rome Hardlopen;2.78;00:57:50;2.88;;;;;2.9
Hardlopen;;7-9-2017;18:04;Rome Hardlopen;6.01;00:35:07;10.27;;;;;10.3
Hardlopen;;13-9-2017;18:37;Rome Hardlopen;6.47;00:34:11;11.36;;;;;11.4
Hardlopen;;17-9-2017;17:45;Rome Hardlopen;5.01;00:21:44;13.83;;;;;13.8
Hardlopen;;19-9-2017;19:06;Rome Hardlopen;6;00:27:23;13.15;;;;;13.2
Hardlopen;;22-9-2017;18:37;Rome Hardlopen;8.02;00:45:33;10.56;;;;;10.6
Hardlopen;;25-9-2017;12:50;Rome Hardlopen;2.18;00:12:20;10.61;;;;;10.6
Hardlopen;;27-9-2017;18:00;Rome Hardlopen;5.01;00:23:16;12.92;;;;;12.9
Hardlopen;;29-9-2017;16:53;Rome Hardlopen;5;00:26:59;11.12;;;;;11.1
Hardlopen;;7-10-2017;14:30;Stadskanaal Hardlopen;10.04;00:51:00;11.81;;;;;11.8
Hardlopen;;14-10-2017;14:26;Arnhem Hardlopen;5.01;00:26:08;11.5;;;;;11.5
Hardlopen;;17-10-2017;11:02;Arnhem Hardlopen;10.02;00:55:15;10.88;;;;;10.9
Hardlopen;;24-10-2017;14:45;Stadskanaal Hardlopen;6.01;00:28:07;12.83;;;;;12.8
Hardlopen;;28-10-2017;14:42;Stadskanaal Hardlopen;6.02;00:32:23;11.15;;;;;11.2
Hardlopen;;29-3-2018;18:47;Rome Hardlopen;5;00:24:47;12.1;;;;;04:57
Hardlopen;;1-4-2018;19:24;Rome Hardlopen;1.8;00:10:01;10.78;;;;;05:33
Hardlopen;;6-4-2018;16:33;Rome Hardlopen;4.99;00:24:54;12.02;;;;;04:59
Hardlopen;;9-4-2018;18:15;Rome Hardlopen;5.01;00:23:33;12.76;;;;;04:42
Hardlopen;;12-4-2018;10:53;Rome Hardlopen;0.67;00:02:54;13.86;;;;;04:20
Hardlopen;;12-4-2018;10:38;Rome Hardlopen;0.82;00:03:14;15.22;;;;;03:56
Hardlopen;;12-4-2018;12:28;Rome Hardlopen;2.79;00:13:53;12.06;;;;;04:58
Hardlopen;;14-4-2018;12:38;Rome Hardlopen;1.01;00:05:37;10.79;;;;;05:35
Hardlopen;;17-4-2018;20:02;Rome Hardlopen;5.01;00:24:31;12.26;;;;;04:54
Hardlopen;;20-4-2018;14:02;Rome Hardlopen;10.01;00:57:36;10.43;;;;;05:45
Hardlopen;;29-4-2018;16:00;Rome Hardlopen;1.52;00:08:07;11.24;;;;;05:22
Hardlopen;;2-5-2018;19:26;Rome Hardlopen;5.01;00:22:56;13.11;;;;;04:35
Hardlopen;;4-5-2018;17:56;Rome Hardlopen;7;00:37:07;11.32;;;;;05:18
Hardlopen;;10-5-2018;11:19;Rome Hardlopen;5;00:29:57;10.02;;;;;06:00
Hardlopen;;12-5-2018;10:14;Rome Hardlopen;5.21;00:30:24;10.28;;;;;05:50
Hardlopen;;14-5-2018;18:53;Rome Hardlopen;1.07;00:05:29;11.71;;;;;05:07
Fietsen;;16-5-2018;15:28;Rome Fietsen;2.19;00:12:01;10.93;;;;;10.9
Hardlopen;;18-5-2018;18:39;Rome Hardlopen;5;00:22:57;13.07;;;;;04:35
Hardlopen;;7-6-2018;16:44;Rome Hardlopen;5;00:22:40;13.24;;;;;04:32
Hardlopen;;12-6-2018;15:16;Rome Hardlopen;2.97;00:16:29;10.81;;;;;05:33
Hardlopen;;26-6-2018;20:22;Rome Hardlopen;5;00:24:58;12.02;;;;;04:59
Wandelen;;29-6-2018;12:28;Rome Overige;0.96;00:15:38;3.68;;;;;3.7
Fietsen;;4-7-2018;10:10;Rome Fietsen;0.79;00:03:25;13.87;;;;;14
Wandelen;;10-7-2018;10:46;Rome Overige;0.5;00:07:14;4.15;;;;;4.2
Hardlopen;;14-8-2018;18:08;Rome Hardlopen;5;00:23:44;12.64;;;;;04:45
Hardlopen;;16-8-2018;20:16;Rome Hardlopen;5;00:24:29;12.25;;;;;04:54
Hardlopen;;20-8-2018;20:17;Rome Hardlopen;5.01;00:27:53;10.78;;;;;05:34
Hardlopen;;26-8-2018;19:34;Rome Hardlopen;5;00:24:21;12.32;;;;;04:52
Overige;;14-9-2018;18:43;Rome Overige;1.04;00:06:13;10.04;;;;;10
Hardlopen;;21-9-2018;18:32;Rome Hardlopen;5;00:24:03;12.47;;;;;04:49
Hardlopen;;28-9-2018;16:54;Rome Hardlopen;5;00:22:05;13.58;;;;;04:25
Hardlopen;;3-10-2018;11:31;Stadskanaal Hardlopen;6.27;00:30:00;12.54;;;;;04:47
Hardlopen;;6-10-2018;15:45;Stadskanaal Hardlopen;5.01;00:23:24;12.85;;;;;04:41
Hardlopen;;8-10-2018;14:54;Stadskanaal Hardlopen;7.51;00:38:58;11.56;;;;;05:11
Hardlopen;;10-10-2018;16:27;Arnhem Hardlopen;6;00:28:52;12.47;;;;;04:49
Hardlopen;;12-10-2018;15:35;Arnhem Hardlopen;8.02;00:40:27;11.9;;;;;05:03
Hardlopen;;16-10-2018;14:24;Arnhem Hardlopen;5.01;00:23:25;12.84;;;;;04:40
Hardlopen;;18-10-2018;13:22;Arnhem Hardlopen;5.01;00:23:54;12.58;;;;;04:46
Hardlopen;;21-10-2018;14:58;Arnhem Hardlopen;0.8;00:04:32;10.59;;;;;05:41
Hardlopen;;25-10-2018;14:17;Stadskanaal Hardlopen;5.02;00:24:06;12.5;;;;;04:48
Hardlopen;;28-10-2018;14:41;Stadskanaal Hardlopen;9.03;00:47:31;11.4;;;;;05:16
Hardlopen;;1-11-2018;14:44;Stadskanaal Hardlopen;6.01;00:26:54;13.41;;;;;04:29
Fietsen;;14-2-2019;13:32;Ko Pha-Ngan Fietsen;7.48;00:34:14;13.11;;;;;13.1
Hardlopen;;5-3-2019;12:42;Stadskanaal Hardlopen;5;00:25:36;11.72;;;;;05:07
Hardlopen;;7-3-2019;12:31;Stadskanaal Hardlopen;5.01;00:26:06;11.52;;;;;05:13
Hardlopen;;26-3-2019;17:27;Arnhem Hardlopen;4.01;00:23:30;10.24;;;;;05:52
Hardlopen;;29-3-2019;15:55;Arnhem Hardlopen;5.01;00:29:35;10.16;;;;;05:54
Hardlopen;;1-4-2019;12:54;Stadskanaal Hardlopen;3.36;00:20:01;10.07;;;;;05:58
Hardlopen;;3-4-2019;16:06;Stadskanaal Hardlopen;5.01;00:33:51;8.88;;;;;06:45
Hardlopen;;6-4-2019;14:53;Stadskanaal Hardlopen;6;00:35:20;10.19;;;;;05:53
Hardlopen;;8-4-2019;15:59;Borger-Odoorn Hardlopen;3.23;00:18:01;10.76;;;;;05:35
Hardlopen;;11-4-2019;12:41;Rome Hardlopen;4.06;00:26:40;9.14;;;;;06:34
Hardlopen;;13-4-2019;18:34;Rome Hardlopen;5;00:31:01;9.67;;;;;06:12
Hardlopen;;15-4-2019;17:23;Rome Hardlopen;2.01;00:14:53;8.1;;;;;07:24
Hardlopen;;17-4-2019;18:32;Rome Hardlopen;2.94;00:23:08;7.63;;;;;07:52
Hardlopen;;21-4-2019;12:57;Rome Hardlopen;4.83;00:24:20;11.91;;;;;11.9
Hardlopen;;3-5-2019;18:52;Rome Hardlopen;1.29;00:09:10;8.44;;;;;07:07
Hardlopen;;5-5-2019;13:18;Rome Hardlopen;4.27;00:25:15;10.15;;;;;10.1
Hardlopen;;5-5-2019;13:18;Rome Hardlopen;5.06;00:26:35;11.42;;;;;05:15
Hardlopen;;8-5-2019;13:30;Rome Hardlopen;2.74;00:15:27;10.64;;;;;05:39
Hardlopen;;10-5-2019;18:42;Rome Hardlopen;3.97;00:23:26;10.17;;;;;05:54
Hardlopen;;12-5-2019;18:16;Rome Hardlopen;6.01;00:31:04;11.61;;;;;05:10
Hardlopen;;17-5-2019;18:24;Rome Hardlopen;4.01;00:23:53;10.07;;;;;10.1
Hardlopen;;19-5-2019;17:05;Rome Hardlopen;4.36;00:24:22;10.74;;;;;05:35
Hardlopen;;21-5-2019;12:53;Rome Hardlopen;10.01;00:57:15;10.49;;;;;05:43
Hardlopen;;25-5-2019;12:24;Rome Hardlopen;2.92;00:15:04;11.63;;;;;05:09
Hardlopen;;29-5-2019;12:52;Rome Hardlopen;1.26;00:09:15;8.17;;;;;07:19
Hardlopen;;31-5-2019;19:42;Rome Hardlopen;3.83;00:23:31;9.77;;;;;06:09
Hardlopen;;3-6-2019;18:42;Rome Hardlopen;5.02;00:26:55;11.19;;;;;05:21
Hardlopen;;5-6-2019;13:29;Rome Hardlopen;0.54;00:03:25;9.48;;;;;06:19
Hardlopen;;9-6-2019;13:33;Rome Hardlopen;2.3;00:15:00;9.2;;;;;06:31
Hardlopen;;13-6-2019;19:24;Rome Hardlopen;4.47;00:24:21;11.01;;;;;05:27
Hardlopen;;17-6-2019;20:32;Rome Hardlopen;2.48;00:15:01;9.91;;;;;06:03
Hardlopen;;19-6-2019;11:59;Rome Hardlopen;3.99;00:23:59;9.98;;;;;06:00
Hardlopen;;21-6-2019;18:39;Rome Hardlopen;6.02;00:39:16;9.2;;;;;06:31
Hardlopen;;27-6-2019;18:44;Rome Hardlopen;1.81;00:10:00;10.86;;;;;05:31
Hardlopen;;30-6-2019;11:57;Rome Hardlopen;4.17;00:26:56;9.29;;;;;06:27
Hardlopen;;5-7-2019;19:14;Rome Hardlopen;4.52;00:24:51;10.91;;;;;05:30
Hardlopen;;9-7-2019;13:11;Rome Hardlopen;4.49;00:24:27;11.02;;;;;05:27
Hardlopen;;12-7-2019;18:44;Rome Hardlopen;4.61;00:24:00;11.53;;;;;05:12
Hardlopen;;2-8-2019;13:19;Rome Hardlopen;2.52;00:16:44;9.04;;;;;06:39
Hardlopen;;3-8-2019;19:32;Rome Hardlopen;4.23;00:24:10;10.5;;;;;05:43
Hardlopen;;5-8-2019;19:26;Rome Hardlopen;3.88;00:21:31;10.82;;;;;05:33
Hardlopen;;9-8-2019;19:36;Rome Hardlopen;2.11;00:11:47;10.74;;;;;05:35
Hardlopen;;15-8-2019;13:36;Rome Hardlopen;4.38;00:26:47;9.81;;;;;06:07
Hardlopen;;17-8-2019;19:31;Rome Hardlopen;2.87;00:15:45;10.93;;;;;05:29
Hardlopen;;19-8-2019;19:56;Rome Hardlopen;4.03;00:25:54;9.34;;;;;06:26
Hardlopen;;24-8-2019;13:56;Rome Hardlopen;4.23;00:27:27;9.25;;;;;06:29
Hardlopen;;26-8-2019;19:19;Rome Hardlopen;4.21;00:23:52;10.58;;;;;05:40
Hardlopen;;31-8-2019;19:16;Rome Hardlopen;4.22;00:26:37;9.51;;;;;06:18
Hardlopen;;2-9-2019;13:39;Rome Hardlopen;0.98;00:05:41;10.35;;;;;05:47
Hardlopen;;4-9-2019;20:34;Rome Hardlopen;4.31;00:24:33;10.53;;;;;05:42
Hardlopen;;10-9-2019;14:05;Rome Hardlopen;4.64;00:25:47;10.8;;;;;05:33
Hardlopen;;12-9-2019;19:21;Rome Hardlopen;4.37;00:24:33;10.68;;;;;05:37
Hardlopen;;14-9-2019;13:45;Rome Hardlopen;4.66;00:25:21;11.03;;;;;05:27
Hardlopen;;16-9-2019;19:19;Rome Hardlopen;4.52;00:24:03;11.28;;;;;05:19
Hardlopen;;19-9-2019;18:28;Rome Hardlopen;2.68;00:16:39;9.66;;;;;06:13
Hardlopen;;21-9-2019;18:43;Rome Hardlopen;4.35;00:23:02;11.33;;;;;05:18
Hardlopen;;23-9-2019;17:26;Rome Hardlopen;9.85;01:00:06;9.83;;;;;06:06
Hardlopen;;26-9-2019;20:28;Rome Hardlopen;3.61;00:25:01;8.66;;;;;06:56
Hardlopen;;28-9-2019;18:43;Rome Hardlopen;3.82;00:23:26;9.78;;;;;06:08
Hardlopen;;30-9-2019;18:50;Rome Hardlopen;2.92;00:18:30;9.47;;;;;06:20
Hardlopen;;4-10-2019;13:49;Stadskanaal Hardlopen;5.01;00:23:54;12.58;;;;;04:46
Hardlopen;;6-10-2019;13:56;Stadskanaal Hardlopen;10;00:53:36;11.19;;;;;05:22
Overige;;8-10-2019;14:25;Stadskanaal Overige;5.03;00:25:09;12;;;;;12
Hardlopen;;10-10-2019;15:55;Stadskanaal Hardlopen;6.01;00:28:17;12.75;;;;;04:43
Hardlopen;;12-10-2019;13:43;Stadskanaal Hardlopen;10.03;00:49:27;12.17;;;;;12.2
Hardlopen;;15-10-2019;12:30;Arnhem Hardlopen;5.02;00:23:54;12.6;;;;;12.6
Hardlopen;;17-10-2019;16:54;Arnhem Hardlopen;11.09;01:00:00;11.09;;;;;11.1
Hardlopen;;19-10-2019;16:56;Arnhem Hardlopen;6.02;00:28:00;12.9;;;;;12.9
Hardlopen;;21-10-2019;16:33;Arnhem Hardlopen;10.03;00:56:46;10.6;;;;;10.6
Hardlopen;;23-10-2019;16:58;Arnhem Hardlopen;10.03;00:50:16;11.97;;;;;12
Hardlopen;;26-10-2019;17:55;Arnhem Hardlopen;5.01;00:23:06;13.01;;;;;13
Hardlopen;;28-10-2019;16:04;Arnhem Hardlopen;10.83;01:00:50;10.68;;;;;10.7
Hardlopen;;30-10-2019;17:32;Arnhem Hardlopen;6;00:29:36;12.16;;;;;12.2
Hardlopen;;1-11-2019;16:01;Arnhem Hardlopen;8.02;00:43:54;10.96;;;;;11
Hardlopen;;4-11-2019;14:58;Stadskanaal Hardlopen;10.12;00:54:35;11.12;;;;;11.1
Hardlopen;;6-11-2019;14:00;Stadskanaal Hardlopen;5.01;00:23:35;12.75;;;;;12.8
Hardlopen;;8-11-2019;13:41;Stadskanaal Hardlopen;5;00:26:27;11.34;;;;;11.3
Fietsen;;28-2-2020;12:12;Gianyar Fietsen;0.9;00:04:47;11.29;;;;;11.3
Fietsen;;17-3-2020;15:28;Ko Pha-Ngan Fietsen;2.16;00:08:37;15.04;;;;;15.1
Wandelen;;4-5-2020;15:17;Ko Pha-Ngan Overige;1.59;00:20:36;4.63;;;;;4.6
Hardlopen;;30-6-2020;12:49;Hardlopen;5.01;00:31:43;9.48;;;;;06:20
Hardlopen;;2-7-2020;12:31;Stadskanaal Hardlopen;6.73;00:35:21;11.42;;;;;05:15
Hardlopen;;4-7-2020;12:49;Stadskanaal Hardlopen;5;00:25:13;11.9;163;186;182;188;05:03
Hardlopen;;7-7-2020;15:49;Stadskanaal Hardlopen;1.21;00:06:41;10.86;157;173;180;186;05:32
Hardlopen;;7-7-2020;15:59;Borger-Odoorn Hardlopen;7;00:37:52;11.09;157;166;182;190;05:25
Hardlopen;;9-7-2020;14:23;Arnhem Hardlopen;5;00:24:55;12.04;161;184;182;194;04:59
Hardlopen;;11-7-2020;13:31;Arnhem Hardlopen;8;00:44:12;10.86;152;166;180;192;05:32
Hardlopen;;13-7-2020;10:41;Arnhem Hardlopen;5.51;00:29:07;11.35;156;169;178;186;05:17
Hardlopen;;15-7-2020;12:43;Arnhem Hardlopen;5;00:24:54;12.05;157;165;182;218;04:59
Hardlopen;;17-7-2020;13:29;Arnhem Hardlopen;10;00:57:25;10.45;156;168;178;196;05:45
Hardlopen;;20-7-2020;18:39;Winterswijk Hardlopen;5.01;00:24:35;12.23;155;171;180;188;04:55
Hardlopen;;22-7-2020;19:30;Winterswijk Hardlopen;5;00:26:45;11.21;139;154;178;184;05:21
Hardlopen;;24-7-2020;19:33;Winterswijk Hardlopen;5;00:26:32;11.31;145;167;178;186;05:18
Hardlopen;;26-7-2020;19:19;Winterswijk Hardlopen;5;00:23:00;13.04;142;151;184;192;04:36
Hardlopen;;28-7-2020;19:23;Winterswijk Hardlopen;10;00:53:47;11.16;149;156;180;192;05:23
Fietsen;;29-7-2020;16:00;Aalten Fietsen;2.06;00:08:59;13.76;;;;;13.7
Fietsen;;31-7-2020;16:11;Winterswijk Fietsen;4.86;00:14:19;20.37;128;147;;;20.4
Fietsen;;31-7-2020;13:14;Winterswijk Fietsen;5.6;00:17:11;19.55;133;156;;;19.6
Hardlopen;;31-7-2020;19:50;Winterswijk Hardlopen;6.35;00:30:00;12.7;156;169;182;188;04:43
Fietsen;;2-8-2020;18:23;Winterswijk Fietsen;1.74;00:07:16;14.37;107;108;;;14.4
Fietsen;;2-8-2020;20:09;Aalten Fietsen;1.92;00:08:17;13.91;108;108;;;13.9
Hardlopen;;2-8-2020;18:43;Aalten Hardlopen;7.5;00:38:29;11.69;110;146;182;190;05:08
Fietsen;;3-8-2020;13:24;Winterswijk Fietsen;6;00:21:03;17.1;120;158;;;17.1
Hardlopen;;4-8-2020;19:03;Aalten Hardlopen;3.5;00:19:08;10.98;134;166;178;186;05:28
Hardlopen;;6-8-2020;20:23;Winterswijk Hardlopen;5;00:25:54;11.58;142;155;180;186;05:11
Hardlopen;;9-8-2020;20:35;Winterswijk Hardlopen;6;00:28:08;12.8;153;174;180;190;04:41
Hardlopen;;11-8-2020;20:48;Winterswijk Hardlopen;8;00:43:38;11;156;165;176;186;05:27
Fietsen;;12-8-2020;22:33;Aalten Fietsen;6.91;00:18:41;22.19;;;;;22.2
Fietsen;;12-8-2020;13:08;Winterswijk Fietsen;7.66;00:22:08;20.77;;;;;20.8
Hardlopen;;14-8-2020;20:04;Aalten Hardlopen;6.5;00:30:37;12.74;154;165;178;234;04:43
Hardlopen;;17-8-2020;18:57;Winterswijk Hardlopen;7.5;00:43:56;10.24;134;145;174;186;05:52
Hardlopen;;19-8-2020;20:25;Winterswijk Hardlopen;5;00:22:52;13.12;132;142;176;186;04:35
Hardlopen;;21-8-2020;19:51;Winterswijk Hardlopen;3.5;00:18:27;11.38;90;119;180;186;05:16
Fietsen;;22-8-2020;14:54;Winterswijk Fietsen;5.62;00:17:31;19.25;106;125;;;19.3
Fietsen;;22-8-2020;15:57;Winterswijk Fietsen;6.65;00:26:15;15.2;107;143;;;15.2
Hardlopen;;27-8-2020;19:18;Winterswijk Hardlopen;6.01;00:31:37;11.41;139;151;180;192;05:16
Fietsen;;28-8-2020;14:09;Winterswijk Fietsen;5.94;00:18:16;19.51;109;131;;;19.5
Fietsen;;28-8-2020;15:21;Winterswijk Fietsen;6.01;00:23:07;15.6;98;114;;;15.6
Hardlopen;;29-8-2020;20:06;Winterswijk Hardlopen;6;00:32:18;11.15;140;150;180;190;05:23
Fietsen;;29-8-2020;17:40;Oost Gelre Fietsen;8.79;00:27:55;18.89;112;135;;;18.9
Fietsen;;29-8-2020;15:17;Winterswijk Fietsen;10.1;00:27:35;21.97;118;137;;;22
Hardlopen;;31-8-2020;19:15;Horst aan de Maas Hardlopen;6;00:29:55;12.03;149;170;178;188;04:59
Hardlopen;;2-9-2020;19:24;Horst aan de Maas Hardlopen;5;00:27:07;11.06;136;168;180;188;05:25
Fietsen;;2-9-2020;17:56;Horst aan de Maas Fietsen;6.22;00:16:38;22.44;128;154;;;22.4
Fietsen;;2-9-2020;16:03;Horst aan de Maas Fietsen;6.59;00:20:17;19.49;112;158;;;19.5
Hardlopen;;4-9-2020;18:58;Horst aan de Maas Hardlopen;10;00:52:26;11.44;138;146;180;194;05:15
Fietsen;;5-9-2020;18:19;Horst aan de Maas Fietsen;8.21;00:23:49;20.68;123;143;;;20.7
Fietsen;;5-9-2020;12:48;Horst aan de Maas Fietsen;9.12;00:26:17;20.82;109;136;;;20.8
Hardlopen;;6-9-2020;18:44;Horst aan de Maas Hardlopen;6;00:27:47;12.96;153;170;182;204;04:38
Hardlopen;;8-9-2020;20:13;Horst aan de Maas Hardlopen;6;00:30:18;11.88;144;161;180;186;05:03
Fietsen;;8-9-2020;17:10;Peel en Maas Fietsen;7.45;00:24:40;18.12;97;141;;;18.1
Fietsen;;8-9-2020;15:06;Horst aan de Maas Fietsen;9.03;00:28:24;19.08;109;140;;;19.1
Hardlopen;;10-9-2020;18:56;Horst aan de Maas Hardlopen;7;00:35:06;11.97;139;149;180;188;05:01
Fietsen;;12-9-2020;18:29;Horst aan de Maas Fietsen;1.5;00:04:50;18.62;107;124;;;18.6
Hardlopen;;12-9-2020;20:26;Horst aan de Maas Hardlopen;6.01;00:29:46;12.11;148;162;180;188;04:57
Fietsen;;12-9-2020;18:58;Horst aan de Maas Fietsen;6.72;00:19:41;20.48;118;141;;;20.5
Fietsen;;12-9-2020;14:10;Horst aan de Maas Fietsen;8.8;00:25:42;20.54;112;149;;;20.5
Hardlopen;;14-9-2020;19:17;Horst aan de Maas Hardlopen;10;00:53:47;11.16;137;151;180;188;05:23
Fietsen;;15-9-2020;19:22;Horst aan de Maas Fietsen;8.52;00:22:54;22.32;109;150;;;22.3
Fietsen;;15-9-2020;13:47;Horst aan de Maas Fietsen;8.9;00:27:42;19.28;96;109;;;19.3
Hardlopen;;16-9-2020;19:25;Horst aan de Maas Hardlopen;5.01;00:23:41;12.69;144;170;180;192;04:44
Hardlopen;;19-9-2020;18:54;Horst aan de Maas Hardlopen;10;00:54:42;10.97;137;148;180;188;05:28
Hardlopen;;22-9-2020;19:18;Horst aan de Maas Hardlopen;5;00:23:15;12.9;148;163;180;190;04:39
Fietsen;;23-9-2020;15:50;Horst aan de Maas Fietsen;8.86;00:26:55;19.75;97;122;;;19.7
Fietsen;;24-9-2020;19:19;Horst aan de Maas Fietsen;8.79;00:24:31;21.51;115;132;;;21.5
Hardlopen;;26-9-2020;18:54;Horst aan de Maas Hardlopen;7.85;00:40:55;11.51;137;171;180;186;05:13
Hardlopen;;28-9-2020;18:53;Horst aan de Maas Hardlopen;5.5;00:24:27;13.5;147;177;182;188;04:27
Cardio;;29-9-2020;18:05;Horst aan de Maas Cardio;7.23;00:22:38;19.17;104;122;116;120;19.2
Fietsen;;29-9-2020;16:28;Horst aan de Maas Fietsen;14.66;00:44:26;19.8;101;136;;;19.8
Hardlopen;;1-10-2020;15:44;Stadskanaal Hardlopen;5.5;00:28:30;11.58;135;148;182;194;05:11
Hardlopen;;3-10-2020;16:41;Stadskanaal Hardlopen;1.01;00:05:53;10.3;127;153;176;182;05:50
Hardlopen;;3-10-2020;16:47;Stadskanaal Hardlopen;5;00:21:40;13.85;166;183;182;194;04:20
Hardlopen;;5-10-2020;16:06;Stadskanaal Hardlopen;5;00:25:59;11.55;139;158;180;186;05:12
Hardlopen;;9-10-2020;15:45;Stadskanaal Hardlopen;13.5;01:12:04;11.24;144;157;180;188;05:20
Wandelen;;10-10-2020;15:37;Arnhem Wandelen;0.85;00:09:17;5.49;85;104;120;180;10:55
Hardlopen;;12-10-2020;16:30;Arnhem Hardlopen;6;00:29:17;12.29;144;166;180;190;04:53
Hardlopen;;14-10-2020;19:44;Arnhem Hardlopen;0.99;00:05:27;10.9;129;141;180;188;05:31
Hardlopen;;15-10-2020;16:43;Arnhem Hardlopen;10;00:47:01;12.76;155;169;180;190;04:42
Hardlopen;;17-10-2020;15:44;Arnhem Hardlopen;5;00:23:08;12.97;169;188;180;188;04:38
Hardlopen;;19-10-2020;14:40;Arnhem Hardlopen;10;00:54:34;11;146;167;180;196;05:27
Hardlopen;;21-10-2020;17:13;Arnhem Hardlopen;6;00:28:09;12.79;157;178;180;188;04:41
Hardlopen;;23-10-2020;17:14;Arnhem Hardlopen;8;00:43:37;11;141;158;180;194;05:27
Hardlopen;;25-10-2020;17:04;Arnhem Hardlopen;8;00:40:36;11.82;148;183;180;192;05:04
Hardlopen;;27-10-2020;15:56;Stadskanaal Hardlopen;5;00:24:41;12.15;143;159;180;188;04:56
Hardlopen;;29-10-2020;16:00;Stadskanaal Hardlopen;5;00:23:00;13.04;146;168;180;198;04:36
Hardlopen;;31-10-2020;15:39;Stadskanaal Hardlopen;10;00:53:47;11.16;145;159;178;186;05:23
Hardlopen;;2-11-2020;13:30;Stadskanaal Hardlopen;6;00:28:17;12.73;151;166;180;190;04:43
Hardlopen;;4-11-2020;15:49;Stadskanaal Hardlopen;5;00:25:20;11.84;141;157;178;186;05:04
Hardlopen;;6-11-2020;17:21;Arnhem Hardlopen;6;00:27:12;13.24;152;169;178;190;04:32
Hardlopen;;8-11-2020;16:07;Arnhem Hardlopen;10;00:55:33;10.8;138;152;178;186;05:33
Hardlopen;;10-11-2020;16:28;Arnhem Hardlopen;6;00:28:22;12.69;150;172;178;188;04:44
Hardlopen;;12-11-2020;16:06;Arnhem Hardlopen;7.5;00:40:09;11.21;146;156;180;188;05:21
Hardlopen;;14-11-2020;16:18;Arnhem Hardlopen;5.11;00:27:32;11.14;146;161;180;190;05:23
Hardlopen;;16-11-2020;16:48;Arnhem Hardlopen;6;00:27:35;13.05;157;177;180;192;04:36
Hardlopen;;18-11-2020;14:06;Arnhem Hardlopen;12.09;01:05:07;11.14;155;167;180;192;05:23
Hardlopen;;20-11-2020;15:54;Arnhem Hardlopen;5;00:24:07;12.44;152;167;178;188;04:50
Hardlopen;;22-11-2020;16:48;Arnhem Hardlopen;12;00:59:52;12.03;155;176;180;200;04:59
Hardlopen;;24-11-2020;14:30;Stadskanaal Hardlopen;5;00:23:05;13;149;180;184;196;04:37
Hardlopen;;28-11-2020;15:43;Stadskanaal Hardlopen;6;00:27:07;13.28;157;167;180;190;04:31
Hardlopen;;30-11-2020;15:50;Stadskanaal Hardlopen;5;00:23:28;12.78;149;166;180;188;04:41
Hardlopen;;2-12-2020;15:27;Stadskanaal Hardlopen;10;00:52:38;11.4;146;155;180;186;05:16
Hardlopen;;4-12-2020;15:46;Stadskanaal Hardlopen;5;00:23:02;13.02;153;169;178;188;04:36
Hardlopen;;6-12-2020;15:52;Stadskanaal Hardlopen;5;00:24:47;12.1;146;171;180;186;04:57
Hardlopen;;8-12-2020;16:48;Arnhem Hardlopen;1;00:05:52;10.23;135;145;182;186;05:53
Hardlopen;;8-12-2020;15:59;Arnhem Hardlopen;8.01;00:41:31;11.58;148;159;180;188;05:11
Hardlopen;;11-12-2020;16:35;Arnhem Hardlopen;6;00:28:45;12.52;152;171;178;186;04:48
Hardlopen;;13-12-2020;16:09;Arnhem Hardlopen;7.21;00:36:16;11.93;150;159;180;196;05:02
Hardlopen;;15-12-2020;15:20;Arnhem Hardlopen;5;00:24:00;12.5;150;161;180;194;04:48
Hardlopen;;18-12-2020;16:19;Arnhem Hardlopen;10;00:52:50;11.36;152;165;182;220;05:17
Overige;;20-12-2020;16:18;Arnhem Hardlopen;4.96;00:24:31;12.14;;;;;12.2
Hardlopen;;22-12-2020;16:46;Arnhem Hardlopen;6;00:28:01;12.85;157;172;182;196;04:40
Hardlopen;;24-12-2020;16:09;Stadskanaal Hardlopen;5;00:24:12;12.4;147;160;178;186;04:50
Hardlopen;;26-12-2020;12:57;Stadskanaal Hardlopen;7.5;00:41:14;10.91;143;154;182;188;05:30
Hardlopen;;28-12-2020;14:35;Stadskanaal Hardlopen;3.35;00:17:40;11.38;144;159;180;186;05:17
Hardlopen;;1-1-2021;15:42;Stadskanaal Hardlopen;10;00:48:55;12.27;153;163;180;190;04:53
Hardlopen;;3-1-2021;15:54;Stadskanaal Hardlopen;5;00:22:51;13.13;153;164;180;188;04:34
Hardlopen;;5-1-2021;15:51;Stadskanaal Hardlopen;5.5;00:27:20;12.07;147;159;180;184;04:58
Hardlopen;;8-1-2021;15:14;Stadskanaal Hardlopen;10;00:52:40;11.39;143;149;184;190;05:16
Hardlopen;;10-1-2021;15:56;Stadskanaal Hardlopen;6;00:28:37;12.58;150;160;178;188;04:46
Hardlopen;;12-1-2021;13:26;Stadskanaal Hardlopen;6;00:30:04;11.97;151;164;180;188;05:01
Hardlopen;;15-1-2021;15:58;Stadskanaal Hardlopen;5;00:24:12;12.4;144;153;180;186;04:51
Hardlopen;;19-1-2021;13:54;Stadskanaal Hardlopen;5;00:23:40;12.68;154;169;180;188;04:44
Hardlopen;;21-1-2021;15:46;Stadskanaal Hardlopen;3.53;00:18:10;11.66;153;157;180;188;05:08
Hardlopen;;24-1-2021;14:21;Stadskanaal Hardlopen;5;00:24:15;12.37;155;176;182;188;04:51
Hardlopen;;27-1-2021;15:56;Stadskanaal Hardlopen;5;00:23:23;12.83;160;186;180;188;04:41
Hardlopen;;30-1-2021;15:49;Stadskanaal Hardlopen;5.01;00:24:27;12.29;160;170;180;190;04:53
Hardlopen;;13-2-2021;16:04;Stadskanaal Hardlopen;5.04;00:24:42;12.24;158;170;180;188;04:54
Hardlopen;;16-2-2021;16:04;Stadskanaal Hardlopen;5;00:24:22;12.31;157;167;180;188;04:52
Hardlopen;;18-2-2021;15:48;Stadskanaal Hardlopen;5;00:24:27;12.27;150;160;182;190;04:53
Hardlopen;;20-2-2021;15:26;Stadskanaal Hardlopen;8;00:40:10;11.95;156;165;180;188;05:01
Hardlopen;;22-2-2021;15:37;Stadskanaal Hardlopen;5;00:24:19;12.34;153;163;178;186;04:52
Hardlopen;;24-2-2021;15:36;Stadskanaal Hardlopen;5;00:24:07;12.44;146;156;182;190;04:49
Hardlopen;;26-2-2021;15:23;Stadskanaal Hardlopen;5.02;00:24:21;12.37;154;166;180;188;04:51
Hardlopen;;28-2-2021;16:18;Stadskanaal Hardlopen;5.31;00:26:53;11.85;151;168;180;188;05:04
Hardlopen;;3-3-2021;15:44;Stadskanaal Hardlopen;5.38;00:26:45;12.07;157;167;180;186;04:58
Hardlopen;;6-3-2021;15:47;Stadskanaal Hardlopen;5;00:24:47;12.1;155;164;180;186;04:57
Hardlopen;;16-3-2021;15:56;Stadskanaal Hardlopen;5.01;00:25:24;11.83;158;170;180;190;05:04
Hardlopen;;19-3-2021;15:44;Stadskanaal Hardlopen;5;00:25:25;11.8;162;171;180;188;05:05
Hardlopen;;23-3-2021;16:00;Stadskanaal Hardlopen;5;00:24:59;12.01;161;172;174;184;05:00
Hardlopen;;25-3-2021;15:50;Stadskanaal Hardlopen;5;00:25:51;11.61;161;170;180;186;05:10
Hardlopen;;30-3-2021;17:45;Horst aan de Maas Hardlopen;3;00:15:19;11.75;155;168;176;184;05:06
Fietsen;;31-3-2021;17:34;Horst aan de Maas Fietsen;7.91;00:25:19;18.75;119;137;;;18.7
Fietsen;;31-3-2021;16:42;Horst aan de Maas Fietsen;7.96;00:24:47;19.27;102;120;;;19.3
Hardlopen;;1-4-2021;19:36;Horst aan de Maas Hardlopen;6;00:30:20;11.87;156;165;180;188;05:03
Hardlopen;;4-4-2021;17:51;Horst aan de Maas Hardlopen;10;00:52:34;11.41;158;164;180;186;05:15
Hardlopen;;8-4-2021;18:17;Horst aan de Maas Hardlopen;5;00:23:33;12.74;159;168;180;186;04:42
Fietsen;;9-4-2021;16:24;Horst aan de Maas Fietsen;7.95;00:23:07;20.63;131;175;;;20.6
Hardlopen;;11-4-2021;17:42;Horst aan de Maas Hardlopen;11.08;01:00:01;11.08;155;170;180;186;05:25
Hardlopen;;13-4-2021;17:49;Horst aan de Maas Hardlopen;5;00:23:24;12.82;158;166;180;186;04:41
Fietsen;;14-4-2021;16:19;Peel en Maas Fietsen;7.19;00:22:30;19.17;124;137;;;19.2
Fietsen;;14-4-2021;14:59;Horst aan de Maas Fietsen;7.73;00:23:08;20.05;129;150;;;20.1
Hardlopen;;15-4-2021;17:53;Horst aan de Maas Hardlopen;5.01;00:23:53;12.59;152;170;180;188;04:46
Hardlopen;;17-4-2021;18:00;Horst aan de Maas Hardlopen;10;00:54:34;11;143;154;180;186;05:27
Hardlopen;;19-4-2021;19:08;Horst aan de Maas Hardlopen;5.04;00:22:35;13.39;153;170;180;188;04:29
Hardlopen;;21-4-2021;19:51;Horst aan de Maas Hardlopen;5;00:24:25;12.29;139;148;180;188;04:53
Hardlopen;;24-4-2021;19:21;Horst aan de Maas Hardlopen;10;00:53:45;11.16;134;146;178;184;05:22
Fietsen;;28-4-2021;11:29;Horst aan de Maas Fietsen;7.07;00:22:15;19.07;110;127;;;19.1
Fietsen;;28-4-2021;13:37;Peel en Maas Fietsen;7.67;00:23:13;19.82;115;142;;;19.8
Hardlopen;;2-5-2021;17:43;Horst aan de Maas Hardlopen;1.11;00:07:22;9.04;107;125;170;174;06:36
Hardlopen;;2-5-2021;18:09;Horst aan de Maas Hardlopen;1.21;00:07:21;9.88;119;130;174;190;06:03
Hardlopen;;4-5-2021;18:14;Horst aan de Maas Hardlopen;5;00:28:33;10.51;118;143;174;182;05:43
Hardlopen;;6-5-2021;18:25;Horst aan de Maas Hardlopen;5.02;00:24:59;12.06;145;156;180;186;04:58
Hardlopen;;8-5-2021;19:05;Horst aan de Maas Hardlopen;5;00:23:55;12.54;147;159;180;186;04:47
Hardlopen;;10-5-2021;20:09;Horst aan de Maas Hardlopen;7.5;00:37:38;11.96;138;148;178;186;05:01
Hardlopen;;13-5-2021;17:34;Horst aan de Maas Hardlopen;10;00:46:58;12.78;153;162;180;188;04:42
Hardlopen;;15-5-2021;18:19;Horst aan de Maas Hardlopen;5;00:22:23;13.4;157;167;180;188;04:28
Hardlopen;;17-5-2021;17:46;Horst aan de Maas Hardlopen;4.9;00:24:14;12.13;144;168;178;188;04:57
Fietsen;;18-5-2021;16:44;Horst aan de Maas Fietsen;6.56;00:19:29;20.2;117;150;;;20.2
Fietsen;;18-5-2021;18:16;Horst aan de Maas Fietsen;10.83;00:38:22;16.94;101;124;;;16.9
Hardlopen;;19-5-2021;19:09;Horst aan de Maas Hardlopen;10.01;00:52:42;11.4;135;145;180;186;05:16
Fietsen;;20-5-2021;18:44;Peel en Maas Fietsen;7.01;00:20:14;20.79;102;132;;;20.8
Fietsen;;20-5-2021;15:31;Horst aan de Maas Fietsen;7.38;00:24:55;17.77;111;132;;;17.8
Hardlopen;;23-5-2021;18:15;Horst aan de Maas Hardlopen;5;00:24:40;12.16;147;181;178;198;04:56
Hardlopen;;25-5-2021;18:34;Horst aan de Maas Hardlopen;6.88;00:35:17;11.7;147;154;180;188;05:08
Hardlopen;;27-5-2021;18:38;Horst aan de Maas Hardlopen;5;00:21:12;14.15;153;181;180;188;04:14
Hardlopen;;29-5-2021;18:35;Horst aan de Maas Hardlopen;15;01:19:50;11.27;136;156;176;190;05:19
Fietsen;;30-5-2021;13:53;Horst aan de Maas Fietsen;8.29;00:22:30;22.11;139;153;;;22.1
Fietsen;;31-5-2021;20:53;Horst aan de Maas Fietsen;8.58;00:27:39;18.62;98;123;;;18.6
Hardlopen;;1-6-2021;19:07;Horst aan de Maas Hardlopen;7.5;00:34:58;12.87;146;171;178;190;04:40
Hardlopen;;3-6-2021;19:05;Horst aan de Maas Hardlopen;6.47;00:30:01;12.93;146;157;178;186;04:38
Hardlopen;;5-6-2021;19:08;Horst aan de Maas Hardlopen;10;00:54:04;11.1;131;142;180;186;05:24
Fietsen;;6-6-2021;16:45;Horst aan de Maas Fietsen;6.76;00:21:01;19.3;127;162;;;19.3
Cardio;;6-6-2021;18:13;Peel en Maas Cardio;7.73;00:28:09;16.48;89;122;116;118;16.5
Hardlopen;;7-6-2021;19:43;Horst aan de Maas Hardlopen;5.03;00:21:55;13.77;150;167;178;190;04:22
Hardlopen;;9-6-2021;18:03;Arnhem Hardlopen;6;00:29:12;12.33;141;161;182;188;04:52
Fietsen;;9-6-2021;12:38;Horst aan de Maas Fietsen;8.29;00:27:30;18.09;97;125;;;18.1
Fietsen;;10-6-2021;20:21;Horst aan de Maas Fietsen;8.82;00:27:30;19.24;108;131;;;19.2
Hardlopen;;11-6-2021;20:06;Horst aan de Maas Hardlopen;5.01;00:26:32;11.33;128;138;180;186;05:18
Hardlopen;;13-6-2021;20:41;Horst aan de Maas Hardlopen;15;01:17:16;11.65;134;145;180;188;05:09
Fietsen;;14-6-2021;19:49;Horst aan de Maas Fietsen;8.74;00:23:59;21.87;112;143;;;21.9
Fietsen;;14-6-2021;09:41;Horst aan de Maas Fietsen;8.85;00:26:15;20.23;111;143;;;20.2
Hardlopen;;15-6-2021;20:05;Horst aan de Maas Hardlopen;6;00:29:27;12.22;137;149;180;186;04:55
Hardlopen;;17-6-2021;20:00;Horst aan de Maas Hardlopen;6;00:33:19;10.81;125;141;178;188;05:33
Hardlopen;;19-6-2021;19:19;Horst aan de Maas Hardlopen;10;00:44:34;13.46;151;165;182;192;04:28
Hardlopen;;21-6-2021;20:02;Horst aan de Maas Hardlopen;5.01;00:22:59;13.08;139;164;180;190;04:35
Hardlopen;;23-6-2021;20:26;Horst aan de Maas Hardlopen;6;00:31:01;11.61;125;139;178;190;05:10
Fietsen;;24-6-2021;18:41;Peel en Maas Fietsen;7.75;00:29:58;15.52;88;106;;;15.5
Hardlopen;;26-6-2021;20:21;Horst aan de Maas Hardlopen;13.55;01:14:36;10.9;130;141;180;186;05:30
Hardlopen;;28-6-2021;19:25;Horst aan de Maas Hardlopen;5.02;00:22:14;13.55;147;164;182;190;04:26
Hardlopen;;30-6-2021;17:40;Horst aan de Maas Hardlopen;10;00:49:07;12.22;145;166;180;186;04:55
Hardlopen;;2-7-2021;20:19;Bertrix Hardlopen;8.18;00:46:57;10.45;129;154;176;188;05:44
Fietsen;;3-7-2021;13:35;Bertrix Fietsen;2.23;00:08:44;15.32;91;129;;;15.3
Hardlopen;;4-7-2021;17:58;Bertrix Hardlopen;5.5;00:29:10;11.31;130;152;178;190;05:18
Hardlopen;;6-7-2021;20:41;Horst aan de Maas Hardlopen;5;00:22:18;13.45;150;182;182;200;04:27
Fietsen;;6-7-2021;17:40;Peel en Maas Fietsen;7.83;00:24:14;19.39;97;127;;;19.4
Fietsen;;6-7-2021;12:21;Horst aan de Maas Fietsen;7.92;00:34:40;13.71;96;143;;;13.7
Hardlopen;;8-7-2021;19:47;Horst aan de Maas Hardlopen;10;00:49:39;12.08;137;172;178;190;04:58
Hardlopen;;10-7-2021;19:39;Horst aan de Maas Hardlopen;1.09;00:05:39;11.58;126;134;174;184;05:10
Hardlopen;;10-7-2021;20:01;Horst aan de Maas Hardlopen;2.42;00:12:57;11.21;137;145;180;192;05:21
Hardlopen;;10-7-2021;19:45;Horst aan de Maas Hardlopen;2.98;00:12:01;14.88;133;140;186;194;04:02
Hardlopen;;12-7-2021;16:54;Horst aan de Maas Hardlopen;15;01:18:00;11.54;119;146;180;190;05:12
Hardlopen;;14-7-2021;17:44;Horst aan de Maas Hardlopen;6.9;00:30:01;13.79;137;164;182;192;04:21
Fietsen;;15-7-2021;13:16;Horst aan de Maas Fietsen;8.86;00:29:22;18.1;107;129;;;18.1
Fietsen;;15-7-2021;20:18;Horst aan de Maas Fietsen;8.87;00:29:45;17.89;108;141;;;17.9
Hardlopen;;18-7-2021;20:35;Horst aan de Maas Hardlopen;5;00:29:04;10.32;118;126;174;180;05:49
Fietsen;;20-7-2021;15:18;Horst aan de Maas Fietsen;6.41;00:20:57;18.36;107;136;;;18.4
Fietsen;;20-7-2021;17:40;Horst aan de Maas Fietsen;8.06;00:26:15;18.42;94;109;;;18.4
Hardlopen;;21-7-2021;19:01;Horst aan de Maas Hardlopen;10.01;00:48:51;12.29;146;161;182;188;04:53
Hardlopen;;23-7-2021;20:22;Horst aan de Maas Hardlopen;5;00:24:57;12.02;94;126;180;186;04:59
Hardlopen;;25-7-2021;17:19;Horst aan de Maas Hardlopen;0.52;00:02:51;10.95;126;137;182;186;05:27
Hardlopen;;25-7-2021;16:48;Horst aan de Maas Hardlopen;4.48;00:20:31;13.1;147;163;180;190;04:35
Hardlopen;;27-7-2021;17:52;Horst aan de Maas Hardlopen;6;00:26:10;13.76;144;171;178;188;04:22
Hardlopen;;29-7-2021;17:46;Horst aan de Maas Hardlopen;0.67;00:03:38;11.06;129;137;178;186;05:26
Hardlopen;;30-7-2021;19:51;Horst aan de Maas Hardlopen;10.02;00:47:40;12.61;142;156;180;190;04:46
Hardlopen;;1-8-2021;18:18;Horst aan de Maas Hardlopen;4;00:17:42;13.56;148;165;180;186;04:26
Hardlopen;;3-8-2021;19:13;Horst aan de Maas Hardlopen;8;00:39:50;12.05;145;154;180;188;04:59
Hardlopen;;5-8-2021;19:22;Horst aan de Maas Hardlopen;8.52;00:41:42;12.26;94;94;182;190;04:54
Hardlopen;;7-8-2021;18:40;Horst aan de Maas Hardlopen;5;00:23:49;12.6;139;149;178;184;04:46