CONCEPT,FAMOUS PEOPLE,OBJECTS,ANIMALS,SCENES,ARCHETYPES,FAMOUS PAINTERS,ARTISTS,MASTERPHOTOGRAPHERS,STYLE,COMPOSITION,TECHNICAL EFFECT,MOOD,UNLOCKWORDS,LIGHT,SCENE,TIME OF THE DAY,LENS FILTER,FILM TYPES,FOCUS,EXPOSURE,ART MEDIUM,ART MOVEMENT,MATERIAL,AESTETIC STYLES,PORTRAIT,GENRE,STYLE2,COLOURS,LENS SIZE,MEGAPIXEL,APERTURE,SHUTTERSPEED,CAMERA,FILM,ARCHITECTURE
A movieposter of,The Beatles,Cars,Lion,abandoned mine,Accountant,Leonardo da Vinci,Aaron Douglas,Aaron Siskind,Studio Ghibli,close up,epic detail,happy,fantasy,beautiful lighting,Closed composition,Golden Hour,Color-gel,DSLR,Unfocused,Exposure,Alcohol Ink,Abstract art,Borax crystal,Afrofuturism,High-fashion Portrait,Landscape,Adventure,earth tones,35 mm lens,2 megapixels,f/2,1/250,Nikon D850 DSLR,Kodak Portra 400 film,Adirondack Architecture Exterior Design
A concept of,Elvis Presley,Pedestrians,Elephant,airplane,Achiever,Vincent van Gogh,Aaron Horkey,Alessio Albi,Pixar,full body,dramatic contrast,excited,surreal,moody lighting,Filmic,High Noon,Filter,Night Vision,Defocused,Short exposure,Airbrush,Abstract expressionism,Crystalline,Angelcore,Newborn Portrait,Wildlife,Agricultural,vibrant colors,50 mm lens,10 megapixels,f/2.8,1/1000,Canon EOS 5D Mark IV DSLR camera,Ektachrome,Anglo-Saxon Architecture
Wide-angle shot of,Michael Jackson,Bicycles,Giraffe,airport,Addict,Pablo Picasso,Aaron Jasinski,Alfred Eisenstaedt,Cyberpunk,portrait,octane render,angry,magical,soft lights,Cinematic,Afternoon,Photographic-filter,Drone photography,Soft-focus,Long exposure,Acrylic Paint,Abstract illusionism,Diorite,Antique Grunge,Candid Portrait,Macro,Astro Landscape,pastel colors,85 mm lens,12 megapixels,f/4,1/4000,,Tri-X,American Colonial Architecture
An artistic representation of a ,Madonna,Traffic Lights,Tiger,alley,Adonis,Michelangelo,Aaron Siskind,Alfred Stieglitz,Wasteland Punk,symmetrical,unreal engine 5,sad,concept art,studio lighting,Dramatic,Mid-Morning,Diffusion-filter,GoPro Video,Deep focus,Double exposure,Coffee Paint,Academic art,Granite,Arcadecore,Realism Portrait,Street,Backlit,belic colors,100 mm lens,20 megapixels,f/5.6,,,Kodachrome,First Period Architecture
An action shot of ,Elton John,Street Signs,Cheetah,ambulance,Adventurer,Rembrandt van Rijn,Aase Berg,Alyssa Monks,Illustration,wide view,vray,disgusted,make-believe,dramatic lighting,Establishing shot,Blue Hour,Dichroic-filter,Unregistered Hypercan 2,Shallow focus,,Watercolor,Action painting,Italian Caltagirone Style,Art Deco,Romanticism Portrait,Astrophotography,Bird’s Eye View,cyan and fluorescent pink inks,200 mm lens,22 megapixels,f/8,,,slide film,French Colonial Architecture
a fine art photography close-up of ,Led Zeppelin,Bus Stops,Zebra,amusement park,Advocate,Claude Monet,Abbott Fuller Graves,André Kertész,Realism,bird view,dof,surprised,fabled,volumetric lighting,Glamor shot,Sunset,UV-filter,Hyperspectal Imaging,Rack focus,,Vintage Watercolor,Aestheticism,Metal,Art Nouveau,Psychological Portrait,Sports,Camera Obscura,dark blue and fluorescent yellow inks,EF 50mm lens,,f/22,,,portra 800,Spanish Colonial Architecture
A drawing of,Rihanna,Sidewalks,Gorilla,ancient ruins,Alchemist,Salvador Dalí,Abbott Handerson Thayer,Andreas Gursky,Landscape,top view,HD,hopeful,mythical,rim light,Portrait,Sunrise,Polarizer,Multispectal Imaging,Tilted plane focus,,Pastel,Afrofuturism,Mosaic,Atompunk,Retro Portrait,Architectural,Documentary,dark green and fluorescent white inks,,,,,,Natura 1600,Dutch Colonial Architecture
,Queen,Street Vendors,Polar bear,antiques shop,Amateur,Henri Matisse,Abdel Hadi Al Gazzar,Andrew Wyeth,Surrealism,up view,intricate details,anxious,fictional,edge light,Cinematic haze,Nighttime,Infrared-filter,Schlieren,,,Oil Paint,Altermodern,Quartz,Avant Apocalypse,Dramatic Lighting Portrait,Aerial,Ethereal,vibrant cosmic color,,,,,,ilford delta 3200,Mid-Atlantic Colonial Architecture
,AC/DC,Crosswalks,Panda,archery range,Ambassador,Johannes Vermeer,Abigail Larson,Anne Geddes,Watercolor painting,front view,ultra detailed,elated,supernatural,back light,Gesture,,Neutral density filter,Disposable Camera,,,Puffy Paint,American Barbizon school,Portuguese Blue tiles,Barbiecore,Cultural Portrait,Travel,Low Key,cool color palette,,,,,,polaroid,Colonial Georgian Architecture
,Pink Floyd,Benches,Koala,arctic tundra,Analyst,Edgar Degas,Abraham Mintchine,Annie Leibovitz,Visual impact,headshot,ultra photoreal,fearful,fantastical,hard light,Time-lapse,,Graduated neutral filter,Polaroid,,,Wet Paint,American impressionism,Stained glass,Baroque,High-key Portrait,Underwater,Music Festival,muted color palette,,,,,,hasselblad,American-Craftsman Style Architecture
,Mariah Carey,Streetlights,Kangaroo,art gallery,Anarchist,Gustav Klimt,Abraham Rattner,Ansel Adams,Ukiyoe,ultrawide shot,photorealistic,hateful,imaginary,soft light,Motion capture,,GND-filter,Instax,,,Dripping Paint,American realism,,Bauhaus,Editorial Portrait,Night,Pinhole,bold gold and shadowy colors,,,,,,Ektachrome EPR,American Foursquare Architecture
,Whitney Houston,Trash Bins,Dolphin,art studio,Anchorite,Jackson Pollock,Adam Elsheimer,Arnold Newman,Neo-realism,extreme closeup,4K,moody,unrealistic,morning light,,,Astronomical-filter,Lomo,,,Spray Paint,American Scene Painting,,Biker,Black and White Portrait,Abstract,Rural Landscape,,,,,,,,Amsterdam-School Style Architecture
,Celine Dion,Fire Hydrants,Whale,attic,Angel,Georgia O'Keeffe,Adam Paquette,August Sander,Post-impressionism,macro shot,8K,dark,fanciful,sun light,High-speed photograph,,Coin-filter,Pinhole Photography,,,Tempera Paint,Analytical art,,Biopunk,Fantasy Portrait,Product,Slow Shutter Speed,,,,,,,,Ancient Egyptian Architecture
,Taylor Swift,Parking Meters,Shark,backyard,Anima,Paul Cézanne,Adolph Gottlieb,Balthus,Architectural design,,16K,brutal,legendary,golden hour light,Stop motion,,,VistaVision,,,Acrylic paintings,Antipodeans,,Bohemian,Outdoor Portrait,Black and White,Street Art,,,,,,,,Ancient Greek Architecture
,Eminem,Cafes,Octopus,badlands,Animus,Andy Warhol,Adolph Menzel,Berenice Abbott,Watercolor,,32K,,hallucinatory,cold light,Bokeh,,,Technirama,,,Aerial perspective,Arabesque,,Bronzepunk,,Fine Art,Textured,,,,,,,,Arcology Architecture
,Katy Perry,Stores,Penguin,bakery,Apprentice,Wassily Kandinsky,Adonna Khare,Bill Brandt,Poster style,,very crisp,,mythological,neon light,Film grain,,,Techniscope,,,Aging (artwork),Arbeitsrat für Kunst,,Busukawaii,,Commercial,Urban Decay,,,,,,,,Art Deco Architecture
,Bruno Mars,Parks,Eagle,ballroom,Arbitrator,Pierre-Auguste Renoir,Adriaen van Ostade,Bill Henson,Ink style,,high detail,,illusional,inner glow,Satellite imagery,,,Panavision,,,Airbrushing,Art & Language,,Cabincore,,Pet,Vanishing Point,,,,,,,,Art Nouveau Architecture
,Justin Bieber,Skateboarders,Falcon,bank,Architect,Caravaggio,Adriaen van Utrecht 1,Brassaï (Gyula Halász),,,very sharp,,dreamed,outer glow,Award-winning photography,,,Ambrotype,,,Animation (digital art),Art Brut,,Carnivalcore,,Concert,Vivid Color,,,,,,,,Victorian Regency Architecture
,Adele,Motorcycles,Owl,bar,Artisan,Joan Miró,Adrian Donoghue,Brooke Shaden,,,,,pretend,strobe light,Wildlife photography,,,,,,Aquatint,Art Deco,,Cartooncore,,Long Exposure,Wedding Documentary,,,,,,,,Victorian Free Classical Architecture
,Ed Sheeran,Delivery Trucks,Hummingbird,barn,Artist,Edward Hopper,Adrian Paul Allinson,Bruce Davidson,,,,,unreal,Volumetric lighting,Underwater photography,,,,,,Art movement,Art Informel,,Chromecore,,Real Estate,X-ray,,,,,,,,Victorian Mannerist Architecture
,Albert Einstein,Chair,Peacock,basement,Athlete,Edvard Munch,Adrianus Eversen,Bruce Weber,,,,,anachronistic,cinematic lighting,Action scene,,,,,,Assemblage,Art movement,,Classicism,,Automotive,Zoological,,,,,,,,Victorian Italianate Architecture
,Leonardo da Vinci,Table,Flamingo,bazaar,Attila,Roy Lichtenstein,Affandi,Bunny Yeager,,,,,,octane render,,,,,,,Basse-taille enameling,Art Nouveau,,Cleancore,,360-degree,Bokeh,,,,,,,,Victorian Second Empire Architecture
,Marie Curie,Lamp,Parrot,beach,Attorney,Mary Cassatt,Agostino Tassi,Carleton Watkins,,,,,,softbox lighting,,,,,,,Burnishing,Art periods,,Clockpunk,,Boudoir,Cinematic,,,,,,,,Victorian Filigree Architecture
,Martin Luther King Jr.,Book,Toucan,beach party,Author,Grant Wood,Agustin Fernandez,Carrie Mae Weems,,,,,,glowing lights,,,,,,,Camaïeu,Art photography,,Coquette,,Candid,Double Exposure,,,,,,,,Victorian Free Gothic Architecture
,Nelson Mandela,Vase,Chimpanzee,big city street,Authority,Henri Rousseau,Ai Weiwei,Chuck Close,,,,,,blue lighting,,,,,,,Cast paper,Arte Povera,,Corporate Grunge,,Composite,Emotive,,,,,,,,Victorian Rustic Gothic Architecture
,Mahatma Gandhi,Plant,Orangutan,birthday party,Avenger,Gustave Courbet,Akihiko Yoshida,Cindy Sherman,,,,,,long exposure,,,,,,,Ceramic formings,Arts and Crafts movement,,Corporate Memphis,,Equine,Hyperrealism,,,,,,,,Victorian Tudor Architecture
,Abraham Lincoln,Clock,Gorilla,black-tie event,Baby,Jean-Michel Basquiat,Akos Major,Clarence H. White,,,,,,fairy lights,,,,,,,Cerography,ASCII art,,Cottagecore,,Fireworks,Light Painting,,,,,,,,Federation Queen-Anne Style Architecture
,William Shakespeare,Sofa,Rhinoceros,block party,Beggar,Banksy,Akseli Gallen Kallela,Claude Cahun,,,,,,Illuminated,,,,,,,Champlevé,Ashcan School,,Craftcore,,Glamour,Minimalist,,,,,,,,Federation Arts and Crafts Style Architecture
,Isaac Newton,Television,Hippopotamus,boarding school,Bon Vivant,,Al Feldstein,Danny Lyon,,,,,,Illumination,,,,,,,Chiaroscuro,Assemblage,,Cubism,,High Speed,Rain,,,,,,,,Federation Bungalow Architecture
,Charles Darwin,Guitar,Crocodile,boardroom,Boss,,Al Williamson,David LaChapelle,,,,,,Frontlight,,,,,,,Cloisonné,Australian Tonalism,,Cyberghetto,,Industrial,Shadow,,,,,,,,Federation Filigree Architecture
,Steve Jobs,Bicycle,Alligator,bomb shelter,Breadwinner,,Alan Bean,Dawoud Bey,,,,,,Halfrear Lighting,,,,,,,Collage,Auto-destructive art,,Cybergoth,,Microscopy,Ultraviolet,,,,,,,,Inter-War Californian Bungalow Architecture
,Elon Musk,Car,Snake,bookstore,Builder,,Alan Moore,Diane Arbus,,,,,,Backlight,,,,,,,Contour drawing,Avant-garde,,Cybergrunge,,Nature,Vintage,,,,,,,,Inter-War Old English Architecture
,Oprah Winfrey,Door,Lizard,bowling alley,Bully,,Albert Benois,Don McCullin,,,,,,Dim,,,,,,,Contour rivalry,Barbizon school,,Cyberpunk,,Panoramic,National Geographic Photo,,,,,,,,Inter-War Spanish Mission Architecture
,Serena Williams,Window,Turtle,break room,Burglar,,Albert Bierstadt,Dora Maar,,,,,,Dim Lighting,,,,,,,Creativitys,Baroque,,Darkcore,,Photojournalism,Abstract Macro,,,,,,,,Inter-Ear Georgian Revival Architecture
,Cristiano Ronaldo,Cup,Frog,brewery,Tutor,,Albert Dubois Pillet,Dorothea Lange,,,,,,Dark Lighting,,,,,,,Crosshatching,Bauhaus,,Deathcore,,Scientific,Cityscape Night,,,,,,,,Inter-War Streamline Moderne Architecture
,Lionel Messi,Plate,Salamander,bridge,Tyrant,,Albert Eckhout,Duane Michals,,,,,,Bright,,,,,,,Dalle de verre,Bengal School of Art,,Decopunk,,Seascape,Golden Hour,,,,,,,,Inter-War Ashgrovian Architecture
,Michael Jordan,Knife,Spider,campsite,Caregiver,,Albert Edelfelt,Eadweard Muybridge,,,,,,Ultrabright,,,,,,,Décollage,Berlin Secession,,Desertwave,,Silhouette,HDR Landscape,,,,,,,,Austere Architecture
,Serena Williams,Fork,Scorpion,canyon,Casanova,,Alberto Biasi,Edward Burtynsky,,,,,,Blinding Light,,,,,,,Digital painting,Black Arts Movement,,Devilcore,,Time Slice,Intentional Camera Movement,,,,,,,,Waterfall Architecture
,Usain Bolt,Spoon,Bee,car accident,Cat Lady,,Alberto Burri,Edward Curtis,,,,,,Moody Lighting,,,,,,,Distressing,Brutalism,,txt,,Abstract,Low Angle,,,,,,,,International Style Architecture
,Muhammad Ali,Bowl,Butterfly,car wash,Challenger,,Alberto Dros,Edward Ruscha,,,,,,Mood Lighting,,,,,,,Divisionism,Classical Realism,,Dracopunk,,Aerial,Motion Blur,,,,,,,,Timber and Fibro Fisherman's Cottage Style Architecture
,David Bowie,Hat,Ladybug,carnival funhouse,Champion,,Albrecht Anker,Edward Steichen,,,,,,Cinematic Lighting,,,,,,,Drip painting,Cloisonnism,,Dragoncore,,Aircraft,Night Sky,,,,,,,,Triple Front Architecture
,Madonna,Shoes,Ant,casino,Chef,,Alejandro Jodorowsky,Edward Weston,,,,,,Studio Lighting,,,,,,,Droste effect,COBRA,,Dungeonpunk,,Architectural,fluorescent translucent holographic;,,,,,,,,Murcutt Drew Style Architecture
,Bob Marley,Shirt,Crab,casual dining restaurant,Chief,,Aleksander Gierymski,Elliott Erwitt,,,,,,Cove Lighting,,,,,,,Drybrush,Color Field,,Earthcore,,Astrophotography,,,,,,,,,Pavilion Style Architecture
,Elvis Presley,Pants,Lobster,cave,Child,,Alena Aenami,Ernst Haas,,,,,,Soft Lighting,,,,,,,Dye-sublimation,Computer art,,Ethereal,,Banquet,,,,,,,,,Federation Revival Style Architecture
,Freddie Mercury,Dress,Jellyfish,cheap motel,Clerk,,Alessandro Allori,Eugene Atget,,,,,,Hard Lighting,,,,,,,Embossing,Conceptual art,,Europunk,,Candid,,,,,,,,,Austrian Baroque Architecture
,Beyoncé,Jacket,Starfish,chicken coop,Clown,,Alessandro Barbucci,Fan Ho,,,,,,Accent Lighting,,,,,,,En résille enameling,Concrete art,,Fairycore,,Cloudscape,,,,,,,,,Czech Baroque Architecture
,Rihanna,Bag,Seahorse,child's bedroom,Communicator,,Alessio Albi,Francesca Woodman,,,,,,Volumetric,,,,,,,Encaustic (hot wax) painting,Constructivism,,Fauvism,,Conceptual,,,,,,,,,Danish Baroque Architecture
,Taylor Swift,Umbrella,Dolphin,church,Companion,,Alfred Cheney Johnston,Frans Lanting,,,,,,Volumetric Lighting,,,,,,,Etching,Context art,,Film Noir,,Conservation,,,,,,,,,Dutch Baroque Architecture
,Adele,Laptop,Ostrich,circus,Con Artist,,Alfred Eisenstaedt,Garry Winogrand,,,,,,Contre-Jour,,,,,,,Fat over lean,Crystal Cubism,,Floral Academia,,Documentary,,,,,,,,,English Baroque Architecture
,Barack Obama,Phone,Emu,city bus,Consort,,Alfred Guillou,Georges Melies,,,,,,Rembrandt Lighting,,,,,,,Faux painting,Cubism,,Forestpunk,,Ethnographic,,,,,,,,,Finnish Baroque Architecture
,Michelle Obama,Camera,Raccoon,coffeehouse,Consumer,,Alfred Munnings,Gerda Taro,,,,,,Split Lighting,,,,,,,Fingerpaint,Cubo-Futurism,,Gadgetpunk,,Fashion,,,,,,,,,French Baroque Architecture
,Queen Elizabeth II,Pen,,community center,Copyist,,Algernon Blackwood,Gertrude Käsebier,,,,,,Beautiful Lighting,,,,,,,Freehand brush work,Cynical realism,,Gardencore,,Fine-art,,,,,,,,,German Baroque Architecture
,Princess Diana,Pencil,,condemned apartment building,Counselor,,Alice Bailly,Gordon Parks,,,,,,Low-Key Lighting,,,,,,,Fresco,Dada,,Ghostcore,,Fire,,,,,,,,,Italian Baroque Architecture
,Nelson Mandela,Notebook,,construction site,Courier,,Alison Bechdel,Graciela Iturbide,,,,,,High-Key Lighting,,,,,,,Fresco-secco,Dansaekhwa,,Glitchcore,,Forensic,,,,,,,,,Lithuanian Baroque Architecture
,Malala Yousafzai,Brush,,convenience store,Court Jester,,Alphonse Osbert,Gregory Crewdson,,,,,,Downlighting,,,,,,,Froissage,Danube school,,Goblincore,,Glamour,,,,,,,,,Maltese Baroque Architecture
,Emma Watson,Easel,,country road,Coward,,Amanda Clark,Harold Edgerton,,,,,,Uplighting,,,,,,,Gilding,Dau-al-Set,,Gothcore,,High-speed,,,,,,,,,Norwegian Baroque Architecture
,Angelina Jolie,Paint,,county fair,Craftsperson,,Amanda Sage,Helen Levitt,,,,,,Under-Illumination,,,,,,,Glassblowing,De Stijl (also known as ''Neoplasticism''),,Grunge,,Landscape,,,,,,,,,Ottoman Baroque Architecture
,Leonardo DiCaprio,Palette,,courtroom,Creator,,Ambrosius Benson,Helmut Newton,,,,,,Over-Illumination,,,,,,,Glaze (painting),Deconstructivism,,Hermitpunk,,Nature,,,,,,,,,Polish Baroque Architecture
,Tom Hanks,Flower,,creek,Crime Fighter,,Amedee Ozenfant,Hendrik Kerstens,,,,,,Veiling Flare,,,,,,,Gongbi,Didacticism,,Hip Hop,,Neues Sehen,,,,,,,,,Portuguese Baroque Architecture
,Will Smith,Tree,,cruise ship,Critic,,Amir Zand,Henri Cartier-Bresson,,,,,,Caustic Lighting,,,,,,,Gradation,Digital art,,Hippie,,Photojournalism,,,,,,,,,Russian Baroque Architecture
,Meryl Streep,Cloud,,custodial supply room,Crone,,Anato Finnstark,Hugh Kretschmer,,,,,,Ethereal Lighting,,,,,,,Grattage,Ecological Art,,Hipster,,Pictorialism,,,,,,,,,Spanish Baroque Architecture
,Brad Pitt,Sun,,deli,Damsel,,Andreas Achenbach,Irving Penn,,,,,,Nightclub Lighting,,,,,,,Grisaille,Environmental art,,Honeycore,,Portrait,,,,,,,,,Spanish Colonial Baroque Architecture
,Jennifer Aniston,Moon,,desert,Dark Lord,,Andreas Vesalius,Jacques Henri Lartigue,,,,,,DJ Lighting,,,,,,,Haboku,Excessivism,,Horror,,Post-mortem,,,,,,,,,Swedish Baroque Architecture
,Jennifer Lopez,Stars,,diner,Dead,,Andrew Boog Faithfull,James Nachtwey,,,,,,Concert Lighting,,,,,,,Hierarchical proportion,Exoticism,,House by Bjarke Ingels,,Selfie,,,,,,,,,Ukrainian Baroque Architecture
,Tom Cruise,Building,,dorm room,Defender,,Andrew Ferez,James Van Der Zee,,,,,,Museum Lighting,,,,,,,Hockney–Falco thesis,Expressionism,,House by Buro Ole Scheeren,,Social documentary,,,,,,,,,Blobtecture Architecture
,Johnny Depp,Bridge,,dungeon (speculative),Derelict,,Andy Fairhurst,Jay Maisel,,,,,,Light Pollution,,,,,,,Illusionistic ceiling painting,Fantastic realism,,House by Frank Gehry,,Sports,,,,,,,,,Bowellism Architecture
,Robert Downey Jr.,Streetlamp,,elementary school classroom,Destroyer,,Andy Warhol,Jerry Uelsmann,,,,,,Epic Light,,,,,,,Impasto,Fauvism,,House by Jean Nouvel,,Still life,,,,,,,,,Bristol Byzantine Architecture
,Dwayne Johnson,Fence,,elevator,Detective,,Angela Barrett,Joel Peter Witkin,,,,,,Spotlight,,,,,,,Ink wash painting,Feminist art,,House by Norman Foster,,Stock,,,,,,,,,Brownstone Architecture
,Scarlett Johansson,Key,,emergency room,Devotee,,Angus McKie,Joel Sartore,,,,,,Floodlight,,,,,,,Intaglio,Figuration Libre,,House by Rem Koolhaas,,Straight photography,,,,,,,,,Brutalist Architecture
,Gal Gadot,Lock,,empty lot,Dilettante,,Anita Malfatti,John Frederick William Herschel,,,,,,Rim Lights,,,,,,,Kalliroscope,Figurative art,,House by Santiago Calatrava,,Street,,,,,,,,,Buddhist Architecture
,Emma Stone,,,executive's office,Diplomat,,Anja Percival,Josef Sudek,,,,,,Rim Lighting,,,,,,,Keum-boo gilding,Fine Art,,House by Shigeru Ban,,Toy camera,,,,,,,,,Byzantine Architecture
,Emma Watson,,,factory,Disciple,,Anna Ancher,Julia Margaret Cameron,,,,,,Marquee,,,,,,,Linocut,Fluxus,,House by Sou Fujimoto,,Underwater,,,,,,,,,Carolingian Architecture
,Natalie Portman,,,farm,Divine Child,,Anna and Elena Balbusso,Karl Blossfeldt,,,,,,Strobe,,,,,,,List of art media,Folk art,,House by Zaha Hadid,,Vernacular,,,,,,,,,Carpenter Gothic Style Architecture
,Kate Winslet,,,farmer's market,Don Juan,,Anna Dittmann,Larry Burrows,,,,,,Strobe Light,,,,,,,List of art movements,Funk art,,Hyperpop,,Wedding,,,,,,,,,Churrigueresque Architecture
,Julia Roberts,,,fast food restaurant,Double Agent,,Anna Razumovskaya,László Moholy-Nagy,,,,,,Stroboscope,,,,,,,List of artistic media,Futurism,,Impressionism,,Wildlife,,,,,,,,,Constructivist Architecture
,Kate Middleton,,,fire station,Dreamer,,Anne Packard,Lee Jeffries,,,,,,Flickering Light,,,,,,,List of most expensive paintings,Geometric abstract art,,Indie,,,,,,,,,,,Deconstructivism Architecture
,Prince William,,,fishing boat,Drunk,,Anni Albers,Lewis Hine,,,,,,Bubble Light,,,,,,,List of most expensive sculptures,Glitch art,,Junglecore,,,,,,,,,,,Dragestil Architecture
,David Beckham,,,fitness center,Dummy,,Annie Leibovitz,Lorna Simpson,,,,,,Crepuscular Rays,,,,,,,List of sculptors,Gothic art,,Knightcore,,,,,,,,,,,Eastlake Architecture
,Serena Williams,,,flower garden,Elderly,,Ansel Adams,Lynsey Addario,,,,,,Rays of Shimmering Light,,,,,,,Lithography,Gutai group,,Labcore,,,,,,,,,,,Elizabethan Architecture
,Cristiano Ronaldo,,,flower shop,Emperor,,Antoine Verney Carron,Man Ray,,,,,,Godrays,,,,,,,Lost-wax casting,Happening,,Lichencore,,,,,,,,,,,Empire Style Architecture
,Lionel Messi,,,forest,Empress,,Anton Domenico Gabbiani,Margaret Bourke-White,,,,,,Anticrepuscular Rays,,,,,,,Metalcut,Harlem Renaissance,,Lightcore,,,,,,,,,,,Farmhouse Style Architecture
,Michael Jordan,,,funeral home,Enchantress,,Anton Fadeev,Mario Testino,,,,,,Light Pillars,,,,,,,Mosaic art,Heidelberg School,,Liminal Space,,,,,,,,,,,Federal Style Architecture
,Kobe Bryant,,,gallows (speculative),Engineer,,Anton Otto Fischer,Martin Parr,,,,,,Tyndall Effect,,,,,,,Multidimensional art,Hudson River School,,Lovecore,,,,,,,,,,,Federation Architecture
,Usain Bolt,,,garage,Entertainer,,Anton Pieck,Martin Schoeller,,,,,,Afterglow,,,,,,,Mural Painting,Hurufiyya,,Lunarpunk,,,,,,,,,,,Functionalism Architecture
,Roger Federer,,,garage sale,Enthusiast,,Anton Solovianchyk,Mary Ellen Mark,,,,,,Airglow,,,,,,,Nerikomi artistic,Hypermodernism,,Magepunk,,,,,,,,,,,Futurist Style Architecture
,Serena Williams,,,gas station,Martyr,,Antonio Canova,Mathew B. Brady,,,,,,Alpenglow,,,,,,,Oblique projection,Hyperrealism,,Medieval Fantasy,,,,,,,,,,,Googie Architecture
,Leonardo DiCaprio,,,ghost town (old west),Epicure,,Archillect,Méret Oppenheim,,,,,,Artificial Lighting,,,,,,,Paint by number,Impressionism,,Medieval,,,,,,,,,,,Gothic Architecture
,Tom Hanks,,,golf course,Evangelist,,Aries Moross,Meryl McMaster,,,,,,Natural Lighting,,,,,,,Paper craft,Incoherents,,Midwest Emo,,,,,,,,,,,Heliopolis Style Architecture
,Will Smith,,,graveyard,Everyman,,Armand Guillaumin,Mick Rock,,,,,,Sunlight,,,,,,,Pholage artistic,Institutional critique,,Midwest Gothic,,,,,,,,,,,Nagara Temple Style Architecture
,Meryl Streep,,,green room,Examiner,,art by Alvar Aalto,Miles Aldridge,,,,,,Direct Sunlight,,,,,,,Plique-à-jour enameling,Interactive Art,,Military,,,,,,,,,,,Dravidian Temple Style Architecture
,Brad Pitt,,,greenhouse,Exorcist,,Arthur Adams,Minor Martin White,,,,,,Sunshine Ray,,,,,,,Pointillé,International Gothic,,Miniaturecore,,,,,,,,,,,Vesara Temple Style Architecture
,Jennifer Aniston,,,grocery store,Explorer,,Arthur Lismer,Nan Goldin,,,,,,Sunbeams,,,,,,,Pointillism,International Typographic Style,,Minimalism,,,,,,,,,,,Māru-Gujara Temple Style Architecture
,Jennifer Lopez,,,grotto,monk,,Arthur Wardle,Nathan Wirth,,,,,,Sunshaft,,,,,,,Pouncing,Japonisme,,Modernism,,,,,,,,,,,Sultanate Architecture
,Tom Cruise,,,group foster home,Father,,Artur Bordalo,Olive Cotton,,,,,,Moonbeams,,,,,,,Rapid visualization graphic artist,Kinetic art,,Mosscore,,,,,,,,,,,Kashmir Style Architecture
,Johnny Depp,,,gymnasium,Femme Fatale,,art_by_Alphonse_Mucha,Olivier Rousteing,,,,,,Starlight,,,,,,,Relief art,Kinetic Pointillism,,Mushroomcore,,,,,,,,,,,Mughal Style Architecture or Mughal Empire Style Architecture
,Robert Downey Jr.,,,hair salon,Flirt,,art_by_charles_sheeler,Patrick Demarchelier,,,,,,Waning Light,,,,,,,Relief printing,Kitsch movement,,Nanopunk,,,,,,,,,,,Rajput Style Architecture
,Dwayne Johnson,,,halloween party,Follower,,art_by_Coby_Whitmore,Paul Nicklen,,,,,,Radiant Light,,,,,,,Repoussé and chasing,Land art,,Nautical,,,,,,,,,,,Sikh Style Architecture
,Scarlett Johansson,,,hardware store,Fool,,art_by_Conrad_Roset,Paul Outerbridge,,,,,,Incandescent,,,,,,,Resin art,Les Automatistes,,Neo Romanism,,,,,,,,,,,Gurudwara Style Architecture
,Gal Gadot,,,haunted house (speculative),Friend,,art_by_Hiromasa_Ogura,Paul Strand,,,,,,Fluorescent,,,,,,,Rubbing (art),Les Nabis,,Neo Tokyo,,,,,,,,,,,Maratha Style Architecture
,Emma Stone,,,herbalist's shop (speculative),Gambler,,art_by_Igor_Burlakov,Pete Souza,,,,,,CFL,,,,,,,Scratchboard,Letterism,,Neo Vikings,,,,,,,,,,,Dzong Style Architecture
,Natalie Portman,,,high school cafeteria,Giver,,art_by_Jakub_Rozalski,Peter Dombrovskis,,,,,,CFL Light,,,,,,,Scratchitti graffiti,Light and Space,,Neoclassicism,,,,,,,,,,,Bengal Style Architecture
,Kate Winslet,,,high school hallway,Glutton,,art_by_James_Gilleard,Peter Henry Emerson,,,,,,Candlelight,,,,,,,Screen printing,List of musical movements,,Nostalgiacore,,,,,,,,,,,Indo-Saracenic Style Architecture
,Julia Roberts,,,hiking trail,Go-Between,,art_by_james_jean,Peter Lik,,,,,,Torch,,,,,,,Screentone texture,Lowbrow,,Oceanpunk,,,,,,,,,,,Italianate Architecture
,Angelina Jolie,,,home office,God,,art_by_Josan_Gonzalez,Peter Lindbergh,,,,,,Torch Light,,,,,,,Sfumato,Lyco art,,Paleocore,,,,,,,,,,,Jacobean Architecture
,Chris Hemsworth,,,homeless shelter,Goddess,,art_by_J_Scott_Campbell,Philip-Lorca diCorcia,,,,,,Tesla Coil,,,,,,,Sgraffito,Lyrical abstraction,,Photorealism,,,,,,,,,,,Jacobethan Architecture
,Charlize Theron,,,hospital (interior),Godfather,,art_by_Kaethe_Butcher,Philippe Halsman,,,,,,Electric Arc,,,,,,,Shading,Magic realism,,Pirate,,,,,,,,,,,Jeffersonian Architecture
,Hugh Jackman,,,hospital room,Gourmand,,art_by_Kilian_Eng,Ralph Gibson,,,,,,Glow Stick,,,,,,,Spray painting,Mail art,,Plaguecore,,,,,,,,,,,Jengki Style Architecture
,Ryan Reynolds,,,hot springs,Guide,,art_by_Simon_Stalenhag,Richard Avedon,,,,,,Blacklight,,,,,,,still life,Mannerism,,Pop Art,,,,,,,,,,,Jugendstil Style Architecture
,Sandra Bullock,,,hotel room,Gunslinger,,art_by_Todd_James,Robert Adams,,,,,,Gobo,,,,,,,stippling,Massurrealism,,Post Apocalyptic,,,,,,,,,,,Manueline Architecture
,Denzel Washington,,,house fire,Guru,,art_by_Tomer_Hanuka,Robert Bechtle,,,,,,Gobo Light,,,,,,,Tarashikomi,Maximalism,,Post Impressionism,,,,,,,,,,,Mediterranean Architecture
,Viola Davis,,,house party,Gypsee,,art_by_wes_anderson,Robert Capa,,,,,,Halogen,,,,,,,Texture (painting),Metaphysical painting,,Post Punk,,,,,,,,,,,Mediterranean Revival Architecture
,Lupita Nyong'o,,,hunting cabin,Healer,,art_by_Xavier_Collette,Robert Frank,,,,,,Argon Flash,,,,,,,Transfer (drawing),Mingei,,Post rock,,,,,,,,,,,Merovingian Architecture
,Benedict Cumberbatch,,,ice cream parlor,Hedonist,,art_by_Yayoi_Kusama,Robert Mapplethorpe,,,,,,Lantern,,,,,,,Trompe-l'œil,Minimalism,,Prairiecore,,,,,,,,,,,Metabolism Architecture
,Nicole Kidman,,,indoor shooting range,Helper,,Asger Jorn,Robert Mapplethorpe,,,,,,Schwarz Lantern,,,,,,,Underpainting,Modern European ink painting,,Prehistoricore,,,,,,,,,,,Mission Architecture
,Anne Hathaway,,,jewelry store,Herald,,Atey Ghailan,Roger Fenton,,,,,,Coleman Lantern,,,,,,,Verdaille (green shades),Modernism,,Princecore,,,,,,,,,,,Mission Revival Architecture
,Matt Damon,,,judge's chambers,Hermit,,Aubrey Beardsley,Ruth Bernhard,,,,,,Flare,,,,,,,Watercolor painting,Modular constructivism,,Princesscore,,,,,,,,,,,Modern Architecture
,Heath Ledger,,,juvenile detention center,Hero,,Audrey Kawasaki,Sally Mann,,,,,,Ember Light,,,,,,,Welded sculpture,Naive art,,Ragecore,,,,,,,,,,,Modernisme Architecture
,Morgan Freeman,,,kitchen,Heroine,,Auguste Lefou,Sebastião Salgado,,,,,,Edison Bulb,,,,,,,Wet-on-wet,Neoclassicism,,Raygun Gothic,,,,,,,,,,,National Park Service Rustic Style Architecture
,Samuel L. Jackson,,,lake,Hitman,,Augustus Edwin Mulready,Shirin Neshat,,,,,,Nightlight,,,,,,,Wire sculpture,Neo-Dada,,Retro Futurism,,,,,,,,,,,Norman Style Architecture
,Jennifer Lawrence,,,landfill,Housewife,,Augustus John,Stefan Gesell,,,,,,Christmas Lights,,,,,,,Wood engraving,Neo-expressionism,,Robotcore,,,,,,,,,,,Organic Style Architecture
,Cate Blanchett,,,laundromat,Ice Queen,,Austin Briggs,Steven Meisel,,,,,,Optical Fiber,,,,,,,Woodblock printing (Moku hanga),Neo-Fauvism,,Rococo,,,,,,,,,,,Ottonian Architecture
,Halle Berry,,,library,Idiot,,Austin Osman Spare,Susan Meiselas,,,,,,Electroluminescent Wire,,,,,,,,Neo-figurative,,Roguecore,,,,,,,,,,,Palladian Architecture
,Jim Carrey,,,lighthouse,Indigent,,Balthus,Vivian Maier,,,,,,Electromagnetic Spectrum,,,,,,,,Neogeo (art),,Royalcore,,,,,,,,,,,Perpendicular Period Style Architecture
,Emma Watson,,,limousine,nun,,Banksy,Vivian Maier,,,,,,Infrared,,,,,,,,Neoism,,Rusticcore,,,,,,,,,,,Plantagenet Style Architecture
,Daniel Radcliffe,,,liquor store,Infant,,Barclay Shaw,Viviane Sassen,,,,,,Ultraviolet,,,,,,,,Neo-primitivism,,Schizowave,,,,,,,,,,,Southern Plantation Architecture
,Robert Pattinson,,,living room,Innocent,,Barkley L,Walker Evans,,,,,,UV,,,,,,,,Neo-romanticism,,Seapunk,,,,,,,,,,,Ponce Creole Architecture
,,,,man cave,Innocent One,,Barry McGee,Wes Anderson,,,,,,X-Ray,,,,,,,,Net art,,Shanzhai,,,,,,,,,,,Pombaline Architecture
,,,,mansion,Innovator,,Bartolome Esteban Murillo,William Eggleston,,,,,,Orbital X-Ray,,,,,,,,New Objectivity,,Shironuri,,,,,,,,,,,Postmodern Architecture
,,,,marina,Instructor,,Baugasm,William Eugene Smith,,,,,,Lightspeed,,,,,,,,New Sculpture,,Silkpunk,,,,,,,,,,,Prairie School Style Architecture
,,,,marsh,Intellectual,,Beeple,William Henry Fox Talbot,,,,,,Nightclub,,,,,,,,Northwest School,,Slimepunk,,,,,,,,,,,Pueblo Style Architecture
,,,,mausoleum,Inventor,,Benedetto Caliari,Yinka Shonibare,,,,,,Glowing Radioactivity,,,,,,,,Nuclear art,,Solarpunk,,,,,,,,,,,Ranch Style Architecture
,,,,meadow,Jester,,Benedick Bana,Yousuf Karsh,,,,,,Nuclear Waste,,,,,,,,Objective abstraction,,Soviet,,,,,,,,,,,Repoblación Architecture
,,,,mechanic's shop,Journalist,,Bikash Bhattacharjee,,,,,,,Glowing Nuclear Waste,,,,,,,,Op Art,,Sovietwave,,,,,,,,,,,Regency Style Architecture
,,,,medieval castle (speculative),Judge,,Bil Keane,,,,,,,,,,,,,,,Orphism,,Spacecore,,,,,,,,,,,Richardsonian Romanesque Architecture
,,,,medieval castle armory (speculative),Killer,,Bill Durgin,,,,,,,,,,,,,,,Panfuturism,,Steampunk,,,,,,,,,,,Rococo Architecture
,,,,medieval tavern (speculative),King,,Bill Viola,,,,,,,,,,,,,,,Paris School,,Steelpunk,,,,,,,,,,,Romanesque Architecture
,,,,medieval village (speculative),Knight,,Bill Ward,,,,,,,,,,,,,,,Photorealism,,Stonepunk,,,,,,,,,,,Romanesque Revival Architecture
,,,,military base,Leader,,Bill Watterson,,,,,,,,,,,,,,,Pixel art,,Suburban Gothic,,,,,,,,,,,Russian Architecture
,,,,military helicopter,Legislator,,Bjarke Ingels,,,,,,,,,,,,,,,Plasticien,,Surrealism,,,,,,,,,,,Russian Revival Architecture
,,,,moors,Liar,,Bo Bartlett,,,,,,,,,,,,,,,Plein Air,,Swordpunk,,,,,,,,,,,Saltbox Architecture
,,,,morgue,Liberator,,Bob Eggleton,,,,,,,,,,,,,,,Pointillism,,Techwear,,,,,,,,,,,Scots Baronial Architecture
,,,,motor home,Lobbyist,,Bojan Jevtic,,,,,,,,,,,,,,,Pop art,,Teslapunk,,,,,,,,,,,Second Empire Style Architecture
,,,,mountains,Loner,,Bonnie Zacherle,,,,,,,,,,,,,,,Post-impressionism,,Thriftcore style,,,,,,,,,,,Modern Serbo-Byzantine Style Architecture
,,,,movie set,Loser,,Bordalo II,,,,,,,,,,,,,,,Postminimalism,,Thriftcore,,,,,,,,,,,Soft Portuguese Architecture
,,,,movie theater,Lover,,Boris Grigoriev,,,,,,,,,,,,,,,Precisionism,,Ukiyo e,,,,,,,,,,,Socialist Classicism Style
,,,,museum,Loyalist,,Boris Groh,,,,,,,,,,,,,,,Pre-Raphaelitism,,Urbancore,,,,,,,,,,,Stave Church Style
,,,,newsroom,Doctor,,Boris Kustodiev,,,,,,,,,,,,,,,Primitivism,,Vaporwave,,,,,,,,,,,Stick Style
,,,,nightclub,Mad Scientist,,Boris Vallejo,,,,,,,,,,,,,,,Private Press,,Victorian style,,,,,,,,,,,Storybook Style
,,,,nursery,Magical Child,,Brad Kunkle,,,,,,,,,,,,,,,Process art,,Victorian,,,,,,,,,,,Streamline Moderne Architecture
,,,,nursing home,Magician,,Brent Cotton,,,,,,,,,,,,,,,Psychedelic art,,Viking,,,,,,,,,,,Structuralism Architecture
,,,,ocean,Maiden,,Brge Bredenbekk,,,,,,,,,,,,,,,Purism,,Voidcore,,,,,,,,,,,Sustainable Architecture
,,,,office cubicle,Manipulator,,Brian Despain,,,,,,,,,,,,,,,Qajar art,,Wanderlust,,,,,,,,,,,Swiss Chalet Style Architecture
,,,,old pick-up truck,Environmentalist,,Brian M,,,,,,,,,,,,,,,Quito School,,Western,,,,,,,,,,,Tidewater Architecture
,,,,orchard,Master,,Brian Sum,,,,,,,,,,,,,,,Rasquache,,Witchcore,,,,,,,,,,,Tudor Architecture
,,,,outdoor pool,Matriarch,,Briana Mora,,,,,,,,,,,,,,,Rayonism,,Wizardcore,,,,,,,,,,,Tudorbethan Architecture
,,,,outdoor skating rink,Mediator,,Brice Marden,,,,,,,,,,,,,,,Realism,,Yakuza,,,,,,,,,,,Usonian Architecture
,,,,outhouse,Meditator,,Bridget Bate Tichenor,,,,,,,,,,,,,,,Regionalism,,Yankeecore,,,,,,,,,,,Vienna Secession Architecture
,,,,parade,Mentor,,Bridget Riley,,,,,,,,,,,,,,,Remodernism,,Zombiecore,,,,,,,,,,,
,,,,park,Mercenary,,Briton Rivire,,,,,,,,,,,,,,,Renaissance,,Studio Ghibli,,,,,,,,,,,
,,,,parking garage,Messenger,,Bruce Davidson,,,,,,,,,,,,,,,Retrofuturism,,Pixar,,,,,,,,,,,
,,,,parking lot,Messiah,,Bruce Munro,,,,,,,,,,,,,,,Rococo,,Cyberpunk,,,,,,,,,,,
,,,,pasture,Midas,,Bruce Pennington,,,,,,,,,,,,,,,Romanesque,,Wasteland Punk,,,,,,,,,,,
,,,,patio deck,Minister,,Bruno Munari,,,,,,,,,,,,,,,Romanticism,,Illustration,,,,,,,,,,,
,,,,pawn shop,Minstrel,,Bruno Walpoth,,,,,,,,,,,,,,,Samikshavad,,Realism,,,,,,,,,,,
,,,,penthouse suite,Miser,,Buckminster Fuller,,,,,,,,,,,,,,,Serial art,,Landscape,,,,,,,,,,,
,,,,performing arts theater,Mommaâ€™S Boy,,Butcher Billy,,,,,,,,,,,,,,,Shin hanga,,Surrealism,,,,,,,,,,,
,,,,pet store,Fairy Godmother,,Caia Koopman,,,,,,,,,,,,,,,Shock art,,Watercolor painting,,,,,,,,,,,
,,,,pharmacy,Monster,,Callie Fink,,,,,,,,,,,,,,,Socialist realism,,Visual impact,,,,,,,,,,,
,,,,photography studio,Mother,,Camille Claudel,,,,,,,,,,,,,,,Sōsaku hanga,,Ukiyoe,,,,,,,,,,,
,,,,pirate ship (speculative),Mother Nature,,Camille Corot,,,,,,,,,,,,,,,Sots art,,Neo-realism,,,,,,,,,,,
,,,,playground,Muse,,Camille Pierre Pambu Bodo,,,,,,,,,,,,,,,Space art,,Post-impressionism,,,,,,,,,,,
,,,,police car,Mystic,,Camille Pissarro,,,,,,,,,,,,,,,Street Art,,Architectural design,,,,,,,,,,,
,,,,police station,Narrator,,Camille Vivier,,,,,,,,,,,,,,,Street art,,Watercolor,,,,,,,,,,,
,,,,pond,Nerd,,Camille Walala,,,,,,,,,,,,,,,Stuckism,,Poster style,,,,,,,,,,,
,,,,pool hall,Networker,,Canaletto,,,,,,,,,,,,,,,Sumatraism,,Ink style,,,,,,,,,,,
,,,,preschool,Ninja,,Candido Portinari,,,,,,,,,,,,,,,Superflat,,,,,,,,,,,,,
,,,,principal's office,Nomad,,Caras Ionut,,,,,,,,,,,,,,,Suprematism,,,,,,,,,,,,,
,,,,prison cell,Nonconformist,,Carel Willink,,,,,,,,,,,,,,,Surrealism,,,,,,,,,,,,,
,,,,prom,Novice,,Carl Barks,,,,,,,,,,,,,,,Symbolism,,,,,,,,,,,,,
,,,,psychiatric ward,Individualist,,Carl Holsoe,,,,,,,,,,,,,,,Synchromism,,,,,,,,,,,,,
,,,,psychic's shop,Nurse,,Carl Larsson,,,,,,,,,,,,,,,Synthetism,,,,,,,,,,,,,
,,,,pub,Observer,,Carlo Dolci,,,,,,,,,,,,,,,Tachisme (aka Informel),,,,,,,,,,,,,
,,,,public restroom,Oedipal Child,,Carrie Mae Weems,,,,,,,,,,,,,,,Temporary art,,,,,,,,,,,,,
,,,,quarry,Olympian,,Carson Grubaugh,,,,,,,,,,,,,,,Tonalism,,,,,,,,,,,,,
,,,,race track (horses),Orphan,,Casey Baugh,,,,,,,,,,,,,,,Toyism,,,,,,,,,,,,,
,,,,rainforest,Orphan Child,,Casey Weldon,,,,,,,,,,,,,,,Transgressive art,,,,,,,,,,,,,
,,,,ranch,Outcast,,Catherine Hyde,,,,,,,,,,,,,,,Ukiyo-e,,,,,,,,,,,,,
,,,,razed city street,Outlaw,,Catherine Nolin,,,,,,,,,,,,,,,Underground comix,,,,,,,,,,,,,
,,,,rec center,Patriarch,,Cathy Wilkes,,,,,,,,,,,,,,,Unilalianism,,,,,,,,,,,,,
,,,,recording studio,Peacemaker,,Catrin Welz Stein,,,,,,,,,,,,,,,Vancouver School,,,,,,,,,,,,,
,,,,refugee camp,Perfectionist,,Cecil Beaton,,,,,,,,,,,,,,,Vanitas,,,,,,,,,,,,,
,,,,residential bathroom,Performer,,Cecily Brown,,,,,,,,,,,,,,,Verdadism,,,,,,,,,,,,,
,,,,river,Persona,,Chantal Joffe,,,,,,,,,,,,,,,Video art,,,,,,,,,,,,,
,,,,rock concert,Philosopher,,Charles Addams,,,,,,,,,,,,,,,Viennese Actionism,,,,,,,,,,,,,
,,,,rodeo,Pickpocket,,Charles Angrand,,,,,,,,,,,,,,,Visual Art,,,,,,,,,,,,,
,,,,root cellar,Pilgrim,,Charles Blackman,,,,,,,,,,,,,,,Vorticism,,,,,,,,,,,,,
,,,,run-down apartment,Pioneer,,Charles Burns,,,,,,,,,,,,,,,Xenocentrism,,,,,,,,,,,,,
,,,,salvage yard,Pirate,,Charles Camoin,,,,,,,,,,,,,,,,,,,,,,,,,,,,
,,,,school bus,Poet,,Charles Filiger,,,,,,,,,,,,,,,,,,,,,,,,,,,,
,,,,school locker room,Police,,Charles Francois Daubigny,,,,,,,,,,,,,,,,,,,,,,,,,,,,
,,,,science lab,Preacher,,Charles Ginner,,,,,,,,,,,,,,,,,,,,,,,,,,,,
,,,,secret passageway,Priest,,Charles Maurice Detmold,,,,,,,,,,,,,,,,,,,,,,,,,,,,
,,,,sewers,Priestess,,Charles Philipon,,,,,,,,,,,,,,,,,,,,,,,,,,,,
,,,,shopping mall,Prince,,Charles Vess,,,,,,,,,,,,,,,,,,,,,,,,,,,,
,,,,skate park,Princess,,Charly Amani,,,,,,,,,,,,,,,,,,,,,,,,,,,,
,,,,ski resort,Progenitor,,Chesley Bonestell,,,,,,,,,,,,,,,,,,,,,,,,,,,,
,,,,slaughterhouse,Prophet,,Chiara Bautista,,,,,,,,,,,,,,,,,,,,,,,,,,,,
,,,,small town street,Protector,,Chiho Aoshima 1,,,,,,,,,,,,,,,,,,,,,,,,,,,,
,,,,spa,Protester,,Chiho Aoshima,,,,,,,,,,,,,,,,,,,,,,,,,,,,
,,,,sporting event stands,Provocateur,,Chip Zdarsky,,,,,,,,,,,,,,,,,,,,,,,,,,,,
,,,,submarine,Psychopath,,Chris Bachalo,,,,,,,,,,,,,,,,,,,,,,,,,,,,
,,,,subway train,Queen,,Chris Claremont,,,,,,,,,,,,,,,,,,,,,,,,,,,,
,,,,subway tunnel,Rabbi,,Chris Cold,,,,,,,,,,,,,,,,,,,,,,,,,,,,
,,,,summer camp,Rebel,,Chris Cunningham,,,,,,,,,,,,,,,,,,,,,,,,,,,,
,,,,swamp,Redeemer,,Chris Dyer,,,,,,,,,,,,,,,,,,,,,,,,,,,,
,,,,tank,Reformer,,Chris Foss,,,,,,,,,,,,,,,,,,,,,,,,,,,,
,,,,tattoo parlor,Renunciate,,Chris Friel,,,,,,,,,,,,,,,,,,,,,,,,,,,,
,,,,taxi,Rescuer,,Chris LaBrooy,,,,,,,,,,,,,,,,,,,,,,,,,,,,
,,,,taxidermist,Revolutionary,,Chris Leib,,,,,,,,,,,,,,,,,,,,,,,,,,,,
,,,,teacher's lounge,Right Arm,,Chris Mars,,,,,,,,,,,,,,,,,,,,,,,,,,,,
,,,,teenager's bedroom,Robin Hood,,Chris Moore,,,,,,,,,,,,,,,,,,,,,,,,,,,,
,,,,teenager's bedroom closet,Romantic,,Chris Sanders,,,,,,,,,,,,,,,,,,,,,,,,,,,,
,,,,therapist's office,Ruler,,Chris Ware,,,,,,,,,,,,,,,,,,,,,,,,,,,,
,,,,thrift store,Saboteur,,Christian Schloe,,,,,,,,,,,,,,,,,,,,,,,,,,,,
,,,,tool shed,Sadist,,Christian Wilhelm Allers,,,,,,,,,,,,,,,,,,,,,,,,,,,,
,,,,trade show,Sage,,Christopher Balaskas,,,,,,,,,,,,,,,,,,,,,,,,,,,,
,,,,trailer park,Samaritan,,Christopher Ryan McKenney,,,,,,,,,,,,,,,,,,,,,,,,,,,,
,,,,train station,Samurai,,Cicely Mary Barker,,,,,,,,,,,,,,,,,,,,,,,,,,,,
,,,,tree house,Satan,,Clarence Gagnon,,,,,,,,,,,,,,,,,,,,,,,,,,,,
,,,,trendy mall clothing store,Savior,,Claude Lefbvre,,,,,,,,,,,,,,,,,,,,,,,,,,,,
,,,,tropical island,Scapegoat,,Claude Lorrain,,,,,,,,,,,,,,,,,,,,,,,,,,,,
,,,,tropical resort,Scavenger,,Claude Melan,,,,,,,,,,,,,,,,,,,,,,,,,,,,
,,,,truck stop,Schemer,,Claude Monet,,,,,,,,,,,,,,,,,,,,,,,,,,,,
,,,,underground storm shelter,Scientist,,Claudia Tremblay,,,,,,,,,,,,,,,,,,,,,,,,,,,,
,,,,underpass,Scribe,,Clay Mann,,,,,,,,,,,,,,,,,,,,,,,,,,,,
,,,,university lecture hall,Sculptor,,Cliff Chiang,,,,,,,,,,,,,,,,,,,,,,,,,,,,
,,,,university quad,Secretary,,Clint Langley,,,,,,,,,,,,,,,,,,,,,,,,,,,,
,,,,upscale hotel lobby,Seeker,,Clive Barker,,,,,,,,,,,,,,,,,,,,,,,,,,,,
,,,,urban rooftop,Seer,,Clyde Caldwell,,,,,,,,,,,,,,,,,,,,,,,,,,,,
,,,,used car dealership,Serial Killer,,Clyfford Still,,,,,,,,,,,,,,,,,,,,,,,,,,,,
,,,,vegas stage show,Serpent,,Cody Ellingham,,,,,,,,,,,,,,,,,,,,,,,,,,,,
,,,,vegetable patch,Settler,,Coles Phillips,,,,,,,,,,,,,,,,,,,,,,,,,,,,
,,,,vet clinic,Shadow,,Colin Campbell Cooper,,,,,,,,,,,,,,,,,,,,,,,,,,,,
,,,,video arcade,Shaman,,Collin Elder,,,,,,,,,,,,,,,,,,,,,,,,,,,,
,,,,waiting room,Shape-Shifter,,Conrad Shawcross,,,,,,,,,,,,,,,,,,,,,,,,,,,,
,,,,wake,Sherlock Holmes,,Constant Permeke,,,,,,,,,,,,,,,,,,,,,,,,,,,,
,,,,water park,Sidekick,,Constantin Brancusi,,,,,,,,,,,,,,,,,,,,,,,,,,,,
,,,,waterfall,Siren,,Constantin Joffe,,,,,,,,,,,,,,,,,,,,,,,,,,,,
,,,,wedding reception,Skeptic,,Cory Arcangel,,,,,,,,,,,,,,,,,,,,,,,,,,,,
,,,,wine cellar,Sleuth,,Craig Mullins,,,,,,,,,,,,,,,,,,,,,,,,,,,,
,,,,winery,Snoop,,Craigie Aitchison,,,,,,,,,,,,,,,,,,,,,,,,,,,,
,,,,workshop,Sociopath,,Cuno Amiet,,,,,,,,,,,,,,,,,,,,,,,,,,,,
,,,,yacht,Soldier,,Daido Moriyama,,,,,,,,,,,,,,,,,,,,,,,,,,,,
,,,,zoo,Spell-Caster,,Dan McPharlin,,,,,,,,,,,,,,,,,,,,,,,,,,,,
,,,,desertic place,Spiritual Master,,Dan Mumford,,,,,,,,,,,,,,,,,,,,,,,,,,,,
,,,,,Spoiler,,Daniel Garber,,,,,,,,,,,,,,,,,,,,,,,,,,,,
,,,,,Spy,,Daniel Gerhartz,,,,,,,,,,,,,,,,,,,,,,,,,,,,
,,,,,Stepmother,,Daniel Merriam,,,,,,,,,,,,,,,,,,,,,,,,,,,,
,,,,,Storyteller,,Danielle Eckhardt,,,,,,,,,,,,,,,,,,,,,,,,,,,,
,,,,,Student,,Daria Endresen,,,,,,,,,,,,,,,,,,,,,,,,,,,,
,,,,,Succubus,,Darwyn Cooke,,,,,,,,,,,,,,,,,,,,,,,,,,,,
,,,,,Swindler,,Dave Coverly,,,,,,,,,,,,,,,,,,,,,,,,,,,,
,,,,,Sybarite,,Dave Dorman,,,,,,,,,,,,,,,,,,,,,,,,,,,,
,,,,,Teacher,,Dave McKean,,,,,,,,,,,,,,,,,,,,,,,,,,,,
,,,,,Teen,,David A,,,,,,,,,,,,,,,,,,,,,,,,,,,,
,,,,,The Self,,David Aja,,,,,,,,,,,,,,,,,,,,,,,,,,,,
,,,,,Therapist,,David Alfaro Siqueiros,,,,,,,,,,,,,,,,,,,,,,,,,,,,
,,,,,Thief,,David B Mattingly,,,,,,,,,,,,,,,,,,,,,,,,,,,,
,,,,,Toddler,,David Bailey,,,,,,,,,,,,,,,,,,,,,,,,,,,,
,,,,,Tomboy,,David Bates,,,,,,,,,,,,,,,,,,,,,,,,,,,,
,,,,,Trickster,,David Downton,,,,,,,,,,,,,,,,,,,,,,,,,,,,
,,,,,Businessman,,David Driskell,,,,,,,,,,,,,,,,,,,,,,,,,,,,
,,,,,Businesswoman,,David Finch,,,,,,,,,,,,,,,,,,,,,,,,,,,,
,,,,,Undercover Agent,,David Goldblatt,,,,,,,,,,,,,,,,,,,,,,,,,,,,
,,,,,Vagabond,,David Hammons,,,,,,,,,,,,,,,,,,,,,,,,,,,,
,,,,,Vampire,,David Hettinger,,,,,,,,,,,,,,,,,,,,,,,,,,,,
,,,,,Victim,,David Hockney,,,,,,,,,,,,,,,,,,,,,,,,,,,,
,,,,,Villain,,David Inshaw,,,,,,,,,,,,,,,,,,,,,,,,,,,,
,,,,,Visionary,,David LaChapelle,,,,,,,,,,,,,,,,,,,,,,,,,,,,
,,,,,Wanderer,,David Ligare,,,,,,,,,,,,,,,,,,,,,,,,,,,,
,,,,,Warrior,,David Lynch,,,,,,,,,,,,,,,,,,,,,,,,,,,,
,,,,,Weakling,,David Malkin,,,,,,,,,,,,,,,,,,,,,,,,,,,,
,,,,,Weaver,,David Mann,,,,,,,,,,,,,,,,,,,,,,,,,,,,
,,,,,Werewolf,,David Tutwiler,,,,,,,,,,,,,,,,,,,,,,,,,,,,
,,,,,Widow,,David Walker,,,,,,,,,,,,,,,,,,,,,,,,,,,,
,,,,,Wise Old Man,,David Welker,,,,,,,,,,,,,,,,,,,,,,,,,,,,
,,,,,Wise Woman,,David Wiesner,,,,,,,,,,,,,,,,,,,,,,,,,,,,
,,,,,Witch,,David Wojnarowicz,,,,,,,,,,,,,,,,,,,,,,,,,,,,
,,,,,Wizard,,David Yarrow,,,,,,,,,,,,,,,,,,,,,,,,,,,,
,,,,,Workaholic,,Dean Cornwell,,,,,,,,,,,,,,,,,,,,,,,,,,,,
,,,,,Working Mother,,Deborah Azzopardi,,,,,,,,,,,,,,,,,,,,,,,,,,,,
,,,,,Wounded Child,,Dee Nickerson,,,,,,,,,,,,,,,,,,,,,,,,,,,,
,,,,,Zombie,,Del Kathryn Barton,,,,,,,,,,,,,,,,,,,,,,,,,,,,
,,,,,Gamer,,Delphin Enjolras,,,,,,,,,,,,,,,,,,,,,,,,,,,,
,,,,,,,Denys Lasdun,,,,,,,,,,,,,,,,,,,,,,,,,,,,
,,,,,,,Desmond Morris,,,,,,,,,,,,,,,,,,,,,,,,,,,,
,,,,,,,Diane Arbus,,,,,,,,,,,,,,,,,,,,,,,,,,,,
,,,,,,,Didier Barra,,,,,,,,,,,,,,,,,,,,,,,,,,,,
,,,,,,,Diego Velzquez,,,,,,,,,,,,,,,,,,,,,,,,,,,,
,,,,,,,Dima Dmitriev,,,,,,,,,,,,,,,,,,,,,,,,,,,,
,,,,,,,Dimitra Milan,,,,,,,,,,,,,,,,,,,,,,,,,,,,
,,,,,,,Dimitry Roulland,,,,,,,,,,,,,,,,,,,,,,,,,,,,
,,,,,,,Dino Valls,,,,,,,,,,,,,,,,,,,,,,,,,,,,
,,,,,,,txt,,,,,,,,,,,,,,,,,,,,,,,,,,,,
,,,,,,,Dmitri Danish,,,,,,,,,,,,,,,,,,,,,,,,,,,,
,,,,,,,Dmitry Kustanovich,,,,,,,,,,,,,,,,,,,,,,,,,,,,
,,,,,,,Dmitry Spiros,,,,,,,,,,,,,,,,,,,,,,,,,,,,
,,,,,,,Dmitry Vishnevsky 1,,,,,,,,,,,,,,,,,,,,,,,,,,,,
,,,,,,,Dmitry Vishnevsky,,,,,,,,,,,,,,,,,,,,,,,,,,,,
,,,,,,,Domenichino,,,,,,,,,,,,,,,,,,,,,,,,,,,,
,,,,,,,Don Bergland,,,,,,,,,,,,,,,,,,,,,,,,,,,,
,,,,,,,Don Bluth,,,,,,,,,,,,,,,,,,,,,,,,,,,,
,,,,,,,Don Maitz,,,,,,,,,,,,,,,,,,,,,,,,,,,,
,,,,,,,Donald Judd,,,,,,,,,,,,,,,,,,,,,,,,,,,,
,,,,,,,Dorina Costras,,,,,,,,,,,,,,,,,,,,,,,,,,,,
,,,,,,,Dorothea Lange,,,,,,,,,,,,,,,,,,,,,,,,,,,,
,,,,,,,Dorothy Johnstone,,,,,,,,,,,,,,,,,,,,,,,,,,,,
,,,,,,,douard Manet,,,,,,,,,,,,,,,,,,,,,,,,,,,,
,,,,,,,douard Vuillard,,,,,,,,,,,,,,,,,,,,,,,,,,,,
,,,,,,,Doug Aitken,,,,,,,,,,,,,,,,,,,,,,,,,,,,
,,,,,,,Duncan Fegredo,,,,,,,,,,,,,,,,,,,,,,,,,,,,
,,,,,,,Dusan Djukaric,,,,,,,,,,,,,,,,,,,,,,,,,,,,
,,,,,,,Eadweard Muybridge,,,,,,,,,,,,,,,,,,,,,,,,,,,,
,,,,,,,Eastman Johnson,,,,,,,,,,,,,,,,,,,,,,,,,,,,
,,,,,,,Ed Binkley,,,,,,,,,,,,,,,,,,,,,,,,,,,,
,,,,,,,Ed Emshwiller,,,,,,,,,,,,,,,,,,,,,,,,,,,,
,,,,,,,Ed Myers,,,,,,,,,,,,,,,,,,,,,,,,,,,,
,,,,,,,Eddie Campbell,,,,,,,,,,,,,,,,,,,,,,,,,,,,
,,,,,,,Eddie Jones,,,,,,,,,,,,,,,,,,,,,,,,,,,,
,,,,,,,Edmund Dulac,,,,,,,,,,,,,,,,,,,,,,,,,,,,
,,,,,,,Edoardo Tresoldi,,,,,,,,,,,,,,,,,,,,,,,,,,,,
,,,,,,,Edogawa Ranpo,,,,,,,,,,,,,,,,,,,,,,,,,,,,
,,,,,,,Eduard Cortes,,,,,,,,,,,,,,,,,,,,,,,,,,,,
,,,,,,,Eduard Gaertner,,,,,,,,,,,,,,,,,,,,,,,,,,,,
,,,,,,,Edvard Munch,,,,,,,,,,,,,,,,,,,,,,,,,,,,
,,,,,,,Edward Bawden,,,,,,,,,,,,,,,,,,,,,,,,,,,,
,,,,,,,Edward Julius Detmold,,,,,,,,,,,,,,,,,,,,,,,,,,,,
,,,,,,,Edward Okun,,,,,,,,,,,,,,,,,,,,,,,,,,,,
,,,,,,,Edwin Austin Abbey,,,,,,,,,,,,,,,,,,,,,,,,,,,,
,,,,,,,Edwin Henry Landseer,,,,,,,,,,,,,,,,,,,,,,,,,,,,
,,,,,,,Edwin Lord Weeks,,,,,,,,,,,,,,,,,,,,,,,,,,,,
,,,,,,,Eiko ishioka,,,,,,,,,,,,,,,,,,,,,,,,,,,,
,,,,,,,Eiko Ojala,,,,,,,,,,,,,,,,,,,,,,,,,,,,
,,,,,,,Eileen Agar,,,,,,,,,,,,,,,,,,,,,,,,,,,,
,,,,,,,Einer Johansen,,,,,,,,,,,,,,,,,,,,,,,,,,,,
,,,,,,,El Anatsui,,,,,,,,,,,,,,,,,,,,,,,,,,,,
,,,,,,,El Lissitzky,,,,,,,,,,,,,,,,,,,,,,,,,,,,
,,,,,,,Elaine de Kooning,,,,,,,,,,,,,,,,,,,,,,,,,,,,
,,,,,,,Elba Damast,,,,,,,,,,,,,,,,,,,,,,,,,,,,
,,,,,,,Elenore Abbott,,,,,,,,,,,,,,,,,,,,,,,,,,,,
,,,,,,,Eliseu Visconti,,,,,,,,,,,,,,,,,,,,,,,,,,,,
,,,,,,,Elizabeth Gadd,,,,,,,,,,,,,,,,,,,,,,,,,,,,
,,,,,,,Ellen Jewett,,,,,,,,,,,,,,,,,,,,,,,,,,,,
,,,,,,,Elsa Beskow,,,,,,,,,,,,,,,,,,,,,,,,,,,,
,,,,,,,Elsie Driggs,,,,,,,,,,,,,,,,,,,,,,,,,,,,
,,,,,,,Emil Alzamora,,,,,,,,,,,,,,,,,,,,,,,,,,,,
,,,,,,,Emil Ferris,,,,,,,,,,,,,,,,,,,,,,,,,,,,
,,,,,,,Emile Bernard,,,,,,,,,,,,,,,,,,,,,,,,,,,,
,,,,,,,Emile Galle,,,,,,,,,,,,,,,,,,,,,,,,,,,,
,,,,,,,Emily Balivet,,,,,,,,,,,,,,,,,,,,,,,,,,,,
,,,,,,,Emmanuel de Critz,,,,,,,,,,,,,,,,,,,,,,,,,,,,
,,,,,,,Emmy Bridgwater,,,,,,,,,,,,,,,,,,,,,,,,,,,,
,,,,,,,Enki Bilal,,,,,,,,,,,,,,,,,,,,,,,,,,,,
,,,,,,,Enoch Bolles,,,,,,,,,,,,,,,,,,,,,,,,,,,,
,,,,,,,Enrique Tbara,,,,,,,,,,,,,,,,,,,,,,,,,,,,
,,,,,,,Ephraim Moses Lilien,,,,,,,,,,,,,,,,,,,,,,,,,,,,
,,,,,,,Eric Canete,,,,,,,,,,,,,,,,,,,,,,,,,,,,
,,,,,,,Eric Carle,,,,,,,,,,,,,,,,,,,,,,,,,,,,
,,,,,,,Eric Deschamps,,,,,,,,,,,,,,,,,,,,,,,,,,,,
,,,,,,,Eric Fischl,,,,,,,,,,,,,,,,,,,,,,,,,,,,
,,,,,,,Eric Wallis,,,,,,,,,,,,,,,,,,,,,,,,,,,,
,,,,,,,Erik Johansson,,,,,,,,,,,,,,,,,,,,,,,,,,,,
,,,,,,,Erik Jones,,,,,,,,,,,,,,,,,,,,,,,,,,,,
,,,,,,,Ernest Zacharevic,,,,,,,,,,,,,,,,,,,,,,,,,,,,
,,,,,,,Ernesto Neto,,,,,,,,,,,,,,,,,,,,,,,,,,,,
,,,,,,,Ernie Barnes,,,,,,,,,,,,,,,,,,,,,,,,,,,,
,,,,,,,Ernst Barlach,,,,,,,,,,,,,,,,,,,,,,,,,,,,
,,,,,,,Ernst Fuchs,,,,,,,,,,,,,,,,,,,,,,,,,,,,
,,,,,,,Ernst Haas,,,,,,,,,,,,,,,,,,,,,,,,,,,,
,,,,,,,Ernst Haeckel,,,,,,,,,,,,,,,,,,,,,,,,,,,,
,,,,,,,Ernst Ludwig Kirchner,,,,,,,,,,,,,,,,,,,,,,,,,,,,
,,,,,,,Ernst Wilhelm Nay,,,,,,,,,,,,,,,,,,,,,,,,,,,,
,,,,,,,Erol Otus,,,,,,,,,,,,,,,,,,,,,,,,,,,,
,,,,,,,Erwin Blumenfeld,,,,,,,,,,,,,,,,,,,,,,,,,,,,
,,,,,,,Esao Andrews,,,,,,,,,,,,,,,,,,,,,,,,,,,,
,,,,,,,Esteban Vicente,,,,,,,,,,,,,,,,,,,,,,,,,,,,
,,,,,,,Etel Adnan,,,,,,,,,,,,,,,,,,,,,,,,,,,,
,,,,,,,Eugene Galien Laloue,,,,,,,,,,,,,,,,,,,,,,,,,,,,
,,,,,,,Eugene Girardet,,,,,,,,,,,,,,,,,,,,,,,,,,,,
,,,,,,,Eugene von Guerard,,,,,,,,,,,,,,,,,,,,,,,,,,,,
,,,,,,,Eugne Atget,,,,,,,,,,,,,,,,,,,,,,,,,,,,
,,,,,,,Eugne Boudin,,,,,,,,,,,,,,,,,,,,,,,,,,,,
,,,,,,,Eugne Giraud,,,,,,,,,,,,,,,,,,,,,,,,,,,,
,,,,,,,Eugne Grasset,,,,,,,,,,,,,,,,,,,,,,,,,,,,
,,,,,,,Eustache Le Sueur,,,,,,,,,,,,,,,,,,,,,,,,,,,,
,,,,,,,Eva Hesse,,,,,,,,,,,,,,,,,,,,,,,,,,,,
,,,,,,,Eva Rothschild,,,,,,,,,,,,,,,,,,,,,,,,,,,,
,,,,,,,Evelyn De Morgan,,,,,,,,,,,,,,,,,,,,,,,,,,,,
,,,,,,,Evelyn Dunbar,,,,,,,,,,,,,,,,,,,,,,,,,,,,
,,,,,,,Even Mehl Amundsen,,,,,,,,,,,,,,,,,,,,,,,,,,,,
,,,,,,,Eyvind Earle,,,,,,,,,,,,,,,,,,,,,,,,,,,,
,,,,,,,Fabian Perez,,,,,,,,,,,,,,,,,,,,,,,,,,,,
,,,,,,,Farel Dalrymple,,,,,,,,,,,,,,,,,,,,,,,,,,,,
,,,,,,,Fenghua Zhong,,,,,,,,,,,,,,,,,,,,,,,,,,,,
,,,,,,,Ferdinand du Puigaudeau,,,,,,,,,,,,,,,,,,,,,,,,,,,,
,,,,,,,Ferdinand Hodler,,,,,,,,,,,,,,,,,,,,,,,,,,,,
,,,,,,,Ferdinand Keller,,,,,,,,,,,,,,,,,,,,,,,,,,,,
,,,,,,,Ferdinand Knab,,,,,,,,,,,,,,,,,,,,,,,,,,,,
,,,,,,,Ferenc Pinter,,,,,,,,,,,,,,,,,,,,,,,,,,,,
,,,,,,,Fern Isabel Coppedge,,,,,,,,,,,,,,,,,,,,,,,,,,,,
,,,,,,,Fernand Cormon,,,,,,,,,,,,,,,,,,,,,,,,,,,,
,,,,,,,Fernand Fonssagrives,,,,,,,,,,,,,,,,,,,,,,,,,,,,
,,,,,,,Fernand Khnopff,,,,,,,,,,,,,,,,,,,,,,,,,,,,
,,,,,,,Fernand Leger,,,,,,,,,,,,,,,,,,,,,,,,,,,,
,,,,,,,Fernand Toussaint,,,,,,,,,,,,,,,,,,,,,,,,,,,,
,,,,,,,Fernando Amorsolo,,,,,,,,,,,,,,,,,,,,,,,,,,,,
,,,,,,,Fernando Botero,,,,,,,,,,,,,,,,,,,,,,,,,,,,
,,,,,,,Ferris Plock,,,,,,,,,,,,,,,,,,,,,,,,,,,,
,,,,,,,Filip Hodas,,,,,,,,,,,,,,,,,,,,,,,,,,,,
,,,,,,,Filippino Lippi,,,,,,,,,,,,,,,,,,,,,,,,,,,,
,,,,,,,Filippo Brunelleschi,,,,,,,,,,,,,,,,,,,,,,,,,,,,
,,,,,,,Fintan Magee,,,,,,,,,,,,,,,,,,,,,,,,,,,,
,,,,,,,Firmin Baes,,,,,,,,,,,,,,,,,,,,,,,,,,,,
,,,,,,,Florianne Becker,,,,,,,,,,,,,,,,,,,,,,,,,,,,
,,,,,,,Floris Arntzenius,,,,,,,,,,,,,,,,,,,,,,,,,,,,
,,,,,,,Floris Jespers,,,,,,,,,,,,,,,,,,,,,,,,,,,,
,,,,,,,Fra Angelico,,,,,,,,,,,,,,,,,,,,,,,,,,,,
,,,,,,,Francesco Albani,,,,,,,,,,,,,,,,,,,,,,,,,,,,
,,,,,,,Francesco Borromini,,,,,,,,,,,,,,,,,,,,,,,,,,,,
,,,,,,,Francesco Guardi,,,,,,,,,,,,,,,,,,,,,,,,,,,,
,,,,,,,Francis Bacon,,,,,,,,,,,,,,,,,,,,,,,,,,,,
,,,,,,,Francis Picabia,,,,,,,,,,,,,,,,,,,,,,,,,,,,
,,,,,,,Francois De Nome,,,,,,,,,,,,,,,,,,,,,,,,,,,,
,,,,,,,Francoise Basset,,,,,,,,,,,,,,,,,,,,,,,,,,,,
,,,,,,,Frank Cadogan Cowper,,,,,,,,,,,,,,,,,,,,,,,,,,,,
,,,,,,,Frank Frazetta,,,,,,,,,,,,,,,,,,,,,,,,,,,,
,,,,,,,Frank Lloyd Wright,,,,,,,,,,,,,,,,,,,,,,,,,,,,
,,,,,,,Frank Miller,,,,,,,,,,,,,,,,,,,,,,,,,,,,
,,,,,,,Frank Montague Moore,,,,,,,,,,,,,,,,,,,,,,,,,,,,
,,,,,,,Frank Quitely,,,,,,,,,,,,,,,,,,,,,,,,,,,,
,,,,,,,Frank Stella,,,,,,,,,,,,,,,,,,,,,,,,,,,,
,,,,,,,Frank Thorne,,,,,,,,,,,,,,,,,,,,,,,,,,,,
,,,,,,,Frank Weston Benson,,,,,,,,,,,,,,,,,,,,,,,,,,,,
,,,,,,,Frank Xavier Leyendecker,,,,,,,,,,,,,,,,,,,,,,,,,,,,
,,,,,,,Franklin Booth,,,,,,,,,,,,,,,,,,,,,,,,,,,,
,,,,,,,Franklin Carmichael,,,,,,,,,,,,,,,,,,,,,,,,,,,,
,,,,,,,Franois Boquet,,,,,,,,,,,,,,,,,,,,,,,,,,,,
,,,,,,,Frans Floris,,,,,,,,,,,,,,,,,,,,,,,,,,,,
,,,,,,,Frans Hals,,,,,,,,,,,,,,,,,,,,,,,,,,,,
,,,,,,,Frans Snyders,,,,,,,,,,,,,,,,,,,,,,,,,,,,
,,,,,,,Frantiek Dvok,,,,,,,,,,,,,,,,,,,,,,,,,,,,
,,,,,,,Frantisek Kupka,,,,,,,,,,,,,,,,,,,,,,,,,,,,
,,,,,,,Franz Kline,,,,,,,,,,,,,,,,,,,,,,,,,,,,
,,,,,,,Franz Lefler,,,,,,,,,,,,,,,,,,,,,,,,,,,,
,,,,,,,Fred Calleri,,,,,,,,,,,,,,,,,,,,,,,,,,,,
,,,,,,,Frederic Bazille,,,,,,,,,,,,,,,,,,,,,,,,,,,,
,,,,,,,Frederic Fiebig,,,,,,,,,,,,,,,,,,,,,,,,,,,,
,,,,,,,Frederick Arthur Verner,,,,,,,,,,,,,,,,,,,,,,,,,,,,
,,,,,,,Frederick Judd Waugh,,,,,,,,,,,,,,,,,,,,,,,,,,,,
,,,,,,,Frida Kahlo,,,,,,,,,,,,,,,,,,,,,,,,,,,,
,,,,,,,Friedensreich Regentag Dunkelbunt Hundertwasser,,,,,,,,,,,,,,,,,,,,,,,,,,,,
,,,,,,,Gabriel Pacheco,,,,,,,,,,,,,,,,,,,,,,,,,,,,
,,,,,,,Gabriele Munter,,,,,,,,,,,,,,,,,,,,,,,,,,,,
,,,,,,,Gabriele Viertel,,,,,,,,,,,,,,,,,,,,,,,,,,,,
,,,,,,,Gaetano Pesce,,,,,,,,,,,,,,,,,,,,,,,,,,,,
,,,,,,,Gary Baseman,,,,,,,,,,,,,,,,,,,,,,,,,,,,
,,,,,,,Gary Bunt,,,,,,,,,,,,,,,,,,,,,,,,,,,,
,,,,,,,Gary Larson,,,,,,,,,,,,,,,,,,,,,,,,,,,,
,,,,,,,Gemma Correll,,,,,,,,,,,,,,,,,,,,,,,,,,,,
,,,,,,,Geof Darrow,,,,,,,,,,,,,,,,,,,,,,,,,,,,
,,,,,,,Geoff Johns,,,,,,,,,,,,,,,,,,,,,,,,,,,,
,,,,,,,Georg Baselitz,,,,,,,,,,,,,,,,,,,,,,,,,,,,
,,,,,,,Georg Jensen,,,,,,,,,,,,,,,,,,,,,,,,,,,,
,,,,,,,George Barbier,,,,,,,,,,,,,,,,,,,,,,,,,,,,
,,,,,,,George Bellows,,,,,,,,,,,,,,,,,,,,,,,,,,,,
,,,,,,,George Biddle,,,,,,,,,,,,,,,,,,,,,,,,,,,,
,,,,,,,George Birrell,,,,,,,,,,,,,,,,,,,,,,,,,,,,
,,,,,,,George Caleb Bingham,,,,,,,,,,,,,,,,,,,,,,,,,,,,
,,,,,,,George Callaghan,,,,,,,,,,,,,,,,,,,,,,,,,,,,
,,,,,,,George Frederic Watts,,,,,,,,,,,,,,,,,,,,,,,,,,,,
,,,,,,,George Grosz,,,,,,,,,,,,,,,,,,,,,,,,,,,,
,,,,,,,George Lucas,,,,,,,,,,,,,,,,,,,,,,,,,,,,
,,,,,,,George Morland,,,,,,,,,,,,,,,,,,,,,,,,,,,,
,,,,,,,George Perez,,,,,,,,,,,,,,,,,,,,,,,,,,,,
,,,,,,,Georges Braque,,,,,,,,,,,,,,,,,,,,,,,,,,,,
,,,,,,,Georges de La Tour,,,,,,,,,,,,,,,,,,,,,,,,,,,,
,,,,,,,Georges Gimel,,,,,,,,,,,,,,,,,,,,,,,,,,,,
,,,,,,,Georges Lacombe,,,,,,,,,,,,,,,,,,,,,,,,,,,,
,,,,,,,Gerard David,,,,,,,,,,,,,,,,,,,,,,,,,,,,
,,,,,,,Gerd Arntz,,,,,,,,,,,,,,,,,,,,,,,,,,,,
,,,,,,,Gerda Wegener,,,,,,,,,,,,,,,,,,,,,,,,,,,,
,,,,,,,Gerhard Munthe,,,,,,,,,,,,,,,,,,,,,,,,,,,,
,,,,,,,Germaine Dulac,,,,,,,,,,,,,,,,,,,,,,,,,,,,
,,,,,,,Gertrude Abercrombie,,,,,,,,,,,,,,,,,,,,,,,,,,,,
,,,,,,,Ghada Amer,,,,,,,,,,,,,,,,,,,,,,,,,,,,
,,,,,,,Giacomo Balla,,,,,,,,,,,,,,,,,,,,,,,,,,,,
,,,,,,,Gian Lorenzo Bernini,,,,,,,,,,,,,,,,,,,,,,,,,,,,
,,,,,,,Gian Paolo Dulbecco,,,,,,,,,,,,,,,,,,,,,,,,,,,,
,,,,,,,Gifford Beal,,,,,,,,,,,,,,,,,,,,,,,,,,,,
,,,,,,,Gil Elvgren,,,,,,,,,,,,,,,,,,,,,,,,,,,,
,,,,,,,Gilbert Garcin,,,,,,,,,,,,,,,,,,,,,,,,,,,,
,,,,,,,Giorgio Barbarelli da Castelfranco,,,,,,,,,,,,,,,,,,,,,,,,,,,,
,,,,,,,Giorgione,,,,,,,,,,,,,,,,,,,,,,,,,,,,
,,,,,,,Giotto,,,,,,,,,,,,,,,,,,,,,,,,,,,,
,,,,,,,Giovanni Gabriele Cantone,,,,,,,,,,,,,,,,,,,,,,,,,,,,
,,,,,,,Giovanni Nino Costa,,,,,,,,,,,,,,,,,,,,,,,,,,,,
,,,,,,,Giuseppe Camuncoli,,,,,,,,,,,,,,,,,,,,,,,,,,,,
,,,,,,,Giuseppe de Nittis,,,,,,,,,,,,,,,,,,,,,,,,,,,,
,,,,,,,Glen Angus,,,,,,,,,,,,,,,,,,,,,,,,,,,,
,,,,,,,Glen Keane,,,,,,,,,,,,,,,,,,,,,,,,,,,,
,,,,,,,Glenn Fabry,,,,,,,,,,,,,,,,,,,,,,,,,,,,
,,,,,,,Go Nagai,,,,,,,,,,,,,,,,,,,,,,,,,,,,
,,,,,,,Goro Fujita,,,,,,,,,,,,,,,,,,,,,,,,,,,,
,,,,,,,Grandma Moses,,,,,,,,,,,,,,,,,,,,,,,,,,,,
,,,,,,,Grayson Perry,,,,,,,,,,,,,,,,,,,,,,,,,,,,
,,,,,,,Greg Girard,,,,,,,,,,,,,,,,,,,,,,,,,,,,
,,,,,,,Greg Hildebrandt,,,,,,,,,,,,,,,,,,,,,,,,,,,,
,,,,,,,Greg Land,,,,,,,,,,,,,,,,,,,,,,,,,,,,
,,,,,,,Gregoire Guillemin,,,,,,,,,,,,,,,,,,,,,,,,,,,,
,,,,,,,Grzegorz Domaradzki,,,,,,,,,,,,,,,,,,,,,,,,,,,,
,,,,,,,Guercino,,,,,,,,,,,,,,,,,,,,,,,,,,,,
,,,,,,,Guido Borelli da Caluso,,,,,,,,,,,,,,,,,,,,,,,,,,,,
,,,,,,,Gustave Baumann,,,,,,,,,,,,,,,,,,,,,,,,,,,,
,,,,,,,Gustave Caillebotte,,,,,,,,,,,,,,,,,,,,,,,,,,,,
,,,,,,,Gustave Courbet,,,,,,,,,,,,,,,,,,,,,,,,,,,,
,,,,,,,Gustave De Smet,,,,,,,,,,,,,,,,,,,,,,,,,,,,
,,,,,,,Guy Billout,,,,,,,,,,,,,,,,,,,,,,,,,,,,
,,,,,,,Gwen John,,,,,,,,,,,,,,,,,,,,,,,,,,,,
,,,,,,,H,,,,,,,,,,,,,,,,,,,,,,,,,,,,
,,,,,,,Hans Baldung,,,,,,,,,,,,,,,,,,,,,,,,,,,,
,,,,,,,Hans Baluschek,,,,,,,,,,,,,,,,,,,,,,,,,,,,
,,,,,,,Hans Bellmer,,,,,,,,,,,,,,,,,,,,,,,,,,,,
,,,,,,,Hans Christian Andersen,,,,,,,,,,,,,,,,,,,,,,,,,,,,
,,,,,,,Hans Makart,,,,,,,,,,,,,,,,,,,,,,,,,,,,
,,,,,,,Hans Thoma,,,,,,,,,,,,,,,,,,,,,,,,,,,,
,,,,,,,Harmeet_Gabha_art_by_Elisabeth_Vigee_Le_Brun_3c1dc4cd 1eb9 461e bea7 96a4fa35d497,,,,,,,,,,,,,,,,,,,,,,,,,,,,
,,,,,,,Harold Edgerton,,,,,,,,,,,,,,,,,,,,,,,,,,,,
,,,,,,,Harold Gilman,,,,,,,,,,,,,,,,,,,,,,,,,,,,
,,,,,,,Harriet Backer,,,,,,,,,,,,,,,,,,,,,,,,,,,,
,,,,,,,Harriet Lee Merrion,,,,,,,,,,,,,,,,,,,,,,,,,,,,
,,,,,,,Harry Bertoia,,,,,,,,,,,,,,,,,,,,,,,,,,,,
,,,,,,,Harry Callahan,,,,,,,,,,,,,,,,,,,,,,,,,,,,
,,,,,,,Harry Watrous,,,,,,,,,,,,,,,,,,,,,,,,,,,,
,,,,,,,Hashimoto Gaho,,,,,,,,,,,,,,,,,,,,,,,,,,,,
,,,,,,,Hasui Kawase,,,,,,,,,,,,,,,,,,,,,,,,,,,,
,,,,,,,Hayv Kahraman,,,,,,,,,,,,,,,,,,,,,,,,,,,,
,,,,,,,He Jiaying,,,,,,,,,,,,,,,,,,,,,,,,,,,,
,,,,,,,Hector Guimard,,,,,,,,,,,,,,,,,,,,,,,,,,,,
,,,,,,,Heinrich Campendonk,,,,,,,,,,,,,,,,,,,,,,,,,,,,
,,,,,,,Heinrich Kley,,,,,,,,,,,,,,,,,,,,,,,,,,,,
,,,,,,,Helen Allingham,,,,,,,,,,,,,,,,,,,,,,,,,,,,
,,,,,,,Helga Ancher,,,,,,,,,,,,,,,,,,,,,,,,,,,,
,,,,,,,Helio Oiticica,,,,,,,,,,,,,,,,,,,,,,,,,,,,
,,,,,,,Hendrik Weissenbruch,,,,,,,,,,,,,,,,,,,,,,,,,,,,
,,,,,,,Henry Asencio,,,,,,,,,,,,,,,,,,,,,,,,,,,,
,,,,,,,Henry Darger,,,,,,,,,,,,,,,,,,,,,,,,,,,,
,,,,,,,Henry Fuseli,,,,,,,,,,,,,,,,,,,,,,,,,,,,
,,,,,,,Herbert Bayer,,,,,,,,,,,,,,,,,,,,,,,,,,,,
,,,,,,,Herve Guibert,,,,,,,,,,,,,,,,,,,,,,,,,,,,
,,,,,,,Hieronymus Bosch,,,,,,,,,,,,,,,,,,,,,,,,,,,,
,,,,,,,Hilma af Klint,,,,,,,,,,,,,,,,,,,,,,,,,,,,
,,,,,,,Hirohiko Araki,,,,,,,,,,,,,,,,,,,,,,,,,,,,
,,,,,,,Hiromu Arakawa,,,,,,,,,,,,,,,,,,,,,,,,,,,,
,,,,,,,Hiroshi Nagai,,,,,,,,,,,,,,,,,,,,,,,,,,,,
,,,,,,,Hiroshi Yoshida,,,,,,,,,,,,,,,,,,,,,,,,,,,,
,,,,,,,Honore Daumier,,,,,,,,,,,,,,,,,,,,,,,,,,,,
,,,,,,,Hope Gangloff,,,,,,,,,,,,,,,,,,,,,,,,,,,,
,,,,,,,Horace Vernet,,,,,,,,,,,,,,,,,,,,,,,,,,,,
,,,,,,,Horia Bernea,,,,,,,,,,,,,,,,,,,,,,,,,,,,
,,,,,,,Howard Finster,,,,,,,,,,,,,,,,,,,,,,,,,,,,
,,,,,,,Huang Guangjian,,,,,,,,,,,,,,,,,,,,,,,,,,,,
,,,,,,,Hugh Ferriss,,,,,,,,,,,,,,,,,,,,,,,,,,,,
,,,,,,,Iain Faulkner,,,,,,,,,,,,,,,,,,,,,,,,,,,,
,,,,,,,Ian Davenport,,,,,,,,,,,,,,,,,,,,,,,,,,,,
,,,,,,,Ian McQue,,,,,,,,,,,,,,,,,,,,,,,,,,,,
,,,,,,,Iber Camargo,,,,,,,,,,,,,,,,,,,,,,,,,,,,
,,,,,,,Ichiro Fukuzawa,,,,,,,,,,,,,,,,,,,,,,,,,,,,
,,,,,,,Ilse Bing,,,,,,,,,,,,,,,,,,,,,,,,,,,,
,,,,,,,Ilya Kuvshinov,,,,,,,,,,,,,,,,,,,,,,,,,,,,
,,,,,,,Ingrid Endel,,,,,,,,,,,,,,,,,,,,,,,,,,,,
,,,,,,,Inio Asano,,,,,,,,,,,,,,,,,,,,,,,,,,,,
,,,,,,,Isaac Grunewald,,,,,,,,,,,,,,,,,,,,,,,,,,,,
,,,,,,,Ivan Aivazovsky,,,,,,,,,,,,,,,,,,,,,,,,,,,,
,,,,,,,Ivan Albright,,,,,,,,,,,,,,,,,,,,,,,,,,,,
,,,,,,,Ivan Bilibin,,,,,,,,,,,,,,,,,,,,,,,,,,,,
,,,,,,,J,,,,,,,,,,,,,,,,,,,,,,,,,,,,
,,,,,,,Jacek Malczewski,,,,,,,,,,,,,,,,,,,,,,,,,,,,
,,,,,,,Jack Gaughan,,,,,,,,,,,,,,,,,,,,,,,,,,,,
,,,,,,,Jack Vettriano,,,,,,,,,,,,,,,,,,,,,,,,,,,,
,,,,,,,Jacopo Bassano,,,,,,,,,,,,,,,,,,,,,,,,,,,,
,,,,,,,Jacques Bellange,,,,,,,,,,,,,,,,,,,,,,,,,,,,
,,,,,,,Jacques Firmin Beauvarlet,,,,,,,,,,,,,,,,,,,,,,,,,,,,
,,,,,,,Jacques Henri Lartigue,,,,,,,,,,,,,,,,,,,,,,,,,,,,
,,,,,,,Jacques Laurent Agasse,,,,,,,,,,,,,,,,,,,,,,,,,,,,
,,,,,,,Jacques Louis David,,,,,,,,,,,,,,,,,,,,,,,,,,,,
,,,,,,,Jacques Villon,,,,,,,,,,,,,,,,,,,,,,,,,,,,
,,,,,,,Jaime Jasso,,,,,,,,,,,,,,,,,,,,,,,,,,,,
,,,,,,,James Gillray,,,,,,,,,,,,,,,,,,,,,,,,,,,,
,,,,,,,James Paick,,,,,,,,,,,,,,,,,,,,,,,,,,,,
,,,,,,,James Thomas Watts,,,,,,,,,,,,,,,,,,,,,,,,,,,,
,,,,,,,James Wilson Morrice,,,,,,,,,,,,,,,,,,,,,,,,,,,,
,,,,,,,Jamie Baldridge,,,,,,,,,,,,,,,,,,,,,,,,,,,,
,,,,,,,Jamie McKelvie,,,,,,,,,,,,,,,,,,,,,,,,,,,,
,,,,,,,Jan Berenstain,,,,,,,,,,,,,,,,,,,,,,,,,,,,
,,,,,,,Jan Ditlev,,,,,,,,,,,,,,,,,,,,,,,,,,,,
,,,,,,,Janet Echelman,,,,,,,,,,,,,,,,,,,,,,,,,,,,
,,,,,,,Janine Antoni,,,,,,,,,,,,,,,,,,,,,,,,,,,,
,,,,,,,Jaroslaw Jasnikowski,,,,,,,,,,,,,,,,,,,,,,,,,,,,
,,,,,,,Jasmine Becket Griffith,,,,,,,,,,,,,,,,,,,,,,,,,,,,
,,,,,,,Jason Edmiston,,,,,,,,,,,,,,,,,,,,,,,,,,,,
,,,,,,,Jasper Johns,,,,,,,,,,,,,,,,,,,,,,,,,,,,
,,,,,,,Jay Anacleto,,,,,,,,,,,,,,,,,,,,,,,,,,,,
,,,,,,,Jean Antoine Watteau,,,,,,,,,,,,,,,,,,,,,,,,,,,,
,,,,,,,Jean Baptiste Monge,,,,,,,,,,,,,,,,,,,,,,,,,,,,
,,,,,,,Jean Dubuffet,,,,,,,,,,,,,,,,,,,,,,,,,,,,
,,,,,,,Jean Dupas,,,,,,,,,,,,,,,,,,,,,,,,,,,,
,,,,,,,Jean Fautrier,,,,,,,,,,,,,,,,,,,,,,,,,,,,
,,,,,,,Jean Gabriel Domergue,,,,,,,,,,,,,,,,,,,,,,,,,,,,
,,,,,,,Jean Giraud,,,,,,,,,,,,,,,,,,,,,,,,,,,,
,,,,,,,Jean Honore Fragonard,,,,,,,,,,,,,,,,,,,,,,,,,,,,
,,,,,,,Jean Joseph Benjamin Constant,,,,,,,,,,,,,,,,,,,,,,,,,,,,
,,,,,,,Jean Michel Basquiat,,,,,,,,,,,,,,,,,,,,,,,,,,,,
,,,,,,,Jeannette Guichard Bunel,,,,,,,,,,,,,,,,,,,,,,,,,,,,
,,,,,,,Jeff Danziger,,,,,,,,,,,,,,,,,,,,,,,,,,,,
,,,,,,,Jeff Easley,,,,,,,,,,,,,,,,,,,,,,,,,,,,
,,,,,,,Jeff Keane,,,,,,,,,,,,,,,,,,,,,,,,,,,,
,,,,,,,Jeff Legg,,,,,,,,,,,,,,,,,,,,,,,,,,,,
,,,,,,,Jeff Wall,,,,,,,,,,,,,,,,,,,,,,,,,,,,
,,,,,,,Jeffrey T,,,,,,,,,,,,,,,,,,,,,,,,,,,,
,,,,,,,Jeremy Caniglia,,,,,,,,,,,,,,,,,,,,,,,,,,,,
,,,,,,,Jeremy Dale,,,,,,,,,,,,,,,,,,,,,,,,,,,,
,,,,,,,Jeremy Mann,,,,,,,,,,,,,,,,,,,,,,,,,,,,
,,,,,,,Jessica Drossin,,,,,,,,,,,,,,,,,,,,,,,,,,,,
,,,,,,,Jim Burns,,,,,,,,,,,,,,,,,,,,,,,,,,,,
,,,,,,,Jo Ann Callis,,,,,,,,,,,,,,,,,,,,,,,,,,,,
,,,,,,,Joachim Beuckelaer,,,,,,,,,,,,,,,,,,,,,,,,,,,,
,,,,,,,Joanna Bauck,,,,,,,,,,,,,,,,,,,,,,,,,,,,
,,,,,,,Jody Bergsma,,,,,,,,,,,,,,,,,,,,,,,,,,,,
,,,,,,,Joe Bennett,,,,,,,,,,,,,,,,,,,,,,,,,,,,
,,,,,,,Joe Fenton,,,,,,,,,,,,,,,,,,,,,,,,,,,,
,,,,,,,Johan Christian Dahl,,,,,,,,,,,,,,,,,,,,,,,,,,,,
,,,,,,,Johan Grenier,,,,,,,,,,,,,,,,,,,,,,,,,,,,
,,,,,,,John Atkinson Grimshaw,,,,,,,,,,,,,,,,,,,,,,,,,,,,
,,,,,,,John Baizley,,,,,,,,,,,,,,,,,,,,,,,,,,,,
,,,,,,,John Batho,,,,,,,,,,,,,,,,,,,,,,,,,,,,
,,,,,,,John Bauer,,,,,,,,,,,,,,,,,,,,,,,,,,,,
,,,,,,,John Berkey 1,,,,,,,,,,,,,,,,,,,,,,,,,,,,
,,,,,,,John Berkey,,,,,,,,,,,,,,,,,,,,,,,,,,,,
,,,,,,,John Duncan,,,,,,,,,,,,,,,,,,,,,,,,,,,,
,,,,,,,John Jude Palencar,,,,,,,,,,,,,,,,,,,,,,,,,,,,
,,,,,,,John Larriva,,,,,,,,,,,,,,,,,,,,,,,,,,,,
,,,,,,,John Perceval,,,,,,,,,,,,,,,,,,,,,,,,,,,,
,,,,,,,John Sell Cotman,,,,,,,,,,,,,,,,,,,,,,,,,,,,
,,,,,,,John T,,,,,,,,,,,,,,,,,,,,,,,,,,,,
,,,,,,,John Watkiss,,,,,,,,,,,,,,,,,,,,,,,,,,,,
,,,,,,,John Wayne Gacy,,,,,,,,,,,,,,,,,,,,,,,,,,,,
,,,,,,,Jon J Muth,,,,,,,,,,,,,,,,,,,,,,,,,,,,
,,,,,,,Jonas De Ro,,,,,,,,,,,,,,,,,,,,,,,,,,,,
,,,,,,,Jonathan Lasker,,,,,,,,,,,,,,,,,,,,,,,,,,,,
,,,,,,,Joo Artur da Silva,,,,,,,,,,,,,,,,,,,,,,,,,,,,
,,,,,,,Jose Ladronn,,,,,,,,,,,,,,,,,,,,,,,,,,,,
,,,,,,,Joseba Elorza,,,,,,,,,,,,,,,,,,,,,,,,,,,,
,,,,,,,Josef Albers,,,,,,,,,,,,,,,,,,,,,,,,,,,,
,,,,,,,Josef Capek,,,,,,,,,,,,,,,,,,,,,,,,,,,,
,,,,,,,Joseph Beuys,,,,,,,,,,,,,,,,,,,,,,,,,,,,
,,,,,,,Joseph Cornell,,,,,,,,,,,,,,,,,,,,,,,,,,,,
,,,,,,,Josephine Wall,,,,,,,,,,,,,,,,,,,,,,,,,,,,
,,,,,,,Josh Adamski,,,,,,,,,,,,,,,,,,,,,,,,,,,,
,,,,,,,Juan Gimenez,,,,,,,,,,,,,,,,,,,,,,,,,,,,
,,,,,,,Juan Gris,,,,,,,,,,,,,,,,,,,,,,,,,,,,
,,,,,,,Jules Bastien Lepage,,,,,,,,,,,,,,,,,,,,,,,,,,,,
,,,,,,,Julie Bell,,,,,,,,,,,,,,,,,,,,,,,,,,,,
,,,,,,,Julie Blackmon,,,,,,,,,,,,,,,,,,,,,,,,,,,,
,,,,,,,Julio Larraz,,,,,,,,,,,,,,,,,,,,,,,,,,,,
,,,,,,,Jun Kaneko,,,,,,,,,,,,,,,,,,,,,,,,,,,,
,,,,,,,Junji Ito,,,,,,,,,,,,,,,,,,,,,,,,,,,,
,,,,,,,Junya Watanabe,,,,,,,,,,,,,,,,,,,,,,,,,,,,
,,,,,,,Jusepe de Ribera,,,,,,,,,,,,,,,,,,,,,,,,,,,,
,,,,,,,Justin Gaffrey,,,,,,,,,,,,,,,,,,,,,,,,,,,,
,,,,,,,Karen Wallis,,,,,,,,,,,,,,,,,,,,,,,,,,,,
,,,,,,,Karine Eibatova,,,,,,,,,,,,,,,,,,,,,,,,,,,,
,,,,,,,Karol Bak,,,,,,,,,,,,,,,,,,,,,,,,,,,,
,,,,,,,Kate Beaton,,,,,,,,,,,,,,,,,,,,,,,,,,,,
,,,,,,,Katerina Belkina,,,,,,,,,,,,,,,,,,,,,,,,,,,,
,,,,,,,Katsushika Hokusai,,,,,,,,,,,,,,,,,,,,,,,,,,,,
,,,,,,,Katsushika Oi,,,,,,,,,,,,,,,,,,,,,,,,,,,,
,,,,,,,Kawanabe Kyosai,,,,,,,,,,,,,,,,,,,,,,,,,,,,
,,,,,,,Kazimierz Dbrowski,,,,,,,,,,,,,,,,,,,,,,,,,,,,
,,,,,,,Kazimir Malevich,,,,,,,,,,,,,,,,,,,,,,,,,,,,
,,,,,,,Kazuo Koike,,,,,,,,,,,,,,,,,,,,,,,,,,,,
,,,,,,,Kehinde Wiley,,,,,,,,,,,,,,,,,,,,,,,,,,,,
,,,,,,,Keith Mallett,,,,,,,,,,,,,,,,,,,,,,,,,,,,
,,,,,,,Kelly Freas,,,,,,,,,,,,,,,,,,,,,,,,,,,,
,,,,,,,Kelly McKernan,,,,,,,,,,,,,,,,,,,,,,,,,,,,
,,,,,,,Kelly Vivanco,,,,,,,,,,,,,,,,,,,,,,,,,,,,
,,,,,,,Kengo Kuma,,,,,,,,,,,,,,,,,,,,,,,,,,,,
,,,,,,,Kenne Gregoire,,,,,,,,,,,,,,,,,,,,,,,,,,,,
,,,,,,,Kentaro Miura,,,,,,,,,,,,,,,,,,,,,,,,,,,,
,,,,,,,Kerem Beyit,,,,,,,,,,,,,,,,,,,,,,,,,,,,
,,,,,,,Kieron Gillen,,,,,,,,,,,,,,,,,,,,,,,,,,,,
,,,,,,,Kitagawa Utamaro,,,,,,,,,,,,,,,,,,,,,,,,,,,,
,,,,,,,Koson Ohara,,,,,,,,,,,,,,,,,,,,,,,,,,,,
,,,,,,,Kunio Okawara,,,,,,,,,,,,,,,,,,,,,,,,,,,,
,,,,,,,Kunisada,,,,,,,,,,,,,,,,,,,,,,,,,,,,
,,,,,,,Kuzma Petrov Vodkin,,,,,,,,,,,,,,,,,,,,,,,,,,,,
,,,,,,,Lady Gaga,,,,,,,,,,,,,,,,,,,,,,,,,,,,
,,,,,,,Larry Carlson,,,,,,,,,,,,,,,,,,,,,,,,,,,,
,,,,,,,Larry Fink,,,,,,,,,,,,,,,,,,,,,,,,,,,,
,,,,,,,Laura Makabresku,,,,,,,,,,,,,,,,,,,,,,,,,,,,
,,,,,,,Laure Albin Guillot,,,,,,,,,,,,,,,,,,,,,,,,,,,,
,,,,,,,Lauren Faust,,,,,,,,,,,,,,,,,,,,,,,,,,,,
,,,,,,,Laurie Lipton,,,,,,,,,,,,,,,,,,,,,,,,,,,,
,,,,,,,Lawrence Alma Tadema,,,,,,,,,,,,,,,,,,,,,,,,,,,,
,,,,,,,Lee Bontecou,,,,,,,,,,,,,,,,,,,,,,,,,,,,
,,,,,,,Lee Jeffries,,,,,,,,,,,,,,,,,,,,,,,,,,,,
,,,,,,,Leiji Matsumoto,,,,,,,,,,,,,,,,,,,,,,,,,,,,
,,,,,,,Leon Bakst,,,,,,,,,,,,,,,,,,,,,,,,,,,,
,,,,,,,Leonard Baskin,,,,,,,,,,,,,,,,,,,,,,,,,,,,
,,,,,,,Leonardo da Vinci,,,,,,,,,,,,,,,,,,,,,,,,,,,,
,,,,,,,Leonetto Cappiello,,,,,,,,,,,,,,,,,,,,,,,,,,,,
,,,,,,,Leonid Afremov,,,,,,,,,,,,,,,,,,,,,,,,,,,,
,,,,,,,Leonor Fini,,,,,,,,,,,,,,,,,,,,,,,,,,,,
,,,,,,,Les Edwards,,,,,,,,,,,,,,,,,,,,,,,,,,,,
,,,,,,,Leticia Gillett,,,,,,,,,,,,,,,,,,,,,,,,,,,,
,,,,,,,Lev Lagorio,,,,,,,,,,,,,,,,,,,,,,,,,,,,
,,,,,,,Lewis Morley,,,,,,,,,,,,,,,,,,,,,,,,,,,,
,,,,,,,Li Wei,,,,,,,,,,,,,,,,,,,,,,,,,,,,
,,,,,,,Liam Gillick,,,,,,,,,,,,,,,,,,,,,,,,,,,,
,,,,,,,Lilia Alvarado,,,,,,,,,,,,,,,,,,,,,,,,,,,,
,,,,,,,Lilla Cabot Perry,,,,,,,,,,,,,,,,,,,,,,,,,,,,
,,,,,,,Lillian Bassman,,,,,,,,,,,,,,,,,,,,,,,,,,,,
,,,,,,,Lisa Frank,,,,,,,,,,,,,,,,,,,,,,,,,,,,
,,,,,,,Lorenzo Costa the Elder,,,,,,,,,,,,,,,,,,,,,,,,,,,,
,,,,,,,Lorenzo Costa the Younger,,,,,,,,,,,,,,,,,,,,,,,,,,,,
,,,,,,,Lorser Feitelson,,,,,,,,,,,,,,,,,,,,,,,,,,,,
,,,,,,,Louis Anquetin,,,,,,,,,,,,,,,,,,,,,,,,,,,,
,,,,,,,Louis Faurer,,,,,,,,,,,,,,,,,,,,,,,,,,,,
,,,,,,,Louis Icart,,,,,,,,,,,,,,,,,,,,,,,,,,,,
,,,,,,,Louis Kahn,,,,,,,,,,,,,,,,,,,,,,,,,,,,
,,,,,,,Louis Majorelle,,,,,,,,,,,,,,,,,,,,,,,,,,,,
,,,,,,,Louis Wain,,,,,,,,,,,,,,,,,,,,,,,,,,,,
,,,,,,,Louise Dahl Wolfe,,,,,,,,,,,,,,,,,,,,,,,,,,,,
,,,,,,,Luca Giordano,,,,,,,,,,,,,,,,,,,,,,,,,,,,
,,,,,,,Lucien Clergue,,,,,,,,,,,,,,,,,,,,,,,,,,,,
,,,,,,,Lucio Fontana,,,,,,,,,,,,,,,,,,,,,,,,,,,,
,,,,,,,Lucy Grossmith,,,,,,,,,,,,,,,,,,,,,,,,,,,,
,,,,,,,Ludwig Fahrenkrog,,,,,,,,,,,,,,,,,,,,,,,,,,,,
,,,,,,,Luke Fildes,,,,,,,,,,,,,,,,,,,,,,,,,,,,
,,,,,,,Lynd Ward,,,,,,,,,,,,,,,,,,,,,,,,,,,,
,,,,,,,Lynda Barry,,,,,,,,,,,,,,,,,,,,,,,,,,,,
,,,,,,,Lynda Benglis,,,,,,,,,,,,,,,,,,,,,,,,,,,,
,,,,,,,Lyonel Feininger,,,,,,,,,,,,,,,,,,,,,,,,,,,,
,,,,,,,M,,,,,,,,,,,,,,,,,,,,,,,,,,,,
,,,,,,,M,,,,,,,,,,,,,,,,,,,,,,,,,,,,
,,,,,,,Magali Villeneuve 1,,,,,,,,,,,,,,,,,,,,,,,,,,,,
,,,,,,,Magali Villeneuve,,,,,,,,,,,,,,,,,,,,,,,,,,,,
,,,,,,,Magnus Enckell,,,,,,,,,,,,,,,,,,,,,,,,,,,,
,,,,,,,Makoto Aida,,,,,,,,,,,,,,,,,,,,,,,,,,,,
,,,,,,,Makoto Kobayashi,,,,,,,,,,,,,,,,,,,,,,,,,,,,
,,,,,,,Makoto Shinkai,,,,,,,,,,,,,,,,,,,,,,,,,,,,
,,,,,,,Mandy Disher,,,,,,,,,,,,,,,,,,,,,,,,,,,,
,,,,,,,Manjit Bawa,,,,,,,,,,,,,,,,,,,,,,,,,,,,
,,,,,,,Marc Lagrange,,,,,,,,,,,,,,,,,,,,,,,,,,,,
,,,,,,,Marcel Breuer,,,,,,,,,,,,,,,,,,,,,,,,,,,,
,,,,,,,Marek Okon,,,,,,,,,,,,,,,,,,,,,,,,,,,,
,,,,,,,Margaret Keane,,,,,,,,,,,,,,,,,,,,,,,,,,,,
,,,,,,,Maria Lassnig,,,,,,,,,,,,,,,,,,,,,,,,,,,,
,,,,,,,Marie Bashkirtseff,,,,,,,,,,,,,,,,,,,,,,,,,,,,
,,,,,,,Marina Abramovic,,,,,,,,,,,,,,,,,,,,,,,,,,,,
,,,,,,,Marius Borgeaud,,,,,,,,,,,,,,,,,,,,,,,,,,,,
,,,,,,,Mark Brooks,,,,,,,,,,,,,,,,,,,,,,,,,,,,
,,,,,,,Mark Keathley,,,,,,,,,,,,,,,,,,,,,,,,,,,,
,,,,,,,Mark Lague,,,,,,,,,,,,,,,,,,,,,,,,,,,,
,,,,,,,Marlene Dumas,,,,,,,,,,,,,,,,,,,,,,,,,,,,
,,,,,,,Marta Bevacqua,,,,,,,,,,,,,,,,,,,,,,,,,,,,
,,,,,,,Martin Ansin,,,,,,,,,,,,,,,,,,,,,,,,,,,,
,,,,,,,Martin Johnson Heade,,,,,,,,,,,,,,,,,,,,,,,,,,,,
,,,,,,,Martine Johanna,,,,,,,,,,,,,,,,,,,,,,,,,,,,
,,,,,,,Maruja Mallo,,,,,,,,,,,,,,,,,,,,,,,,,,,,
,,,,,,,Maruyama Okyo,,,,,,,,,,,,,,,,,,,,,,,,,,,,
,,,,,,,Mary Anning,,,,,,,,,,,,,,,,,,,,,,,,,,,,
,,,,,,,Mary Beale,,,,,,,,,,,,,,,,,,,,,,,,,,,,
,,,,,,,Mary Fedden,,,,,,,,,,,,,,,,,,,,,,,,,,,,
,,,,,,,Mary Jane Ansell,,,,,,,,,,,,,,,,,,,,,,,,,,,,
,,,,,,,Mati Klarwein,,,,,,,,,,,,,,,,,,,,,,,,,,,,
,,,,,,,Matt Groening,,,,,,,,,,,,,,,,,,,,,,,,,,,,
,,,,,,,Matthew Barney,,,,,,,,,,,,,,,,,,,,,,,,,,,,
,,,,,,,Matthias Grunewald,,,,,,,,,,,,,,,,,,,,,,,,,,,,
,,,,,,,Mattias Adolfsson,,,,,,,,,,,,,,,,,,,,,,,,,,,,
,,,,,,,Maurice de Vlaminck,,,,,,,,,,,,,,,,,,,,,,,,,,,,
,,,,,,,Mauro Picenardi,,,,,,,,,,,,,,,,,,,,,,,,,,,,
,,,,,,,Mckadesinsanity,,,,,,,,,,,,,,,,,,,,,,,,,,,,
,,,,,,,Michael Ancher,,,,,,,,,,,,,,,,,,,,,,,,,,,,
,,,,,,,Michael Borremans,,,,,,,,,,,,,,,,,,,,,,,,,,,,
,,,,,,,Michael Cho,,,,,,,,,,,,,,,,,,,,,,,,,,,,
,,,,,,,Michael Page,,,,,,,,,,,,,,,,,,,,,,,,,,,,
,,,,,,,Michael Whelan,,,,,,,,,,,,,,,,,,,,,,,,,,,,
,,,,,,,Michal Lisowski,,,,,,,,,,,,,,,,,,,,,,,,,,,,
,,,,,,,Mike Allred,,,,,,,,,,,,,,,,,,,,,,,,,,,,
,,,,,,,Mike Campau,,,,,,,,,,,,,,,,,,,,,,,,,,,,
,,,,,,,Mike Dargas,,,,,,,,,,,,,,,,,,,,,,,,,,,,
,,,,,,,Mikhail Larionov,,,,,,,,,,,,,,,,,,,,,,,,,,,,
,,,,,,,Mikko Lagerstedt,,,,,,,,,,,,,,,,,,,,,,,,,,,,
,,,,,,,Miles Aldridge,,,,,,,,,,,,,,,,,,,,,,,,,,,,
,,,,,,,Miles Johnston,,,,,,,,,,,,,,,,,,,,,,,,,,,,
,,,,,,,Miss Aniela,,,,,,,,,,,,,,,,,,,,,,,,,,,,
,,,,,,,Miyamoto Musashi,,,,,,,,,,,,,,,,,,,,,,,,,,,,
,,,,,,,Moosa Al Halyan,,,,,,,,,,,,,,,,,,,,,,,,,,,,
,,,,,,,Morris Hirshfield,,,,,,,,,,,,,,,,,,,,,,,,,,,,
,,,,,,,Moyoco Anno,,,,,,,,,,,,,,,,,,,,,,,,,,,,
,,,,,,,Mrio Eloy,,,,,,,,,,,,,,,,,,,,,,,,,,,,
,,,,,,,Mstislav Dobuzhinsky,,,,,,,,,,,,,,,,,,,,,,,,,,,,
,,,,,,,Nadav Kander,,,,,,,,,,,,,,,,,,,,,,,,,,,,
,,,,,,,Nam June Paik,,,,,,,,,,,,,,,,,,,,,,,,,,,,
,,,,,,,Naomi Okubo,,,,,,,,,,,,,,,,,,,,,,,,,,,,
,,,,,,,Narayan Shridhar Bendre,,,,,,,,,,,,,,,,,,,,,,,,,,,,
,,,,,,,Natalia Drepina,,,,,,,,,,,,,,,,,,,,,,,,,,,,
,,,,,,,Neal Adams,,,,,,,,,,,,,,,,,,,,,,,,,,,,
,,,,,,,Neil Gaiman,,,,,,,,,,,,,,,,,,,,,,,,,,,,
,,,,,,,Neil Welliver,,,,,,,,,,,,,,,,,,,,,,,,,,,,
,,,,,,,Nicholas Hilliard,,,,,,,,,,,,,,,,,,,,,,,,,,,,
,,,,,,,Nick Alm,,,,,,,,,,,,,,,,,,,,,,,,,,,,
,,,,,,,Nickolas Muray,,,,,,,,,,,,,,,,,,,,,,,,,,,,
,,,,,,,Nicole Eisenman,,,,,,,,,,,,,,,,,,,,,,,,,,,,
,,,,,,,Nikolay Makovsky,,,,,,,,,,,,,,,,,,,,,,,,,,,,
,,,,,,,nj discord image gen,,,,,,,,,,,,,,,,,,,,,,,,,,,,
,,,,,,,nj website,,,,,,,,,,,,,,,,,,,,,,,,,,,,
,,,,,,,Nobuyoshi Araki,,,,,,,,,,,,,,,,,,,,,,,,,,,,
,,,,,,,Norah McGuinness,,,,,,,,,,,,,,,,,,,,,,,,,,,,
,,,,,,,Noriyoshi Ohrai,,,,,,,,,,,,,,,,,,,,,,,,,,,,
,,,,,,,Norman Ackroyd,,,,,,,,,,,,,,,,,,,,,,,,,,,,
,,,,,,,Norman Cornish,,,,,,,,,,,,,,,,,,,,,,,,,,,,
,,,,,,,Norman Foster,,,,,,,,,,,,,,,,,,,,,,,,,,,,
,,,,,,,Norris Embry,,,,,,,,,,,,,,,,,,,,,,,,,,,,
,,,,,,,Nusch luard,,,,,,,,,,,,,,,,,,,,,,,,,,,,
,,,,,,,Olive Cotton,,,,,,,,,,,,,,,,,,,,,,,,,,,,
,,,,,,,Oliver Jeffers,,,,,,,,,,,,,,,,,,,,,,,,,,,,
,,,,,,,Oskar Fischinger,,,,,,,,,,,,,,,,,,,,,,,,,,,,
,,,,,,,Oswaldo Guayasamin,,,,,,,,,,,,,,,,,,,,,,,,,,,,
,,,,,,,Otto Muller,,,,,,,,,,,,,,,,,,,,,,,,,,,,
,,,,,,,Pablo Amaringo,,,,,,,,,,,,,,,,,,,,,,,,,,,,
,,,,,,,Pablo Picasso,,,,,,,,,,,,,,,,,,,,,,,,,,,,
,,,,,,,Paolo Veronese,,,,,,,,,,,,,,,,,,,,,,,,,,,,
,,,,,,,Pascale Campion,,,,,,,,,,,,,,,,,,,,,,,,,,,,
,,,,,,,Patrice Murciano,,,,,,,,,,,,,,,,,,,,,,,,,,,,
,,,,,,,Patricia Piccinini,,,,,,,,,,,,,,,,,,,,,,,,,,,,
,,,,,,,Patrick Brown,,,,,,,,,,,,,,,,,,,,,,,,,,,,
,,,,,,,Patrick McHale,,,,,,,,,,,,,,,,,,,,,,,,,,,,
,,,,,,,Patrick Woodroffe,,,,,,,,,,,,,,,,,,,,,,,,,,,,
,,,,,,,Paul Barson,,,,,,,,,,,,,,,,,,,,,,,,,,,,
,,,,,,,Paul Bonner,,,,,,,,,,,,,,,,,,,,,,,,,,,,
,,,,,,,Paul Cadmus,,,,,,,,,,,,,,,,,,,,,,,,,,,,
,,,,,,,Paul Catherall,,,,,,,,,,,,,,,,,,,,,,,,,,,,
,,,,,,,Paul Fusco,,,,,,,,,,,,,,,,,,,,,,,,,,,,
,,,,,,,Paul Gustav Fischer,,,,,,,,,,,,,,,,,,,,,,,,,,,,
,,,,,,,Paul Laffoley,,,,,,,,,,,,,,,,,,,,,,,,,,,,
,,,,,,,Paul Lehr,,,,,,,,,,,,,,,,,,,,,,,,,,,,
,,,,,,,Peder Balke,,,,,,,,,,,,,,,,,,,,,,,,,,,,
,,,,,,,Pedro Bell,,,,,,,,,,,,,,,,,,,,,,,,,,,,
,,,,,,,Pendleton Ward,,,,,,,,,,,,,,,,,,,,,,,,,,,,
,,,,,,,Peter Andrew Jones,,,,,,,,,,,,,,,,,,,,,,,,,,,,
,,,,,,,Peter Bagge,,,,,,,,,,,,,,,,,,,,,,,,,,,,
,,,,,,,Peter Basch,,,,,,,,,,,,,,,,,,,,,,,,,,,,
,,,,,,,Peter Coulson,,,,,,,,,,,,,,,,,,,,,,,,,,,,
,,,,,,,Peter Doig,,,,,,,,,,,,,,,,,,,,,,,,,,,,
,,,,,,,Peter Eisenman,,,,,,,,,,,,,,,,,,,,,,,,,,,,
,,,,,,,Peter Elson,,,,,,,,,,,,,,,,,,,,,,,,,,,,
,,,,,,,Peter Howson,,,,,,,,,,,,,,,,,,,,,,,,,,,,
,,,,,,,Peter Lippmann,,,,,,,,,,,,,,,,,,,,,,,,,,,,
,,,,,,,Petra Cortright,,,,,,,,,,,,,,,,,,,,,,,,,,,,
,,,,,,,Petros Afshar,,,,,,,,,,,,,,,,,,,,,,,,,,,,
,,,,,,,Phil Jimenez,,,,,,,,,,,,,,,,,,,,,,,,,,,,
,,,,,,,Philip Evergood,,,,,,,,,,,,,,,,,,,,,,,,,,,,
,,,,,,,Philip McKay,,,,,,,,,,,,,,,,,,,,,,,,,,,,
,,,,,,,Philippe Druillet,,,,,,,,,,,,,,,,,,,,,,,,,,,,
,,,,,,,Phyllida Barlow,,,,,,,,,,,,,,,,,,,,,,,,,,,,
,,,,,,,Pierre Pellegrini,,,,,,,,,,,,,,,,,,,,,,,,,,,,
,,,,,,,Piet Hein Eek,,,,,,,,,,,,,,,,,,,,,,,,,,,,
,,,,,,,Pieter Aertsen,,,,,,,,,,,,,,,,,,,,,,,,,,,,
,,,,,,,Pino Daeni,,,,,,,,,,,,,,,,,,,,,,,,,,,,
,,,,,,,Pipilotti Rist,,,,,,,,,,,,,,,,,,,,,,,,,,,,
,,,,,,,Pompeo Batoni,,,,,,,,,,,,,,,,,,,,,,,,,,,,
,,,,,,,Prudence Heward,,,,,,,,,,,,,,,,,,,,,,,,,,,,
,,,,,,,PS CreateNew,,,,,,,,,,,,,,,,,,,,,,,,,,,,
,,,,,,,PS Run 1,,,,,,,,,,,,,,,,,,,,,,,,,,,,
,,,,,,,PS Run 2,,,,,,,,,,,,,,,,,,,,,,,,,,,,
,,,,,,,PS Run 3,,,,,,,,,,,,,,,,,,,,,,,,,,,,
,,,,,,,PS Run 4,,,,,,,,,,,,,,,,,,,,,,,,,,,,
,,,,,,,PS Run 5,,,,,,,,,,,,,,,,,,,,,,,,,,,,
,,,,,,,PS Run 6,,,,,,,,,,,,,,,,,,,,,,,,,,,,
,,,,,,,PS Run 7,,,,,,,,,,,,,,,,,,,,,,,,,,,,
,,,,,,,PS SD Sample1,,,,,,,,,,,,,,,,,,,,,,,,,,,,
,,,,,,,PS SD Sample10,,,,,,,,,,,,,,,,,,,,,,,,,,,,
,,,,,,,PS SD Sample11,,,,,,,,,,,,,,,,,,,,,,,,,,,,
,,,,,,,PS SD Sample12,,,,,,,,,,,,,,,,,,,,,,,,,,,,
,,,,,,,PS SD Sample2,,,,,,,,,,,,,,,,,,,,,,,,,,,,
,,,,,,,PS SD Sample3,,,,,,,,,,,,,,,,,,,,,,,,,,,,
,,,,,,,PS SD Sample4,,,,,,,,,,,,,,,,,,,,,,,,,,,,
,,,,,,,PS SD Sample5,,,,,,,,,,,,,,,,,,,,,,,,,,,,
,,,,,,,PS SD Sample6,,,,,,,,,,,,,,,,,,,,,,,,,,,,
,,,,,,,PS SD Sample7,,,,,,,,,,,,,,,,,,,,,,,,,,,,
,,,,,,,PS SD Sample8,,,,,,,,,,,,,,,,,,,,,,,,,,,,
,,,,,,,PS SD Sample9,,,,,,,,,,,,,,,,,,,,,,,,,,,,
,,,,,,,PS UploadVoldemort,,,,,,,,,,,,,,,,,,,,,,,,,,,,
,,,,,,,PS WebUI Result,,,,,,,,,,,,,,,,,,,,,,,,,,,,
,,,,,,,Rafael Albuquerque,,,,,,,,,,,,,,,,,,,,,,,,,,,,
,,,,,,,Raimundo de Madrazo y Garreta,,,,,,,,,,,,,,,,,,,,,,,,,,,,
,,,,,,,Ralph Bakshi,,,,,,,,,,,,,,,,,,,,,,,,,,,,
,,,,,,,Ralph Horsley,,,,,,,,,,,,,,,,,,,,,,,,,,,,
,,,,,,,Ralph McQuarrie,,,,,,,,,,,,,,,,,,,,,,,,,,,,
,,,,,,,Randolph Caldecott,,,,,,,,,,,,,,,,,,,,,,,,,,,,
,,,,,,,Range Murata,,,,,,,,,,,,,,,,,,,,,,,,,,,,
,,,,,,,Raphael Lacoste,,,,,,,,,,,,,,,,,,,,,,,,,,,,
,,,,,,,Rashad Alakbarov,,,,,,,,,,,,,,,,,,,,,,,,,,,,
,,,,,,,Ray Eames,,,,,,,,,,,,,,,,,,,,,,,,,,,,
,,,,,,,Raymond Duchamp Villon,,,,,,,,,,,,,,,,,,,,,,,,,,,,
,,,,,,,Raymond Pettibon,,,,,,,,,,,,,,,,,,,,,,,,,,,,
,,,,,,,Rebecca Guay 1,,,,,,,,,,,,,,,,,,,,,,,,,,,,
,,,,,,,Rebecca Guay,,,,,,,,,,,,,,,,,,,,,,,,,,,,
,,,,,,,Rei Kamoi,,,,,,,,,,,,,,,,,,,,,,,,,,,,
,,,,,,,Ren Hang,,,,,,,,,,,,,,,,,,,,,,,,,,,,
,,,,,,,Rene Lalique,,,,,,,,,,,,,,,,,,,,,,,,,,,,
,,,,,,,Ricardo Bofill,,,,,,,,,,,,,,,,,,,,,,,,,,,,
,,,,,,,Richard Anderson,,,,,,,,,,,,,,,,,,,,,,,,,,,,
,,,,,,,Richard Benning,,,,,,,,,,,,,,,,,,,,,,,,,,,,
,,,,,,,Richard Bergh,,,,,,,,,,,,,,,,,,,,,,,,,,,,
,,,,,,,Richard Billingham,,,,,,,,,,,,,,,,,,,,,,,,,,,,
,,,,,,,Richard Corben,,,,,,,,,,,,,,,,,,,,,,,,,,,,
,,,,,,,Richard Dadd,,,,,,,,,,,,,,,,,,,,,,,,,,,,
,,,,,,,Richard Doyle,,,,,,,,,,,,,,,,,,,,,,,,,,,,
,,,,,,,Richard McGuire,,,,,,,,,,,,,,,,,,,,,,,,,,,,
,,,,,,,Richard Mosse,,,,,,,,,,,,,,,,,,,,,,,,,,,,
,,,,,,,Richard Phillips,,,,,,,,,,,,,,,,,,,,,,,,,,,,
,,,,,,,Richard S,,,,,,,,,,,,,,,,,,,,,,,,,,,,
,,,,,,,Rick Amor,,,,,,,,,,,,,,,,,,,,,,,,,,,,
,,,,,,,Rick Guidice,,,,,,,,,,,,,,,,,,,,,,,,,,,,
,,,,,,,Rick Owens,,,,,,,,,,,,,,,,,,,,,,,,,,,,
,,,,,,,Rinko Kawauchi,,,,,,,,,,,,,,,,,,,,,,,,,,,,
,,,,,,,Rob Guillory,,,,,,,,,,,,,,,,,,,,,,,,,,,,
,,,,,,,Robert Bateman,,,,,,,,,,,,,,,,,,,,,,,,,,,,
,,,,,,,Robert Bechtle,,,,,,,,,,,,,,,,,,,,,,,,,,,,
,,,,,,,Robert Bevan,,,,,,,,,,,,,,,,,,,,,,,,,,,,
,,,,,,,Robert Bissell,,,,,,,,,,,,,,,,,,,,,,,,,,,,
,,,,,,,Robert Campin,,,,,,,,,,,,,,,,,,,,,,,,,,,,
,,,,,,,Robert Gillmor,,,,,,,,,,,,,,,,,,,,,,,,,,,,
,,,,,,,Robert McCall,,,,,,,,,,,,,,,,,,,,,,,,,,,,
,,,,,,,Robert McGinnis,,,,,,,,,,,,,,,,,,,,,,,,,,,,
,,,,,,,Robert Munsch,,,,,,,,,,,,,,,,,,,,,,,,,,,,
,,,,,,,Robert S,,,,,,,,,,,,,,,,,,,,,,,,,,,,
,,,,,,,Roberto Ferri,,,,,,,,,,,,,,,,,,,,,,,,,,,,
,,,,,,,Rodney Matthews,,,,,,,,,,,,,,,,,,,,,,,,,,,,
,,,,,,,Roger de La Fresnaye,,,,,,,,,,,,,,,,,,,,,,,,,,,,
,,,,,,,Roger Dean,,,,,,,,,,,,,,,,,,,,,,,,,,,,
,,,,,,,Roman Vishniac,,,,,,,,,,,,,,,,,,,,,,,,,,,,
,,,,,,,Romare Bearden,,,,,,,,,,,,,,,,,,,,,,,,,,,,
,,,,,,,Ron Arad,,,,,,,,,,,,,,,,,,,,,,,,,,,,
,,,,,,,Ron Embleton,,,,,,,,,,,,,,,,,,,,,,,,,,,,
,,,,,,,Ron Walotsky,,,,,,,,,,,,,,,,,,,,,,,,,,,,
,,,,,,,Ronald Balfour,,,,,,,,,,,,,,,,,,,,,,,,,,,,
,,,,,,,Ruan Jia,,,,,,,,,,,,,,,,,,,,,,,,,,,,
,,,,,,,Rudolph Belarski,,,,,,,,,,,,,,,,,,,,,,,,,,,,
,,,,,,,Rui Palha,,,,,,,,,,,,,,,,,,,,,,,,,,,,
,,,,,,,Russell Dauterman,,,,,,,,,,,,,,,,,,,,,,,,,,,,
,,,,,,,Ruth Bernhard,,,,,,,,,,,,,,,,,,,,,,,,,,,,
,,,,,,,Ryan McGinley,,,,,,,,,,,,,,,,,,,,,,,,,,,,
,,,,,,,Ryohei Fuke,,,,,,,,,,,,,,,,,,,,,,,,,,,,
,,,,,,,Sabbas Apterus,,,,,,,,,,,,,,,,,,,,,,,,,,,,
,,,,,,,Salvador Dali,,,,,,,,,,,,,,,,,,,,,,,,,,,,
,,,,,,,Sam Bosma,,,,,,,,,,,,,,,,,,,,,,,,,,,,
,,,,,,,Sam Gilliam,,,,,,,,,,,,,,,,,,,,,,,,,,,,
,,,,,,,Sam Guay,,,,,,,,,,,,,,,,,,,,,,,,,,,,
,,,,,,,Samuel Peploe,,,,,,,,,,,,,,,,,,,,,,,,,,,,
,,,,,,,Sanford Robinson Gifford,,,,,,,,,,,,,,,,,,,,,,,,,,,,
,,,,,,,Santiago Calatrava,,,,,,,,,,,,,,,,,,,,,,,,,,,,
,,,,,,,Sarah Andersen,,,,,,,,,,,,,,,,,,,,,,,,,,,,
,,,,,,,Sarah Morris,,,,,,,,,,,,,,,,,,,,,,,,,,,,
,,,,,,,Saurabh Jethani,,,,,,,,,,,,,,,,,,,,,,,,,,,,
,,,,,,,scar Domnguez,,,,,,,,,,,,,,,,,,,,,,,,,,,,
,,,,,,,Scott Adams,,,,,,,,,,,,,,,,,,,,,,,,,,,,
,,,,,,,Scott Musgrove,,,,,,,,,,,,,,,,,,,,,,,,,,,,
,,,,,,,Scott Weaver,,,,,,,,,,,,,,,,,,,,,,,,,,,,
,,,,,,,Seb McKinnon,,,,,,,,,,,,,,,,,,,,,,,,,,,,
,,,,,,,Sebastian Errazuriz,,,,,,,,,,,,,,,,,,,,,,,,,,,,
,,,,,,,Sergey Musin,,,,,,,,,,,,,,,,,,,,,,,,,,,,
,,,,,,,Sergio Aragones,,,,,,,,,,,,,,,,,,,,,,,,,,,,
,,,,,,,Sergio Larrain,,,,,,,,,,,,,,,,,,,,,,,,,,,,
,,,,,,,Seth Globepainter,,,,,,,,,,,,,,,,,,,,,,,,,,,,
,,,,,,,Shaun Tan,,,,,,,,,,,,,,,,,,,,,,,,,,,,
,,,,,,,Shepard Fairey,,,,,,,,,,,,,,,,,,,,,,,,,,,,
,,,,,,,Sherree Valentine Daines,,,,,,,,,,,,,,,,,,,,,,,,,,,,
,,,,,,,Sherry Akrami,,,,,,,,,,,,,,,,,,,,,,,,,,,,
,,,,,,,Shigeru Aoki,,,,,,,,,,,,,,,,,,,,,,,,,,,,
,,,,,,,Shinji Aramaki,,,,,,,,,,,,,,,,,,,,,,,,,,,,
,,,,,,,Shuzo Oshimi,,,,,,,,,,,,,,,,,,,,,,,,,,,,
,,,,,,,Signe Vilstrup,,,,,,,,,,,,,,,,,,,,,,,,,,,,
,,,,,,,Silvestro Lega,,,,,,,,,,,,,,,,,,,,,,,,,,,,
,,,,,,,Simon Birch,,,,,,,,,,,,,,,,,,,,,,,,,,,,
,,,,,,,Simon Bisley,,,,,,,,,,,,,,,,,,,,,,,,,,,,
,,,,,,,Simone Bianchi,,,,,,,,,,,,,,,,,,,,,,,,,,,,
,,,,,,,Skottie Young,,,,,,,,,,,,,,,,,,,,,,,,,,,,
,,,,,,,Slim Aarons,,,,,,,,,,,,,,,,,,,,,,,,,,,,
,,,,,,,Sofonisba Anguissola,,,,,,,,,,,,,,,,,,,,,,,,,,,,
,,,,,,,Sopheap Pich,,,,,,,,,,,,,,,,,,,,,,,,,,,,
,,,,,,,Sophie Anderson,,,,,,,,,,,,,,,,,,,,,,,,,,,,
,,,,,,,Stan Berenstain,,,,,,,,,,,,,,,,,,,,,,,,,,,,
,,,,,,,Stealth Mode Add On,,,,,,,,,,,,,,,,,,,,,,,,,,,,
,,,,,,,Stephan Martiniere,,,,,,,,,,,,,,,,,,,,,,,,,,,,
,,,,,,,Stephen Bissette,,,,,,,,,,,,,,,,,,,,,,,,,,,,
,,,,,,,Stephen Darbishire,,,,,,,,,,,,,,,,,,,,,,,,,,,,
,,,,,,,Stephen Gammell,,,,,,,,,,,,,,,,,,,,,,,,,,,,
,,,,,,,Stevan Dohanos,,,,,,,,,,,,,,,,,,,,,,,,,,,,
,,,,,,,Steve Dillon,,,,,,,,,,,,,,,,,,,,,,,,,,,,
,,,,,,,Steve Ditko,,,,,,,,,,,,,,,,,,,,,,,,,,,,
,,,,,,,Steve Hanks,,,,,,,,,,,,,,,,,,,,,,,,,,,,
,,,,,,,Sunil Das,,,,,,,,,,,,,,,,,,,,,,,,,,,,
,,,,,,,Sverre Fehn,,,,,,,,,,,,,,,,,,,,,,,,,,,,
,,,,,,,Syd Mead 1,,,,,,,,,,,,,,,,,,,,,,,,,,,,
,,,,,,,Syd Mead,,,,,,,,,,,,,,,,,,,,,,,,,,,,
,,,,,,,Sylvia Fein,,,,,,,,,,,,,,,,,,,,,,,,,,,,
,,,,,,,Tadao Ando,,,,,,,,,,,,,,,,,,,,,,,,,,,,
,,,,,,,Takashi Murakami,,,,,,,,,,,,,,,,,,,,,,,,,,,,
,,,,,,,Tamara de Lempicka,,,,,,,,,,,,,,,,,,,,,,,,,,,,
,,,,,,,Tara McPherson,,,,,,,,,,,,,,,,,,,,,,,,,,,,
,,,,,,,Taro Okamoto,,,,,,,,,,,,,,,,,,,,,,,,,,,,
,,,,,,,Tarsila do Amaral,,,,,,,,,,,,,,,,,,,,,,,,,,,,
,,,,,,,Tatiana Suarez,,,,,,,,,,,,,,,,,,,,,,,,,,,,
,,,,,,,Terada Katsuya,,,,,,,,,,,,,,,,,,,,,,,,,,,,
,,,,,,,Terry Dodson,,,,,,,,,,,,,,,,,,,,,,,,,,,,
,,,,,,,Teun Hocks,,,,,,,,,,,,,,,,,,,,,,,,,,,,
,,,,,,,Thomas Barbey,,,,,,,,,,,,,,,,,,,,,,,,,,,,
,,,,,,,Thomas Birch,,,,,,,,,,,,,,,,,,,,,,,,,,,,
,,,,,,,Thomas Blackshear,,,,,,,,,,,,,,,,,,,,,,,,,,,,
,,,,,,,Thomas Canty,,,,,,,,,,,,,,,,,,,,,,,,,,,,
,,,,,,,Thomas Dodd,,,,,,,,,,,,,,,,,,,,,,,,,,,,
,,,,,,,Thomas Gainsborough,,,,,,,,,,,,,,,,,,,,,,,,,,,,
,,,,,,,Thomas Hart Benton,,,,,,,,,,,,,,,,,,,,,,,,,,,,
,,,,,,,Tim Okamura,,,,,,,,,,,,,,,,,,,,,,,,,,,,
,,,,,,,Tim White,,,,,,,,,,,,,,,,,,,,,,,,,,,,
,,,,,,,Timothy Easton,,,,,,,,,,,,,,,,,,,,,,,,,,,,
,,,,,,,Todd McFarlane,,,,,,,,,,,,,,,,,,,,,,,,,,,,
,,,,,,,Todd Schorr,,,,,,,,,,,,,,,,,,,,,,,,,,,,
,,,,,,,Tokio Aoyama,,,,,,,,,,,,,,,,,,,,,,,,,,,,
,,,,,,,Tom Bagshaw,,,,,,,,,,,,,,,,,,,,,,,,,,,,
,,,,,,,Tom Bonson,,,,,,,,,,,,,,,,,,,,,,,,,,,,
,,,,,,,Tom Everhart,,,,,,,,,,,,,,,,,,,,,,,,,,,,
,,,,,,,Tom Grummett,,,,,,,,,,,,,,,,,,,,,,,,,,,,
,,,,,,,Tom McGuinness,,,,,,,,,,,,,,,,,,,,,,,,,,,,
,,,,,,,Tom Wanerstrand,,,,,,,,,,,,,,,,,,,,,,,,,,,,
,,,,,,,Tomas Barcelo,,,,,,,,,,,,,,,,,,,,,,,,,,,,
,,,,,,,Tomasz Alen Kopera,,,,,,,,,,,,,,,,,,,,,,,,,,,,
,,,,,,,Tomasz Jedruszek,,,,,,,,,,,,,,,,,,,,,,,,,,,,
,,,,,,,Tomma Abts,,,,,,,,,,,,,,,,,,,,,,,,,,,,
,,,,,,,Tony DiTerlizzi,,,,,,,,,,,,,,,,,,,,,,,,,,,,
,,,,,,,Toshiko Okanoue,,,,,,,,,,,,,,,,,,,,,,,,,,,,
,,,,,,,Tracey Adams,,,,,,,,,,,,,,,,,,,,,,,,,,,,
,,,,,,,Tracey Emin,,,,,,,,,,,,,,,,,,,,,,,,,,,,
,,,,,,,Tristan Eaton,,,,,,,,,,,,,,,,,,,,,,,,,,,,
,,,,,,,Tsutomu Nihei,,,,,,,,,,,,,,,,,,,,,,,,,,,,
,,,,,,,Tyler Edlin,,,,,,,,,,,,,,,,,,,,,,,,,,,,
,,,,,,,Tyler Jacobsen,,,,,,,,,,,,,,,,,,,,,,,,,,,,
,,,,,,,Tyler Walpole,,,,,,,,,,,,,,,,,,,,,,,,,,,,
,,,,,,,Ueda Fumito,,,,,,,,,,,,,,,,,,,,,,,,,,,,
,,,,,,,Uemura Shoen,,,,,,,,,,,,,,,,,,,,,,,,,,,,
,,,,,,,Utagawa Kuniyoshi,,,,,,,,,,,,,,,,,,,,,,,,,,,,
,,,,,,,UX Design Midjourney 001,,,,,,,,,,,,,,,,,,,,,,,,,,,,
,,,,,,,UX Design Midjourney 002,,,,,,,,,,,,,,,,,,,,,,,,,,,,
,,,,,,,UX Design Midjourney 003,,,,,,,,,,,,,,,,,,,,,,,,,,,,
,,,,,,,UX Design Midjourney 004,,,,,,,,,,,,,,,,,,,,,,,,,,,,
,,,,,,,UX Design Midjourney 005,,,,,,,,,,,,,,,,,,,,,,,,,,,,
,,,,,,,UX Design Midjourney 006,,,,,,,,,,,,,,,,,,,,,,,,,,,,
,,,,,,,UX Design Midjourney 007,,,,,,,,,,,,,,,,,,,,,,,,,,,,
,,,,,,,UX Design Midjourney 008,,,,,,,,,,,,,,,,,,,,,,,,,,,,
,,,,,,,UX Design Midjourney 009,,,,,,,,,,,,,,,,,,,,,,,,,,,,
,,,,,,,UX Design Midjourney 010,,,,,,,,,,,,,,,,,,,,,,,,,,,,
,,,,,,,Vanessa Beecroft,,,,,,,,,,,,,,,,,,,,,,,,,,,,
,,,,,,,Vanessa Bell,,,,,,,,,,,,,,,,,,,,,,,,,,,,
,,,,,,,Victor Nizovtsev,,,,,,,,,,,,,,,,,,,,,,,,,,,,
,,,,,,,Vik Muniz,,,,,,,,,,,,,,,,,,,,,,,,,,,,
,,,,,,,Vilhelm Hammershoi,,,,,,,,,,,,,,,,,,,,,,,,,,,,
,,,,,,,Vincent Callebaut 1,,,,,,,,,,,,,,,,,,,,,,,,,,,,
,,,,,,,Vincent Callebaut,,,,,,,,,,,,,,,,,,,,,,,,,,,,
,,,,,,,Vincent Di Fate,,,,,,,,,,,,,,,,,,,,,,,,,,,,
,,,,,,,Virgil Finlay,,,,,,,,,,,,,,,,,,,,,,,,,,,,
,,,,,,,Vito Acconci,,,,,,,,,,,,,,,,,,,,,,,,,,,,
,,,,,,,Vytautas Kairiukstis,,,,,,,,,,,,,,,,,,,,,,,,,,,,
,,,,,,,Wadim Kashin,,,,,,,,,,,,,,,,,,,,,,,,,,,,
,,,,,,,Waino Aaltonen,,,,,,,,,,,,,,,,,,,,,,,,,,,,
,,,,,,,Walt Disney,,,,,,,,,,,,,,,,,,,,,,,,,,,,
,,,,,,,Walter Battiss,,,,,,,,,,,,,,,,,,,,,,,,,,,,
,,,,,,,Walter Ernest Webster,,,,,,,,,,,,,,,,,,,,,,,,,,,,
,,,,,,,Walter Gropius,,,,,,,,,,,,,,,,,,,,,,,,,,,,
,,,,,,,Walter Langley,,,,,,,,,,,,,,,,,,,,,,,,,,,,
,,,,,,,Wangechi Mutu,,,,,,,,,,,,,,,,,,,,,,,,,,,,
,,,,,,,Wassily Kandinsky,,,,,,,,,,,,,,,,,,,,,,,,,,,,
,,,,,,,Wayne Barlowe,,,,,,,,,,,,,,,,,,,,,,,,,,,,
,,,,,,,Wes Benscoter,,,,,,,,,,,,,,,,,,,,,,,,,,,,
,,,,,,,Wifredo Lam,,,,,,,,,,,,,,,,,,,,,,,,,,,,
,,,,,,,Wilhelm Lehmbruck,,,,,,,,,,,,,,,,,,,,,,,,,,,,
,,,,,,,Wilhelmina Barns Graham,,,,,,,,,,,,,,,,,,,,,,,,,,,,
,,,,,,,Wilhelmina Weber Furlong,,,,,,,,,,,,,,,,,,,,,,,,,,,,
,,,,,,,Will Barnet,,,,,,,,,,,,,,,,,,,,,,,,,,,,
,,,,,,,Willem Basse,,,,,,,,,,,,,,,,,,,,,,,,,,,,
,,,,,,,Willem de Kooning,,,,,,,,,,,,,,,,,,,,,,,,,,,,
,,,,,,,Willem Kalf,,,,,,,,,,,,,,,,,,,,,,,,,,,,
,,,,,,,Willi Baumeister,,,,,,,,,,,,,,,,,,,,,,,,,,,,
,,,,,,,William Eggleston,,,,,,,,,,,,,,,,,,,,,,,,,,,,
,,,,,,,William Etty,,,,,,,,,,,,,,,,,,,,,,,,,,,,
,,,,,,,William Faithorne,,,,,,,,,,,,,,,,,,,,,,,,,,,,
,,,,,,,William Gropper,,,,,,,,,,,,,,,,,,,,,,,,,,,,
,,,,,,,William Kay Blacklock,,,,,,,,,,,,,,,,,,,,,,,,,,,,
,,,,,,,William Larkin,,,,,,,,,,,,,,,,,,,,,,,,,,,,
,,,,,,,William Morris,,,,,,,,,,,,,,,,,,,,,,,,,,,,
,,,,,,,William Russell Flint,,,,,,,,,,,,,,,,,,,,,,,,,,,,
,,,,,,,William Wegman,,,,,,,,,,,,,,,,,,,,,,,,,,,,
,,,,,,,Wolfgang Paalen,,,,,,,,,,,,,,,,,,,,,,,,,,,,
,,,,,,,Wu Guanzhong,,,,,,,,,,,,,,,,,,,,,,,,,,,,
,,,,,,,Xu Beihong,,,,,,,,,,,,,,,,,,,,,,,,,,,,
,,,,,,,Xu Bing,,,,,,,,,,,,,,,,,,,,,,,,,,,,
,,,,,,,Yaacov Agam,,,,,,,,,,,,,,,,,,,,,,,,,,,,
,,,,,,,Yasutomo Oka,,,,,,,,,,,,,,,,,,,,,,,,,,,,
,,,,,,,Yigal Ozeri,,,,,,,,,,,,,,,,,,,,,,,,,,,,
,,,,,,,Yoh Nagao,,,,,,,,,,,,,,,,,,,,,,,,,,,,
,,,,,,,Yoshitaka Amano 1,,,,,,,,,,,,,,,,,,,,,,,,,,,,
,,,,,,,Yoshitaka Amano,,,,,,,,,,,,,,,,,,,,,,,,,,,,
,,,,,,,Yoshitoshi Abe,,,,,,,,,,,,,,,,,,,,,,,,,,,,
,,,,,,,Yumihiko Amano,,,,,,,,,,,,,,,,,,,,,,,,,,,,
,,,,,,,Yusuke Murata,,,,,,,,,,,,,,,,,,,,,,,,,,,,
,,,,,,,Zacharias Martin Aagaard,,,,,,,,,,,,,,,,,,,,,,,,,,,,
,,,,,,,Zaha Hadid,,,,,,,,,,,,,,,,,,,,,,,,,,,,
,,,,,,,Zdzislaw Beksinski,,,,,,,,,,,,,,,,,,,,,,,,,,,,
,,,,,,,Zhang Jingna,,,,,,,,,,,,,,,,,,,,,,,,,,,,
,,,,,,,Zhang Kechun,,,,,,,,,,,,,,,,,,,,,,,,,,,,
,,,,,,,Mario Testino,,,,,,,,,,,,,,,,,,,,,,,,,,,,